// 由 tools/gen_test_pattern.py 生成: mode=cross scale=1/16 cascade=9 iface=ttl
// 每行 = {B,G,R} 低16位=R, 地址 = line*40 + px
0fff00000000   // line  0 px  0
0fff00000000   // line  0 px  1
0fff00000000   // line  0 px  2
0fff00000000   // line  0 px  3
0fff00000000   // line  0 px  4
0fff00000000   // line  0 px  5
0fff00000000   // line  0 px  6
0fff00000000   // line  0 px  7
0fff00000000   // line  0 px  8
0fff00000000   // line  0 px  9
0fff00000000   // line  0 px 10
0fff00000000   // line  0 px 11
0fff00000000   // line  0 px 12
0fff00000000   // line  0 px 13
0fff00000000   // line  0 px 14
0fff00000000   // line  0 px 15
0fff00000000   // line  0 px 16
0fff00000000   // line  0 px 17
0fff00000000   // line  0 px 18
0fff00000000   // line  0 px 19
0fff0fff0fff   // line  0 px 20
0fff00000000   // line  0 px 21
0fff00000000   // line  0 px 22
0fff00000000   // line  0 px 23
0fff00000000   // line  0 px 24
0fff00000000   // line  0 px 25
0fff00000000   // line  0 px 26
0fff00000000   // line  0 px 27
0fff00000000   // line  0 px 28
0fff00000000   // line  0 px 29
0fff00000000   // line  0 px 30
0fff00000000   // line  0 px 31
0fff00000000   // line  0 px 32
0fff00000000   // line  0 px 33
0fff00000000   // line  0 px 34
0fff00000000   // line  0 px 35
0fff00000000   // line  0 px 36
0fff00000000   // line  0 px 37
0fff00000000   // line  0 px 38
0fff00000000   // line  0 px 39
0fff00000000   // line  1 px  0
000000000000   // line  1 px  1
000000000000   // line  1 px  2
000000000000   // line  1 px  3
000000000000   // line  1 px  4
000000000000   // line  1 px  5
000000000000   // line  1 px  6
000000000000   // line  1 px  7
000000000000   // line  1 px  8
000000000000   // line  1 px  9
000000000000   // line  1 px 10
000000000000   // line  1 px 11
000000000000   // line  1 px 12
000000000000   // line  1 px 13
000000000000   // line  1 px 14
000000000000   // line  1 px 15
000000000000   // line  1 px 16
000000000000   // line  1 px 17
000000000000   // line  1 px 18
000000000000   // line  1 px 19
0fff0fff0fff   // line  1 px 20
000000000000   // line  1 px 21
000000000000   // line  1 px 22
000000000000   // line  1 px 23
000000000000   // line  1 px 24
000000000000   // line  1 px 25
000000000000   // line  1 px 26
000000000000   // line  1 px 27
000000000000   // line  1 px 28
000000000000   // line  1 px 29
000000000000   // line  1 px 30
000000000000   // line  1 px 31
000000000000   // line  1 px 32
000000000000   // line  1 px 33
000000000000   // line  1 px 34
000000000000   // line  1 px 35
000000000000   // line  1 px 36
000000000000   // line  1 px 37
000000000000   // line  1 px 38
0fff00000000   // line  1 px 39
0fff00000000   // line  2 px  0
000000000000   // line  2 px  1
000000000000   // line  2 px  2
000000000000   // line  2 px  3
000000000000   // line  2 px  4
000000000000   // line  2 px  5
000000000000   // line  2 px  6
000000000000   // line  2 px  7
000000000000   // line  2 px  8
000000000000   // line  2 px  9
000000000000   // line  2 px 10
000000000000   // line  2 px 11
000000000000   // line  2 px 12
000000000000   // line  2 px 13
000000000000   // line  2 px 14
000000000000   // line  2 px 15
000000000000   // line  2 px 16
000000000000   // line  2 px 17
000000000000   // line  2 px 18
000000000000   // line  2 px 19
0fff0fff0fff   // line  2 px 20
000000000000   // line  2 px 21
000000000000   // line  2 px 22
000000000000   // line  2 px 23
000000000000   // line  2 px 24
000000000000   // line  2 px 25
000000000000   // line  2 px 26
000000000000   // line  2 px 27
000000000000   // line  2 px 28
000000000000   // line  2 px 29
000000000000   // line  2 px 30
000000000000   // line  2 px 31
000000000000   // line  2 px 32
000000000000   // line  2 px 33
000000000000   // line  2 px 34
000000000000   // line  2 px 35
000000000000   // line  2 px 36
000000000000   // line  2 px 37
000000000000   // line  2 px 38
0fff00000000   // line  2 px 39
0fff00000000   // line  3 px  0
000000000000   // line  3 px  1
000000000000   // line  3 px  2
000000000000   // line  3 px  3
000000000000   // line  3 px  4
000000000000   // line  3 px  5
000000000000   // line  3 px  6
000000000000   // line  3 px  7
000000000000   // line  3 px  8
000000000000   // line  3 px  9
000000000000   // line  3 px 10
000000000000   // line  3 px 11
000000000000   // line  3 px 12
000000000000   // line  3 px 13
000000000000   // line  3 px 14
000000000000   // line  3 px 15
000000000000   // line  3 px 16
000000000000   // line  3 px 17
000000000000   // line  3 px 18
000000000000   // line  3 px 19
0fff0fff0fff   // line  3 px 20
000000000000   // line  3 px 21
000000000000   // line  3 px 22
000000000000   // line  3 px 23
000000000000   // line  3 px 24
000000000000   // line  3 px 25
000000000000   // line  3 px 26
000000000000   // line  3 px 27
000000000000   // line  3 px 28
000000000000   // line  3 px 29
000000000000   // line  3 px 30
000000000000   // line  3 px 31
000000000000   // line  3 px 32
000000000000   // line  3 px 33
000000000000   // line  3 px 34
000000000000   // line  3 px 35
000000000000   // line  3 px 36
000000000000   // line  3 px 37
000000000000   // line  3 px 38
0fff00000000   // line  3 px 39
0fff00000000   // line  4 px  0
000000000000   // line  4 px  1
000000000000   // line  4 px  2
000000000000   // line  4 px  3
000000000000   // line  4 px  4
000000000000   // line  4 px  5
000000000000   // line  4 px  6
000000000000   // line  4 px  7
000000000000   // line  4 px  8
000000000000   // line  4 px  9
000000000000   // line  4 px 10
000000000000   // line  4 px 11
000000000000   // line  4 px 12
000000000000   // line  4 px 13
000000000000   // line  4 px 14
000000000000   // line  4 px 15
000000000000   // line  4 px 16
000000000000   // line  4 px 17
000000000000   // line  4 px 18
000000000000   // line  4 px 19
0fff0fff0fff   // line  4 px 20
000000000000   // line  4 px 21
000000000000   // line  4 px 22
000000000000   // line  4 px 23
000000000000   // line  4 px 24
000000000000   // line  4 px 25
000000000000   // line  4 px 26
000000000000   // line  4 px 27
000000000000   // line  4 px 28
000000000000   // line  4 px 29
000000000000   // line  4 px 30
000000000000   // line  4 px 31
000000000000   // line  4 px 32
000000000000   // line  4 px 33
000000000000   // line  4 px 34
000000000000   // line  4 px 35
000000000000   // line  4 px 36
000000000000   // line  4 px 37
000000000000   // line  4 px 38
0fff00000000   // line  4 px 39
0fff00000000   // line  5 px  0
000000000000   // line  5 px  1
000000000000   // line  5 px  2
000000000000   // line  5 px  3
000000000000   // line  5 px  4
000000000000   // line  5 px  5
000000000000   // line  5 px  6
000000000000   // line  5 px  7
000000000000   // line  5 px  8
000000000000   // line  5 px  9
000000000000   // line  5 px 10
000000000000   // line  5 px 11
000000000000   // line  5 px 12
000000000000   // line  5 px 13
000000000000   // line  5 px 14
000000000000   // line  5 px 15
000000000000   // line  5 px 16
000000000000   // line  5 px 17
000000000000   // line  5 px 18
000000000000   // line  5 px 19
0fff0fff0fff   // line  5 px 20
000000000000   // line  5 px 21
000000000000   // line  5 px 22
000000000000   // line  5 px 23
000000000000   // line  5 px 24
000000000000   // line  5 px 25
000000000000   // line  5 px 26
000000000000   // line  5 px 27
000000000000   // line  5 px 28
000000000000   // line  5 px 29
000000000000   // line  5 px 30
000000000000   // line  5 px 31
000000000000   // line  5 px 32
000000000000   // line  5 px 33
000000000000   // line  5 px 34
000000000000   // line  5 px 35
000000000000   // line  5 px 36
000000000000   // line  5 px 37
000000000000   // line  5 px 38
0fff00000000   // line  5 px 39
0fff00000000   // line  6 px  0
000000000000   // line  6 px  1
000000000000   // line  6 px  2
000000000000   // line  6 px  3
000000000000   // line  6 px  4
000000000000   // line  6 px  5
000000000000   // line  6 px  6
000000000000   // line  6 px  7
000000000000   // line  6 px  8
000000000000   // line  6 px  9
000000000000   // line  6 px 10
000000000000   // line  6 px 11
000000000000   // line  6 px 12
000000000000   // line  6 px 13
000000000000   // line  6 px 14
000000000000   // line  6 px 15
000000000000   // line  6 px 16
000000000000   // line  6 px 17
000000000000   // line  6 px 18
000000000000   // line  6 px 19
0fff0fff0fff   // line  6 px 20
000000000000   // line  6 px 21
000000000000   // line  6 px 22
000000000000   // line  6 px 23
000000000000   // line  6 px 24
000000000000   // line  6 px 25
000000000000   // line  6 px 26
000000000000   // line  6 px 27
000000000000   // line  6 px 28
000000000000   // line  6 px 29
000000000000   // line  6 px 30
000000000000   // line  6 px 31
000000000000   // line  6 px 32
000000000000   // line  6 px 33
000000000000   // line  6 px 34
000000000000   // line  6 px 35
000000000000   // line  6 px 36
000000000000   // line  6 px 37
000000000000   // line  6 px 38
0fff00000000   // line  6 px 39
0fff00000000   // line  7 px  0
000000000000   // line  7 px  1
000000000000   // line  7 px  2
000000000000   // line  7 px  3
000000000000   // line  7 px  4
000000000000   // line  7 px  5
000000000000   // line  7 px  6
000000000000   // line  7 px  7
000000000000   // line  7 px  8
000000000000   // line  7 px  9
000000000000   // line  7 px 10
000000000000   // line  7 px 11
000000000000   // line  7 px 12
000000000000   // line  7 px 13
000000000000   // line  7 px 14
000000000000   // line  7 px 15
000000000000   // line  7 px 16
000000000000   // line  7 px 17
000000000000   // line  7 px 18
000000000000   // line  7 px 19
0fff0fff0fff   // line  7 px 20
000000000000   // line  7 px 21
000000000000   // line  7 px 22
000000000000   // line  7 px 23
000000000000   // line  7 px 24
000000000000   // line  7 px 25
000000000000   // line  7 px 26
000000000000   // line  7 px 27
000000000000   // line  7 px 28
000000000000   // line  7 px 29
000000000000   // line  7 px 30
000000000000   // line  7 px 31
000000000000   // line  7 px 32
000000000000   // line  7 px 33
000000000000   // line  7 px 34
000000000000   // line  7 px 35
000000000000   // line  7 px 36
000000000000   // line  7 px 37
000000000000   // line  7 px 38
0fff00000000   // line  7 px 39
0fff00000000   // line  8 px  0
000000000000   // line  8 px  1
000000000000   // line  8 px  2
000000000000   // line  8 px  3
000000000000   // line  8 px  4
000000000000   // line  8 px  5
000000000000   // line  8 px  6
000000000000   // line  8 px  7
000000000000   // line  8 px  8
000000000000   // line  8 px  9
000000000000   // line  8 px 10
000000000000   // line  8 px 11
000000000000   // line  8 px 12
000000000000   // line  8 px 13
000000000000   // line  8 px 14
000000000000   // line  8 px 15
000000000000   // line  8 px 16
000000000000   // line  8 px 17
000000000000   // line  8 px 18
000000000000   // line  8 px 19
0fff0fff0fff   // line  8 px 20
000000000000   // line  8 px 21
000000000000   // line  8 px 22
000000000000   // line  8 px 23
000000000000   // line  8 px 24
000000000000   // line  8 px 25
000000000000   // line  8 px 26
000000000000   // line  8 px 27
000000000000   // line  8 px 28
000000000000   // line  8 px 29
000000000000   // line  8 px 30
000000000000   // line  8 px 31
000000000000   // line  8 px 32
000000000000   // line  8 px 33
000000000000   // line  8 px 34
000000000000   // line  8 px 35
000000000000   // line  8 px 36
000000000000   // line  8 px 37
000000000000   // line  8 px 38
0fff00000000   // line  8 px 39
0fff00000000   // line  9 px  0
000000000000   // line  9 px  1
000000000000   // line  9 px  2
000000000000   // line  9 px  3
000000000000   // line  9 px  4
000000000000   // line  9 px  5
000000000000   // line  9 px  6
000000000000   // line  9 px  7
000000000000   // line  9 px  8
000000000000   // line  9 px  9
000000000000   // line  9 px 10
000000000000   // line  9 px 11
000000000000   // line  9 px 12
000000000000   // line  9 px 13
000000000000   // line  9 px 14
000000000000   // line  9 px 15
000000000000   // line  9 px 16
000000000000   // line  9 px 17
000000000000   // line  9 px 18
000000000000   // line  9 px 19
0fff0fff0fff   // line  9 px 20
000000000000   // line  9 px 21
000000000000   // line  9 px 22
000000000000   // line  9 px 23
000000000000   // line  9 px 24
000000000000   // line  9 px 25
000000000000   // line  9 px 26
000000000000   // line  9 px 27
000000000000   // line  9 px 28
000000000000   // line  9 px 29
000000000000   // line  9 px 30
000000000000   // line  9 px 31
000000000000   // line  9 px 32
000000000000   // line  9 px 33
000000000000   // line  9 px 34
000000000000   // line  9 px 35
000000000000   // line  9 px 36
000000000000   // line  9 px 37
000000000000   // line  9 px 38
0fff00000000   // line  9 px 39
0fff00000000   // line 10 px  0
000000000000   // line 10 px  1
000000000000   // line 10 px  2
000000000000   // line 10 px  3
000000000000   // line 10 px  4
000000000000   // line 10 px  5
000000000000   // line 10 px  6
000000000000   // line 10 px  7
000000000000   // line 10 px  8
000000000000   // line 10 px  9
000000000000   // line 10 px 10
000000000000   // line 10 px 11
000000000000   // line 10 px 12
000000000000   // line 10 px 13
000000000000   // line 10 px 14
000000000000   // line 10 px 15
000000000000   // line 10 px 16
000000000000   // line 10 px 17
000000000000   // line 10 px 18
000000000000   // line 10 px 19
0fff0fff0fff   // line 10 px 20
000000000000   // line 10 px 21
000000000000   // line 10 px 22
000000000000   // line 10 px 23
000000000000   // line 10 px 24
000000000000   // line 10 px 25
000000000000   // line 10 px 26
000000000000   // line 10 px 27
000000000000   // line 10 px 28
000000000000   // line 10 px 29
000000000000   // line 10 px 30
000000000000   // line 10 px 31
000000000000   // line 10 px 32
000000000000   // line 10 px 33
000000000000   // line 10 px 34
000000000000   // line 10 px 35
000000000000   // line 10 px 36
000000000000   // line 10 px 37
000000000000   // line 10 px 38
0fff00000000   // line 10 px 39
0fff00000000   // line 11 px  0
000000000000   // line 11 px  1
000000000000   // line 11 px  2
000000000000   // line 11 px  3
000000000000   // line 11 px  4
000000000000   // line 11 px  5
000000000000   // line 11 px  6
000000000000   // line 11 px  7
000000000000   // line 11 px  8
000000000000   // line 11 px  9
000000000000   // line 11 px 10
000000000000   // line 11 px 11
000000000000   // line 11 px 12
000000000000   // line 11 px 13
000000000000   // line 11 px 14
000000000000   // line 11 px 15
000000000000   // line 11 px 16
000000000000   // line 11 px 17
000000000000   // line 11 px 18
000000000000   // line 11 px 19
0fff0fff0fff   // line 11 px 20
000000000000   // line 11 px 21
000000000000   // line 11 px 22
000000000000   // line 11 px 23
000000000000   // line 11 px 24
000000000000   // line 11 px 25
000000000000   // line 11 px 26
000000000000   // line 11 px 27
000000000000   // line 11 px 28
000000000000   // line 11 px 29
000000000000   // line 11 px 30
000000000000   // line 11 px 31
000000000000   // line 11 px 32
000000000000   // line 11 px 33
000000000000   // line 11 px 34
000000000000   // line 11 px 35
000000000000   // line 11 px 36
000000000000   // line 11 px 37
000000000000   // line 11 px 38
0fff00000000   // line 11 px 39
0fff00000000   // line 12 px  0
000000000000   // line 12 px  1
000000000000   // line 12 px  2
000000000000   // line 12 px  3
000000000000   // line 12 px  4
000000000000   // line 12 px  5
000000000000   // line 12 px  6
000000000000   // line 12 px  7
000000000000   // line 12 px  8
000000000000   // line 12 px  9
000000000000   // line 12 px 10
000000000000   // line 12 px 11
000000000000   // line 12 px 12
000000000000   // line 12 px 13
000000000000   // line 12 px 14
000000000000   // line 12 px 15
000000000000   // line 12 px 16
000000000000   // line 12 px 17
000000000000   // line 12 px 18
000000000000   // line 12 px 19
0fff0fff0fff   // line 12 px 20
000000000000   // line 12 px 21
000000000000   // line 12 px 22
000000000000   // line 12 px 23
000000000000   // line 12 px 24
000000000000   // line 12 px 25
000000000000   // line 12 px 26
000000000000   // line 12 px 27
000000000000   // line 12 px 28
000000000000   // line 12 px 29
000000000000   // line 12 px 30
000000000000   // line 12 px 31
000000000000   // line 12 px 32
000000000000   // line 12 px 33
000000000000   // line 12 px 34
000000000000   // line 12 px 35
000000000000   // line 12 px 36
000000000000   // line 12 px 37
000000000000   // line 12 px 38
0fff00000000   // line 12 px 39
0fff00000000   // line 13 px  0
000000000000   // line 13 px  1
000000000000   // line 13 px  2
000000000000   // line 13 px  3
000000000000   // line 13 px  4
000000000000   // line 13 px  5
000000000000   // line 13 px  6
000000000000   // line 13 px  7
000000000000   // line 13 px  8
000000000000   // line 13 px  9
000000000000   // line 13 px 10
000000000000   // line 13 px 11
000000000000   // line 13 px 12
000000000000   // line 13 px 13
000000000000   // line 13 px 14
000000000000   // line 13 px 15
000000000000   // line 13 px 16
000000000000   // line 13 px 17
000000000000   // line 13 px 18
000000000000   // line 13 px 19
0fff0fff0fff   // line 13 px 20
000000000000   // line 13 px 21
000000000000   // line 13 px 22
000000000000   // line 13 px 23
000000000000   // line 13 px 24
000000000000   // line 13 px 25
000000000000   // line 13 px 26
000000000000   // line 13 px 27
000000000000   // line 13 px 28
000000000000   // line 13 px 29
000000000000   // line 13 px 30
000000000000   // line 13 px 31
000000000000   // line 13 px 32
000000000000   // line 13 px 33
000000000000   // line 13 px 34
000000000000   // line 13 px 35
000000000000   // line 13 px 36
000000000000   // line 13 px 37
000000000000   // line 13 px 38
0fff00000000   // line 13 px 39
0fff00000000   // line 14 px  0
000000000000   // line 14 px  1
000000000000   // line 14 px  2
000000000000   // line 14 px  3
000000000000   // line 14 px  4
000000000000   // line 14 px  5
000000000000   // line 14 px  6
000000000000   // line 14 px  7
000000000000   // line 14 px  8
000000000000   // line 14 px  9
000000000000   // line 14 px 10
000000000000   // line 14 px 11
000000000000   // line 14 px 12
000000000000   // line 14 px 13
000000000000   // line 14 px 14
000000000000   // line 14 px 15
000000000000   // line 14 px 16
000000000000   // line 14 px 17
000000000000   // line 14 px 18
000000000000   // line 14 px 19
0fff0fff0fff   // line 14 px 20
000000000000   // line 14 px 21
000000000000   // line 14 px 22
000000000000   // line 14 px 23
000000000000   // line 14 px 24
000000000000   // line 14 px 25
000000000000   // line 14 px 26
000000000000   // line 14 px 27
000000000000   // line 14 px 28
000000000000   // line 14 px 29
000000000000   // line 14 px 30
000000000000   // line 14 px 31
000000000000   // line 14 px 32
000000000000   // line 14 px 33
000000000000   // line 14 px 34
000000000000   // line 14 px 35
000000000000   // line 14 px 36
000000000000   // line 14 px 37
000000000000   // line 14 px 38
0fff00000000   // line 14 px 39
0fff00000000   // line 15 px  0
000000000000   // line 15 px  1
000000000000   // line 15 px  2
000000000000   // line 15 px  3
000000000000   // line 15 px  4
000000000000   // line 15 px  5
000000000000   // line 15 px  6
000000000000   // line 15 px  7
000000000000   // line 15 px  8
000000000000   // line 15 px  9
000000000000   // line 15 px 10
000000000000   // line 15 px 11
000000000000   // line 15 px 12
000000000000   // line 15 px 13
000000000000   // line 15 px 14
000000000000   // line 15 px 15
000000000000   // line 15 px 16
000000000000   // line 15 px 17
000000000000   // line 15 px 18
000000000000   // line 15 px 19
0fff0fff0fff   // line 15 px 20
000000000000   // line 15 px 21
000000000000   // line 15 px 22
000000000000   // line 15 px 23
000000000000   // line 15 px 24
000000000000   // line 15 px 25
000000000000   // line 15 px 26
000000000000   // line 15 px 27
000000000000   // line 15 px 28
000000000000   // line 15 px 29
000000000000   // line 15 px 30
000000000000   // line 15 px 31
000000000000   // line 15 px 32
000000000000   // line 15 px 33
000000000000   // line 15 px 34
000000000000   // line 15 px 35
000000000000   // line 15 px 36
000000000000   // line 15 px 37
000000000000   // line 15 px 38
0fff00000000   // line 15 px 39
0fff00000000   // line 16 px  0
000000000000   // line 16 px  1
000000000000   // line 16 px  2
000000000000   // line 16 px  3
000000000000   // line 16 px  4
000000000000   // line 16 px  5
000000000000   // line 16 px  6
000000000000   // line 16 px  7
000000000000   // line 16 px  8
000000000000   // line 16 px  9
000000000000   // line 16 px 10
000000000000   // line 16 px 11
000000000000   // line 16 px 12
000000000000   // line 16 px 13
000000000000   // line 16 px 14
000000000000   // line 16 px 15
000000000000   // line 16 px 16
000000000000   // line 16 px 17
000000000000   // line 16 px 18
000000000000   // line 16 px 19
0fff0fff0fff   // line 16 px 20
000000000000   // line 16 px 21
000000000000   // line 16 px 22
000000000000   // line 16 px 23
000000000000   // line 16 px 24
000000000000   // line 16 px 25
000000000000   // line 16 px 26
000000000000   // line 16 px 27
000000000000   // line 16 px 28
000000000000   // line 16 px 29
000000000000   // line 16 px 30
000000000000   // line 16 px 31
000000000000   // line 16 px 32
000000000000   // line 16 px 33
000000000000   // line 16 px 34
000000000000   // line 16 px 35
000000000000   // line 16 px 36
000000000000   // line 16 px 37
000000000000   // line 16 px 38
0fff00000000   // line 16 px 39
0fff00000000   // line 17 px  0
000000000000   // line 17 px  1
000000000000   // line 17 px  2
000000000000   // line 17 px  3
000000000000   // line 17 px  4
000000000000   // line 17 px  5
000000000000   // line 17 px  6
000000000000   // line 17 px  7
000000000000   // line 17 px  8
000000000000   // line 17 px  9
000000000000   // line 17 px 10
000000000000   // line 17 px 11
000000000000   // line 17 px 12
000000000000   // line 17 px 13
000000000000   // line 17 px 14
000000000000   // line 17 px 15
000000000000   // line 17 px 16
000000000000   // line 17 px 17
000000000000   // line 17 px 18
000000000000   // line 17 px 19
0fff0fff0fff   // line 17 px 20
000000000000   // line 17 px 21
000000000000   // line 17 px 22
000000000000   // line 17 px 23
000000000000   // line 17 px 24
000000000000   // line 17 px 25
000000000000   // line 17 px 26
000000000000   // line 17 px 27
000000000000   // line 17 px 28
000000000000   // line 17 px 29
000000000000   // line 17 px 30
000000000000   // line 17 px 31
000000000000   // line 17 px 32
000000000000   // line 17 px 33
000000000000   // line 17 px 34
000000000000   // line 17 px 35
000000000000   // line 17 px 36
000000000000   // line 17 px 37
000000000000   // line 17 px 38
0fff00000000   // line 17 px 39
0fff00000000   // line 18 px  0
000000000000   // line 18 px  1
000000000000   // line 18 px  2
000000000000   // line 18 px  3
000000000000   // line 18 px  4
000000000000   // line 18 px  5
000000000000   // line 18 px  6
000000000000   // line 18 px  7
000000000000   // line 18 px  8
000000000000   // line 18 px  9
000000000000   // line 18 px 10
000000000000   // line 18 px 11
000000000000   // line 18 px 12
000000000000   // line 18 px 13
000000000000   // line 18 px 14
000000000000   // line 18 px 15
000000000000   // line 18 px 16
000000000000   // line 18 px 17
000000000000   // line 18 px 18
000000000000   // line 18 px 19
0fff0fff0fff   // line 18 px 20
000000000000   // line 18 px 21
000000000000   // line 18 px 22
000000000000   // line 18 px 23
000000000000   // line 18 px 24
000000000000   // line 18 px 25
000000000000   // line 18 px 26
000000000000   // line 18 px 27
000000000000   // line 18 px 28
000000000000   // line 18 px 29
000000000000   // line 18 px 30
000000000000   // line 18 px 31
000000000000   // line 18 px 32
000000000000   // line 18 px 33
000000000000   // line 18 px 34
000000000000   // line 18 px 35
000000000000   // line 18 px 36
000000000000   // line 18 px 37
000000000000   // line 18 px 38
0fff00000000   // line 18 px 39
0fff00000000   // line 19 px  0
000000000000   // line 19 px  1
000000000000   // line 19 px  2
000000000000   // line 19 px  3
000000000000   // line 19 px  4
000000000000   // line 19 px  5
000000000000   // line 19 px  6
000000000000   // line 19 px  7
000000000000   // line 19 px  8
000000000000   // line 19 px  9
000000000000   // line 19 px 10
000000000000   // line 19 px 11
000000000000   // line 19 px 12
000000000000   // line 19 px 13
000000000000   // line 19 px 14
000000000000   // line 19 px 15
000000000000   // line 19 px 16
000000000000   // line 19 px 17
000000000000   // line 19 px 18
000000000000   // line 19 px 19
0fff0fff0fff   // line 19 px 20
000000000000   // line 19 px 21
000000000000   // line 19 px 22
000000000000   // line 19 px 23
000000000000   // line 19 px 24
000000000000   // line 19 px 25
000000000000   // line 19 px 26
000000000000   // line 19 px 27
000000000000   // line 19 px 28
000000000000   // line 19 px 29
000000000000   // line 19 px 30
000000000000   // line 19 px 31
000000000000   // line 19 px 32
000000000000   // line 19 px 33
000000000000   // line 19 px 34
000000000000   // line 19 px 35
000000000000   // line 19 px 36
000000000000   // line 19 px 37
000000000000   // line 19 px 38
0fff00000000   // line 19 px 39
0fff00000000   // line 20 px  0
000000000000   // line 20 px  1
000000000000   // line 20 px  2
000000000000   // line 20 px  3
000000000000   // line 20 px  4
000000000000   // line 20 px  5
000000000000   // line 20 px  6
000000000000   // line 20 px  7
000000000000   // line 20 px  8
000000000000   // line 20 px  9
000000000000   // line 20 px 10
000000000000   // line 20 px 11
000000000000   // line 20 px 12
000000000000   // line 20 px 13
000000000000   // line 20 px 14
000000000000   // line 20 px 15
000000000000   // line 20 px 16
000000000000   // line 20 px 17
000000000000   // line 20 px 18
000000000000   // line 20 px 19
0fff0fff0fff   // line 20 px 20
000000000000   // line 20 px 21
000000000000   // line 20 px 22
000000000000   // line 20 px 23
000000000000   // line 20 px 24
000000000000   // line 20 px 25
000000000000   // line 20 px 26
000000000000   // line 20 px 27
000000000000   // line 20 px 28
000000000000   // line 20 px 29
000000000000   // line 20 px 30
000000000000   // line 20 px 31
000000000000   // line 20 px 32
000000000000   // line 20 px 33
000000000000   // line 20 px 34
000000000000   // line 20 px 35
000000000000   // line 20 px 36
000000000000   // line 20 px 37
000000000000   // line 20 px 38
0fff00000000   // line 20 px 39
0fff00000000   // line 21 px  0
000000000000   // line 21 px  1
000000000000   // line 21 px  2
000000000000   // line 21 px  3
000000000000   // line 21 px  4
000000000000   // line 21 px  5
000000000000   // line 21 px  6
000000000000   // line 21 px  7
000000000000   // line 21 px  8
000000000000   // line 21 px  9
000000000000   // line 21 px 10
000000000000   // line 21 px 11
000000000000   // line 21 px 12
000000000000   // line 21 px 13
000000000000   // line 21 px 14
000000000000   // line 21 px 15
000000000000   // line 21 px 16
000000000000   // line 21 px 17
000000000000   // line 21 px 18
000000000000   // line 21 px 19
0fff0fff0fff   // line 21 px 20
000000000000   // line 21 px 21
000000000000   // line 21 px 22
000000000000   // line 21 px 23
000000000000   // line 21 px 24
000000000000   // line 21 px 25
000000000000   // line 21 px 26
000000000000   // line 21 px 27
000000000000   // line 21 px 28
000000000000   // line 21 px 29
000000000000   // line 21 px 30
000000000000   // line 21 px 31
000000000000   // line 21 px 32
000000000000   // line 21 px 33
000000000000   // line 21 px 34
000000000000   // line 21 px 35
000000000000   // line 21 px 36
000000000000   // line 21 px 37
000000000000   // line 21 px 38
0fff00000000   // line 21 px 39
0fff0fff0fff   // line 22 px  0
0fff0fff0fff   // line 22 px  1
0fff0fff0fff   // line 22 px  2
0fff0fff0fff   // line 22 px  3
0fff0fff0fff   // line 22 px  4
0fff0fff0fff   // line 22 px  5
0fff0fff0fff   // line 22 px  6
0fff0fff0fff   // line 22 px  7
0fff0fff0fff   // line 22 px  8
0fff0fff0fff   // line 22 px  9
0fff0fff0fff   // line 22 px 10
0fff0fff0fff   // line 22 px 11
0fff0fff0fff   // line 22 px 12
0fff0fff0fff   // line 22 px 13
0fff0fff0fff   // line 22 px 14
0fff0fff0fff   // line 22 px 15
0fff0fff0fff   // line 22 px 16
0fff0fff0fff   // line 22 px 17
0fff0fff0fff   // line 22 px 18
0fff0fff0fff   // line 22 px 19
0fff0fff0fff   // line 22 px 20
0fff0fff0fff   // line 22 px 21
0fff0fff0fff   // line 22 px 22
0fff0fff0fff   // line 22 px 23
0fff0fff0fff   // line 22 px 24
0fff0fff0fff   // line 22 px 25
0fff0fff0fff   // line 22 px 26
0fff0fff0fff   // line 22 px 27
0fff0fff0fff   // line 22 px 28
0fff0fff0fff   // line 22 px 29
0fff0fff0fff   // line 22 px 30
0fff0fff0fff   // line 22 px 31
0fff0fff0fff   // line 22 px 32
0fff0fff0fff   // line 22 px 33
0fff0fff0fff   // line 22 px 34
0fff0fff0fff   // line 22 px 35
0fff0fff0fff   // line 22 px 36
0fff0fff0fff   // line 22 px 37
0fff0fff0fff   // line 22 px 38
0fff0fff0fff   // line 22 px 39
0fff00000000   // line 23 px  0
000000000000   // line 23 px  1
000000000000   // line 23 px  2
000000000000   // line 23 px  3
000000000000   // line 23 px  4
000000000000   // line 23 px  5
000000000000   // line 23 px  6
000000000000   // line 23 px  7
000000000000   // line 23 px  8
000000000000   // line 23 px  9
000000000000   // line 23 px 10
000000000000   // line 23 px 11
000000000000   // line 23 px 12
000000000000   // line 23 px 13
000000000000   // line 23 px 14
000000000000   // line 23 px 15
000000000000   // line 23 px 16
000000000000   // line 23 px 17
000000000000   // line 23 px 18
000000000000   // line 23 px 19
0fff0fff0fff   // line 23 px 20
000000000000   // line 23 px 21
000000000000   // line 23 px 22
000000000000   // line 23 px 23
000000000000   // line 23 px 24
000000000000   // line 23 px 25
000000000000   // line 23 px 26
000000000000   // line 23 px 27
000000000000   // line 23 px 28
000000000000   // line 23 px 29
000000000000   // line 23 px 30
000000000000   // line 23 px 31
000000000000   // line 23 px 32
000000000000   // line 23 px 33
000000000000   // line 23 px 34
000000000000   // line 23 px 35
000000000000   // line 23 px 36
000000000000   // line 23 px 37
000000000000   // line 23 px 38
0fff00000000   // line 23 px 39
0fff00000000   // line 24 px  0
000000000000   // line 24 px  1
000000000000   // line 24 px  2
000000000000   // line 24 px  3
000000000000   // line 24 px  4
000000000000   // line 24 px  5
000000000000   // line 24 px  6
000000000000   // line 24 px  7
000000000000   // line 24 px  8
000000000000   // line 24 px  9
000000000000   // line 24 px 10
000000000000   // line 24 px 11
000000000000   // line 24 px 12
000000000000   // line 24 px 13
000000000000   // line 24 px 14
000000000000   // line 24 px 15
000000000000   // line 24 px 16
000000000000   // line 24 px 17
000000000000   // line 24 px 18
000000000000   // line 24 px 19
0fff0fff0fff   // line 24 px 20
000000000000   // line 24 px 21
000000000000   // line 24 px 22
000000000000   // line 24 px 23
000000000000   // line 24 px 24
000000000000   // line 24 px 25
000000000000   // line 24 px 26
000000000000   // line 24 px 27
000000000000   // line 24 px 28
000000000000   // line 24 px 29
000000000000   // line 24 px 30
000000000000   // line 24 px 31
000000000000   // line 24 px 32
000000000000   // line 24 px 33
000000000000   // line 24 px 34
000000000000   // line 24 px 35
000000000000   // line 24 px 36
000000000000   // line 24 px 37
000000000000   // line 24 px 38
0fff00000000   // line 24 px 39
0fff00000000   // line 25 px  0
000000000000   // line 25 px  1
000000000000   // line 25 px  2
000000000000   // line 25 px  3
000000000000   // line 25 px  4
000000000000   // line 25 px  5
000000000000   // line 25 px  6
000000000000   // line 25 px  7
000000000000   // line 25 px  8
000000000000   // line 25 px  9
000000000000   // line 25 px 10
000000000000   // line 25 px 11
000000000000   // line 25 px 12
000000000000   // line 25 px 13
000000000000   // line 25 px 14
000000000000   // line 25 px 15
000000000000   // line 25 px 16
000000000000   // line 25 px 17
000000000000   // line 25 px 18
000000000000   // line 25 px 19
0fff0fff0fff   // line 25 px 20
000000000000   // line 25 px 21
000000000000   // line 25 px 22
000000000000   // line 25 px 23
000000000000   // line 25 px 24
000000000000   // line 25 px 25
000000000000   // line 25 px 26
000000000000   // line 25 px 27
000000000000   // line 25 px 28
000000000000   // line 25 px 29
000000000000   // line 25 px 30
000000000000   // line 25 px 31
000000000000   // line 25 px 32
000000000000   // line 25 px 33
000000000000   // line 25 px 34
000000000000   // line 25 px 35
000000000000   // line 25 px 36
000000000000   // line 25 px 37
000000000000   // line 25 px 38
0fff00000000   // line 25 px 39
0fff00000000   // line 26 px  0
000000000000   // line 26 px  1
000000000000   // line 26 px  2
000000000000   // line 26 px  3
000000000000   // line 26 px  4
000000000000   // line 26 px  5
000000000000   // line 26 px  6
000000000000   // line 26 px  7
000000000000   // line 26 px  8
000000000000   // line 26 px  9
000000000000   // line 26 px 10
000000000000   // line 26 px 11
000000000000   // line 26 px 12
000000000000   // line 26 px 13
000000000000   // line 26 px 14
000000000000   // line 26 px 15
000000000000   // line 26 px 16
000000000000   // line 26 px 17
000000000000   // line 26 px 18
000000000000   // line 26 px 19
0fff0fff0fff   // line 26 px 20
000000000000   // line 26 px 21
000000000000   // line 26 px 22
000000000000   // line 26 px 23
000000000000   // line 26 px 24
000000000000   // line 26 px 25
000000000000   // line 26 px 26
000000000000   // line 26 px 27
000000000000   // line 26 px 28
000000000000   // line 26 px 29
000000000000   // line 26 px 30
000000000000   // line 26 px 31
000000000000   // line 26 px 32
000000000000   // line 26 px 33
000000000000   // line 26 px 34
000000000000   // line 26 px 35
000000000000   // line 26 px 36
000000000000   // line 26 px 37
000000000000   // line 26 px 38
0fff00000000   // line 26 px 39
0fff00000000   // line 27 px  0
000000000000   // line 27 px  1
000000000000   // line 27 px  2
000000000000   // line 27 px  3
000000000000   // line 27 px  4
000000000000   // line 27 px  5
000000000000   // line 27 px  6
000000000000   // line 27 px  7
000000000000   // line 27 px  8
000000000000   // line 27 px  9
000000000000   // line 27 px 10
000000000000   // line 27 px 11
000000000000   // line 27 px 12
000000000000   // line 27 px 13
000000000000   // line 27 px 14
000000000000   // line 27 px 15
000000000000   // line 27 px 16
000000000000   // line 27 px 17
000000000000   // line 27 px 18
000000000000   // line 27 px 19
0fff0fff0fff   // line 27 px 20
000000000000   // line 27 px 21
000000000000   // line 27 px 22
000000000000   // line 27 px 23
000000000000   // line 27 px 24
000000000000   // line 27 px 25
000000000000   // line 27 px 26
000000000000   // line 27 px 27
000000000000   // line 27 px 28
000000000000   // line 27 px 29
000000000000   // line 27 px 30
000000000000   // line 27 px 31
000000000000   // line 27 px 32
000000000000   // line 27 px 33
000000000000   // line 27 px 34
000000000000   // line 27 px 35
000000000000   // line 27 px 36
000000000000   // line 27 px 37
000000000000   // line 27 px 38
0fff00000000   // line 27 px 39
0fff00000000   // line 28 px  0
000000000000   // line 28 px  1
000000000000   // line 28 px  2
000000000000   // line 28 px  3
000000000000   // line 28 px  4
000000000000   // line 28 px  5
000000000000   // line 28 px  6
000000000000   // line 28 px  7
000000000000   // line 28 px  8
000000000000   // line 28 px  9
000000000000   // line 28 px 10
000000000000   // line 28 px 11
000000000000   // line 28 px 12
000000000000   // line 28 px 13
000000000000   // line 28 px 14
000000000000   // line 28 px 15
000000000000   // line 28 px 16
000000000000   // line 28 px 17
000000000000   // line 28 px 18
000000000000   // line 28 px 19
0fff0fff0fff   // line 28 px 20
000000000000   // line 28 px 21
000000000000   // line 28 px 22
000000000000   // line 28 px 23
000000000000   // line 28 px 24
000000000000   // line 28 px 25
000000000000   // line 28 px 26
000000000000   // line 28 px 27
000000000000   // line 28 px 28
000000000000   // line 28 px 29
000000000000   // line 28 px 30
000000000000   // line 28 px 31
000000000000   // line 28 px 32
000000000000   // line 28 px 33
000000000000   // line 28 px 34
000000000000   // line 28 px 35
000000000000   // line 28 px 36
000000000000   // line 28 px 37
000000000000   // line 28 px 38
0fff00000000   // line 28 px 39
0fff00000000   // line 29 px  0
000000000000   // line 29 px  1
000000000000   // line 29 px  2
000000000000   // line 29 px  3
000000000000   // line 29 px  4
000000000000   // line 29 px  5
000000000000   // line 29 px  6
000000000000   // line 29 px  7
000000000000   // line 29 px  8
000000000000   // line 29 px  9
000000000000   // line 29 px 10
000000000000   // line 29 px 11
000000000000   // line 29 px 12
000000000000   // line 29 px 13
000000000000   // line 29 px 14
000000000000   // line 29 px 15
000000000000   // line 29 px 16
000000000000   // line 29 px 17
000000000000   // line 29 px 18
000000000000   // line 29 px 19
0fff0fff0fff   // line 29 px 20
000000000000   // line 29 px 21
000000000000   // line 29 px 22
000000000000   // line 29 px 23
000000000000   // line 29 px 24
000000000000   // line 29 px 25
000000000000   // line 29 px 26
000000000000   // line 29 px 27
000000000000   // line 29 px 28
000000000000   // line 29 px 29
000000000000   // line 29 px 30
000000000000   // line 29 px 31
000000000000   // line 29 px 32
000000000000   // line 29 px 33
000000000000   // line 29 px 34
000000000000   // line 29 px 35
000000000000   // line 29 px 36
000000000000   // line 29 px 37
000000000000   // line 29 px 38
0fff00000000   // line 29 px 39
0fff00000000   // line 30 px  0
000000000000   // line 30 px  1
000000000000   // line 30 px  2
000000000000   // line 30 px  3
000000000000   // line 30 px  4
000000000000   // line 30 px  5
000000000000   // line 30 px  6
000000000000   // line 30 px  7
000000000000   // line 30 px  8
000000000000   // line 30 px  9
000000000000   // line 30 px 10
000000000000   // line 30 px 11
000000000000   // line 30 px 12
000000000000   // line 30 px 13
000000000000   // line 30 px 14
000000000000   // line 30 px 15
000000000000   // line 30 px 16
000000000000   // line 30 px 17
000000000000   // line 30 px 18
000000000000   // line 30 px 19
0fff0fff0fff   // line 30 px 20
000000000000   // line 30 px 21
000000000000   // line 30 px 22
000000000000   // line 30 px 23
000000000000   // line 30 px 24
000000000000   // line 30 px 25
000000000000   // line 30 px 26
000000000000   // line 30 px 27
000000000000   // line 30 px 28
000000000000   // line 30 px 29
000000000000   // line 30 px 30
000000000000   // line 30 px 31
000000000000   // line 30 px 32
000000000000   // line 30 px 33
000000000000   // line 30 px 34
000000000000   // line 30 px 35
000000000000   // line 30 px 36
000000000000   // line 30 px 37
000000000000   // line 30 px 38
0fff00000000   // line 30 px 39
0fff00000000   // line 31 px  0
000000000000   // line 31 px  1
000000000000   // line 31 px  2
000000000000   // line 31 px  3
000000000000   // line 31 px  4
000000000000   // line 31 px  5
000000000000   // line 31 px  6
000000000000   // line 31 px  7
000000000000   // line 31 px  8
000000000000   // line 31 px  9
000000000000   // line 31 px 10
000000000000   // line 31 px 11
000000000000   // line 31 px 12
000000000000   // line 31 px 13
000000000000   // line 31 px 14
000000000000   // line 31 px 15
000000000000   // line 31 px 16
000000000000   // line 31 px 17
000000000000   // line 31 px 18
000000000000   // line 31 px 19
0fff0fff0fff   // line 31 px 20
000000000000   // line 31 px 21
000000000000   // line 31 px 22
000000000000   // line 31 px 23
000000000000   // line 31 px 24
000000000000   // line 31 px 25
000000000000   // line 31 px 26
000000000000   // line 31 px 27
000000000000   // line 31 px 28
000000000000   // line 31 px 29
000000000000   // line 31 px 30
000000000000   // line 31 px 31
000000000000   // line 31 px 32
000000000000   // line 31 px 33
000000000000   // line 31 px 34
000000000000   // line 31 px 35
000000000000   // line 31 px 36
000000000000   // line 31 px 37
000000000000   // line 31 px 38
0fff00000000   // line 31 px 39
0fff00000000   // line 32 px  0
000000000000   // line 32 px  1
000000000000   // line 32 px  2
000000000000   // line 32 px  3
000000000000   // line 32 px  4
000000000000   // line 32 px  5
000000000000   // line 32 px  6
000000000000   // line 32 px  7
000000000000   // line 32 px  8
000000000000   // line 32 px  9
000000000000   // line 32 px 10
000000000000   // line 32 px 11
000000000000   // line 32 px 12
000000000000   // line 32 px 13
000000000000   // line 32 px 14
000000000000   // line 32 px 15
000000000000   // line 32 px 16
000000000000   // line 32 px 17
000000000000   // line 32 px 18
000000000000   // line 32 px 19
0fff0fff0fff   // line 32 px 20
000000000000   // line 32 px 21
000000000000   // line 32 px 22
000000000000   // line 32 px 23
000000000000   // line 32 px 24
000000000000   // line 32 px 25
000000000000   // line 32 px 26
000000000000   // line 32 px 27
000000000000   // line 32 px 28
000000000000   // line 32 px 29
000000000000   // line 32 px 30
000000000000   // line 32 px 31
000000000000   // line 32 px 32
000000000000   // line 32 px 33
000000000000   // line 32 px 34
000000000000   // line 32 px 35
000000000000   // line 32 px 36
000000000000   // line 32 px 37
000000000000   // line 32 px 38
0fff00000000   // line 32 px 39
0fff00000000   // line 33 px  0
000000000000   // line 33 px  1
000000000000   // line 33 px  2
000000000000   // line 33 px  3
000000000000   // line 33 px  4
000000000000   // line 33 px  5
000000000000   // line 33 px  6
000000000000   // line 33 px  7
000000000000   // line 33 px  8
000000000000   // line 33 px  9
000000000000   // line 33 px 10
000000000000   // line 33 px 11
000000000000   // line 33 px 12
000000000000   // line 33 px 13
000000000000   // line 33 px 14
000000000000   // line 33 px 15
000000000000   // line 33 px 16
000000000000   // line 33 px 17
000000000000   // line 33 px 18
000000000000   // line 33 px 19
0fff0fff0fff   // line 33 px 20
000000000000   // line 33 px 21
000000000000   // line 33 px 22
000000000000   // line 33 px 23
000000000000   // line 33 px 24
000000000000   // line 33 px 25
000000000000   // line 33 px 26
000000000000   // line 33 px 27
000000000000   // line 33 px 28
000000000000   // line 33 px 29
000000000000   // line 33 px 30
000000000000   // line 33 px 31
000000000000   // line 33 px 32
000000000000   // line 33 px 33
000000000000   // line 33 px 34
000000000000   // line 33 px 35
000000000000   // line 33 px 36
000000000000   // line 33 px 37
000000000000   // line 33 px 38
0fff00000000   // line 33 px 39
0fff00000000   // line 34 px  0
000000000000   // line 34 px  1
000000000000   // line 34 px  2
000000000000   // line 34 px  3
000000000000   // line 34 px  4
000000000000   // line 34 px  5
000000000000   // line 34 px  6
000000000000   // line 34 px  7
000000000000   // line 34 px  8
000000000000   // line 34 px  9
000000000000   // line 34 px 10
000000000000   // line 34 px 11
000000000000   // line 34 px 12
000000000000   // line 34 px 13
000000000000   // line 34 px 14
000000000000   // line 34 px 15
000000000000   // line 34 px 16
000000000000   // line 34 px 17
000000000000   // line 34 px 18
000000000000   // line 34 px 19
0fff0fff0fff   // line 34 px 20
000000000000   // line 34 px 21
000000000000   // line 34 px 22
000000000000   // line 34 px 23
000000000000   // line 34 px 24
000000000000   // line 34 px 25
000000000000   // line 34 px 26
000000000000   // line 34 px 27
000000000000   // line 34 px 28
000000000000   // line 34 px 29
000000000000   // line 34 px 30
000000000000   // line 34 px 31
000000000000   // line 34 px 32
000000000000   // line 34 px 33
000000000000   // line 34 px 34
000000000000   // line 34 px 35
000000000000   // line 34 px 36
000000000000   // line 34 px 37
000000000000   // line 34 px 38
0fff00000000   // line 34 px 39
0fff00000000   // line 35 px  0
000000000000   // line 35 px  1
000000000000   // line 35 px  2
000000000000   // line 35 px  3
000000000000   // line 35 px  4
000000000000   // line 35 px  5
000000000000   // line 35 px  6
000000000000   // line 35 px  7
000000000000   // line 35 px  8
000000000000   // line 35 px  9
000000000000   // line 35 px 10
000000000000   // line 35 px 11
000000000000   // line 35 px 12
000000000000   // line 35 px 13
000000000000   // line 35 px 14
000000000000   // line 35 px 15
000000000000   // line 35 px 16
000000000000   // line 35 px 17
000000000000   // line 35 px 18
000000000000   // line 35 px 19
0fff0fff0fff   // line 35 px 20
000000000000   // line 35 px 21
000000000000   // line 35 px 22
000000000000   // line 35 px 23
000000000000   // line 35 px 24
000000000000   // line 35 px 25
000000000000   // line 35 px 26
000000000000   // line 35 px 27
000000000000   // line 35 px 28
000000000000   // line 35 px 29
000000000000   // line 35 px 30
000000000000   // line 35 px 31
000000000000   // line 35 px 32
000000000000   // line 35 px 33
000000000000   // line 35 px 34
000000000000   // line 35 px 35
000000000000   // line 35 px 36
000000000000   // line 35 px 37
000000000000   // line 35 px 38
0fff00000000   // line 35 px 39
0fff00000000   // line 36 px  0
000000000000   // line 36 px  1
000000000000   // line 36 px  2
000000000000   // line 36 px  3
000000000000   // line 36 px  4
000000000000   // line 36 px  5
000000000000   // line 36 px  6
000000000000   // line 36 px  7
000000000000   // line 36 px  8
000000000000   // line 36 px  9
000000000000   // line 36 px 10
000000000000   // line 36 px 11
000000000000   // line 36 px 12
000000000000   // line 36 px 13
000000000000   // line 36 px 14
000000000000   // line 36 px 15
000000000000   // line 36 px 16
000000000000   // line 36 px 17
000000000000   // line 36 px 18
000000000000   // line 36 px 19
0fff0fff0fff   // line 36 px 20
000000000000   // line 36 px 21
000000000000   // line 36 px 22
000000000000   // line 36 px 23
000000000000   // line 36 px 24
000000000000   // line 36 px 25
000000000000   // line 36 px 26
000000000000   // line 36 px 27
000000000000   // line 36 px 28
000000000000   // line 36 px 29
000000000000   // line 36 px 30
000000000000   // line 36 px 31
000000000000   // line 36 px 32
000000000000   // line 36 px 33
000000000000   // line 36 px 34
000000000000   // line 36 px 35
000000000000   // line 36 px 36
000000000000   // line 36 px 37
000000000000   // line 36 px 38
0fff00000000   // line 36 px 39
0fff00000000   // line 37 px  0
000000000000   // line 37 px  1
000000000000   // line 37 px  2
000000000000   // line 37 px  3
000000000000   // line 37 px  4
000000000000   // line 37 px  5
000000000000   // line 37 px  6
000000000000   // line 37 px  7
000000000000   // line 37 px  8
000000000000   // line 37 px  9
000000000000   // line 37 px 10
000000000000   // line 37 px 11
000000000000   // line 37 px 12
000000000000   // line 37 px 13
000000000000   // line 37 px 14
000000000000   // line 37 px 15
000000000000   // line 37 px 16
000000000000   // line 37 px 17
000000000000   // line 37 px 18
000000000000   // line 37 px 19
0fff0fff0fff   // line 37 px 20
000000000000   // line 37 px 21
000000000000   // line 37 px 22
000000000000   // line 37 px 23
000000000000   // line 37 px 24
000000000000   // line 37 px 25
000000000000   // line 37 px 26
000000000000   // line 37 px 27
000000000000   // line 37 px 28
000000000000   // line 37 px 29
000000000000   // line 37 px 30
000000000000   // line 37 px 31
000000000000   // line 37 px 32
000000000000   // line 37 px 33
000000000000   // line 37 px 34
000000000000   // line 37 px 35
000000000000   // line 37 px 36
000000000000   // line 37 px 37
000000000000   // line 37 px 38
0fff00000000   // line 37 px 39
0fff00000000   // line 38 px  0
000000000000   // line 38 px  1
000000000000   // line 38 px  2
000000000000   // line 38 px  3
000000000000   // line 38 px  4
000000000000   // line 38 px  5
000000000000   // line 38 px  6
000000000000   // line 38 px  7
000000000000   // line 38 px  8
000000000000   // line 38 px  9
000000000000   // line 38 px 10
000000000000   // line 38 px 11
000000000000   // line 38 px 12
000000000000   // line 38 px 13
000000000000   // line 38 px 14
000000000000   // line 38 px 15
000000000000   // line 38 px 16
000000000000   // line 38 px 17
000000000000   // line 38 px 18
000000000000   // line 38 px 19
0fff0fff0fff   // line 38 px 20
000000000000   // line 38 px 21
000000000000   // line 38 px 22
000000000000   // line 38 px 23
000000000000   // line 38 px 24
000000000000   // line 38 px 25
000000000000   // line 38 px 26
000000000000   // line 38 px 27
000000000000   // line 38 px 28
000000000000   // line 38 px 29
000000000000   // line 38 px 30
000000000000   // line 38 px 31
000000000000   // line 38 px 32
000000000000   // line 38 px 33
000000000000   // line 38 px 34
000000000000   // line 38 px 35
000000000000   // line 38 px 36
000000000000   // line 38 px 37
000000000000   // line 38 px 38
0fff00000000   // line 38 px 39
0fff00000000   // line 39 px  0
000000000000   // line 39 px  1
000000000000   // line 39 px  2
000000000000   // line 39 px  3
000000000000   // line 39 px  4
000000000000   // line 39 px  5
000000000000   // line 39 px  6
000000000000   // line 39 px  7
000000000000   // line 39 px  8
000000000000   // line 39 px  9
000000000000   // line 39 px 10
000000000000   // line 39 px 11
000000000000   // line 39 px 12
000000000000   // line 39 px 13
000000000000   // line 39 px 14
000000000000   // line 39 px 15
000000000000   // line 39 px 16
000000000000   // line 39 px 17
000000000000   // line 39 px 18
000000000000   // line 39 px 19
0fff0fff0fff   // line 39 px 20
000000000000   // line 39 px 21
000000000000   // line 39 px 22
000000000000   // line 39 px 23
000000000000   // line 39 px 24
000000000000   // line 39 px 25
000000000000   // line 39 px 26
000000000000   // line 39 px 27
000000000000   // line 39 px 28
000000000000   // line 39 px 29
000000000000   // line 39 px 30
000000000000   // line 39 px 31
000000000000   // line 39 px 32
000000000000   // line 39 px 33
000000000000   // line 39 px 34
000000000000   // line 39 px 35
000000000000   // line 39 px 36
000000000000   // line 39 px 37
000000000000   // line 39 px 38
0fff00000000   // line 39 px 39
0fff00000000   // line 40 px  0
000000000000   // line 40 px  1
000000000000   // line 40 px  2
000000000000   // line 40 px  3
000000000000   // line 40 px  4
000000000000   // line 40 px  5
000000000000   // line 40 px  6
000000000000   // line 40 px  7
000000000000   // line 40 px  8
000000000000   // line 40 px  9
000000000000   // line 40 px 10
000000000000   // line 40 px 11
000000000000   // line 40 px 12
000000000000   // line 40 px 13
000000000000   // line 40 px 14
000000000000   // line 40 px 15
000000000000   // line 40 px 16
000000000000   // line 40 px 17
000000000000   // line 40 px 18
000000000000   // line 40 px 19
0fff0fff0fff   // line 40 px 20
000000000000   // line 40 px 21
000000000000   // line 40 px 22
000000000000   // line 40 px 23
000000000000   // line 40 px 24
000000000000   // line 40 px 25
000000000000   // line 40 px 26
000000000000   // line 40 px 27
000000000000   // line 40 px 28
000000000000   // line 40 px 29
000000000000   // line 40 px 30
000000000000   // line 40 px 31
000000000000   // line 40 px 32
000000000000   // line 40 px 33
000000000000   // line 40 px 34
000000000000   // line 40 px 35
000000000000   // line 40 px 36
000000000000   // line 40 px 37
000000000000   // line 40 px 38
0fff00000000   // line 40 px 39
0fff00000000   // line 41 px  0
000000000000   // line 41 px  1
000000000000   // line 41 px  2
000000000000   // line 41 px  3
000000000000   // line 41 px  4
000000000000   // line 41 px  5
000000000000   // line 41 px  6
000000000000   // line 41 px  7
000000000000   // line 41 px  8
000000000000   // line 41 px  9
000000000000   // line 41 px 10
000000000000   // line 41 px 11
000000000000   // line 41 px 12
000000000000   // line 41 px 13
000000000000   // line 41 px 14
000000000000   // line 41 px 15
000000000000   // line 41 px 16
000000000000   // line 41 px 17
000000000000   // line 41 px 18
000000000000   // line 41 px 19
0fff0fff0fff   // line 41 px 20
000000000000   // line 41 px 21
000000000000   // line 41 px 22
000000000000   // line 41 px 23
000000000000   // line 41 px 24
000000000000   // line 41 px 25
000000000000   // line 41 px 26
000000000000   // line 41 px 27
000000000000   // line 41 px 28
000000000000   // line 41 px 29
000000000000   // line 41 px 30
000000000000   // line 41 px 31
000000000000   // line 41 px 32
000000000000   // line 41 px 33
000000000000   // line 41 px 34
000000000000   // line 41 px 35
000000000000   // line 41 px 36
000000000000   // line 41 px 37
000000000000   // line 41 px 38
0fff00000000   // line 41 px 39
0fff00000000   // line 42 px  0
000000000000   // line 42 px  1
000000000000   // line 42 px  2
000000000000   // line 42 px  3
000000000000   // line 42 px  4
000000000000   // line 42 px  5
000000000000   // line 42 px  6
000000000000   // line 42 px  7
000000000000   // line 42 px  8
000000000000   // line 42 px  9
000000000000   // line 42 px 10
000000000000   // line 42 px 11
000000000000   // line 42 px 12
000000000000   // line 42 px 13
000000000000   // line 42 px 14
000000000000   // line 42 px 15
000000000000   // line 42 px 16
000000000000   // line 42 px 17
000000000000   // line 42 px 18
000000000000   // line 42 px 19
0fff0fff0fff   // line 42 px 20
000000000000   // line 42 px 21
000000000000   // line 42 px 22
000000000000   // line 42 px 23
000000000000   // line 42 px 24
000000000000   // line 42 px 25
000000000000   // line 42 px 26
000000000000   // line 42 px 27
000000000000   // line 42 px 28
000000000000   // line 42 px 29
000000000000   // line 42 px 30
000000000000   // line 42 px 31
000000000000   // line 42 px 32
000000000000   // line 42 px 33
000000000000   // line 42 px 34
000000000000   // line 42 px 35
000000000000   // line 42 px 36
000000000000   // line 42 px 37
000000000000   // line 42 px 38
0fff00000000   // line 42 px 39
0fff00000000   // line 43 px  0
000000000000   // line 43 px  1
000000000000   // line 43 px  2
000000000000   // line 43 px  3
000000000000   // line 43 px  4
000000000000   // line 43 px  5
000000000000   // line 43 px  6
000000000000   // line 43 px  7
000000000000   // line 43 px  8
000000000000   // line 43 px  9
000000000000   // line 43 px 10
000000000000   // line 43 px 11
000000000000   // line 43 px 12
000000000000   // line 43 px 13
000000000000   // line 43 px 14
000000000000   // line 43 px 15
000000000000   // line 43 px 16
000000000000   // line 43 px 17
000000000000   // line 43 px 18
000000000000   // line 43 px 19
0fff0fff0fff   // line 43 px 20
000000000000   // line 43 px 21
000000000000   // line 43 px 22
000000000000   // line 43 px 23
000000000000   // line 43 px 24
000000000000   // line 43 px 25
000000000000   // line 43 px 26
000000000000   // line 43 px 27
000000000000   // line 43 px 28
000000000000   // line 43 px 29
000000000000   // line 43 px 30
000000000000   // line 43 px 31
000000000000   // line 43 px 32
000000000000   // line 43 px 33
000000000000   // line 43 px 34
000000000000   // line 43 px 35
000000000000   // line 43 px 36
000000000000   // line 43 px 37
000000000000   // line 43 px 38
0fff00000000   // line 43 px 39
0fff00000000   // line 44 px  0
0fff00000000   // line 44 px  1
0fff00000000   // line 44 px  2
0fff00000000   // line 44 px  3
0fff00000000   // line 44 px  4
0fff00000000   // line 44 px  5
0fff00000000   // line 44 px  6
0fff00000000   // line 44 px  7
0fff00000000   // line 44 px  8
0fff00000000   // line 44 px  9
0fff00000000   // line 44 px 10
0fff00000000   // line 44 px 11
0fff00000000   // line 44 px 12
0fff00000000   // line 44 px 13
0fff00000000   // line 44 px 14
0fff00000000   // line 44 px 15
0fff00000000   // line 44 px 16
0fff00000000   // line 44 px 17
0fff00000000   // line 44 px 18
0fff00000000   // line 44 px 19
0fff0fff0fff   // line 44 px 20
0fff00000000   // line 44 px 21
0fff00000000   // line 44 px 22
0fff00000000   // line 44 px 23
0fff00000000   // line 44 px 24
0fff00000000   // line 44 px 25
0fff00000000   // line 44 px 26
0fff00000000   // line 44 px 27
0fff00000000   // line 44 px 28
0fff00000000   // line 44 px 29
0fff00000000   // line 44 px 30
0fff00000000   // line 44 px 31
0fff00000000   // line 44 px 32
0fff00000000   // line 44 px 33
0fff00000000   // line 44 px 34
0fff00000000   // line 44 px 35
0fff00000000   // line 44 px 36
0fff00000000   // line 44 px 37
0fff00000000   // line 44 px 38
0fff00000000   // line 44 px 39
0fff00000000   // line  0 px  0
0fff00000000   // line  0 px  1
0fff00000000   // line  0 px  2
0fff00000000   // line  0 px  3
0fff00000000   // line  0 px  4
0fff00000000   // line  0 px  5
0fff00000000   // line  0 px  6
0fff00000000   // line  0 px  7
0fff00000000   // line  0 px  8
0fff00000000   // line  0 px  9
0fff00000000   // line  0 px 10
0fff00000000   // line  0 px 11
0fff00000000   // line  0 px 12
0fff00000000   // line  0 px 13
0fff00000000   // line  0 px 14
0fff00000000   // line  0 px 15
0fff00000000   // line  0 px 16
0fff00000000   // line  0 px 17
0fff00000000   // line  0 px 18
0fff00000000   // line  0 px 19
0fff0fff0fff   // line  0 px 20
0fff00000000   // line  0 px 21
0fff00000000   // line  0 px 22
0fff00000000   // line  0 px 23
0fff00000000   // line  0 px 24
0fff00000000   // line  0 px 25
0fff00000000   // line  0 px 26
0fff00000000   // line  0 px 27
0fff00000000   // line  0 px 28
0fff00000000   // line  0 px 29
0fff00000000   // line  0 px 30
0fff00000000   // line  0 px 31
0fff00000000   // line  0 px 32
0fff00000000   // line  0 px 33
0fff00000000   // line  0 px 34
0fff00000000   // line  0 px 35
0fff00000000   // line  0 px 36
0fff00000000   // line  0 px 37
0fff00000000   // line  0 px 38
0fff00000000   // line  0 px 39
0fff00000000   // line  1 px  0
000000000000   // line  1 px  1
000000000000   // line  1 px  2
000000000000   // line  1 px  3
000000000000   // line  1 px  4
000000000000   // line  1 px  5
000000000000   // line  1 px  6
000000000000   // line  1 px  7
000000000000   // line  1 px  8
000000000000   // line  1 px  9
000000000000   // line  1 px 10
000000000000   // line  1 px 11
000000000000   // line  1 px 12
000000000000   // line  1 px 13
000000000000   // line  1 px 14
000000000000   // line  1 px 15
000000000000   // line  1 px 16
000000000000   // line  1 px 17
000000000000   // line  1 px 18
000000000000   // line  1 px 19
0fff0fff0fff   // line  1 px 20
000000000000   // line  1 px 21
000000000000   // line  1 px 22
000000000000   // line  1 px 23
000000000000   // line  1 px 24
000000000000   // line  1 px 25
000000000000   // line  1 px 26
000000000000   // line  1 px 27
000000000000   // line  1 px 28
000000000000   // line  1 px 29
000000000000   // line  1 px 30
000000000000   // line  1 px 31
000000000000   // line  1 px 32
000000000000   // line  1 px 33
000000000000   // line  1 px 34
000000000000   // line  1 px 35
000000000000   // line  1 px 36
000000000000   // line  1 px 37
000000000000   // line  1 px 38
0fff00000000   // line  1 px 39
0fff00000000   // line  2 px  0
000000000000   // line  2 px  1
000000000000   // line  2 px  2
000000000000   // line  2 px  3
000000000000   // line  2 px  4
000000000000   // line  2 px  5
000000000000   // line  2 px  6
000000000000   // line  2 px  7
000000000000   // line  2 px  8
000000000000   // line  2 px  9
000000000000   // line  2 px 10
000000000000   // line  2 px 11
000000000000   // line  2 px 12
000000000000   // line  2 px 13
000000000000   // line  2 px 14
000000000000   // line  2 px 15
000000000000   // line  2 px 16
000000000000   // line  2 px 17
000000000000   // line  2 px 18
000000000000   // line  2 px 19
0fff0fff0fff   // line  2 px 20
000000000000   // line  2 px 21
000000000000   // line  2 px 22
000000000000   // line  2 px 23
000000000000   // line  2 px 24
000000000000   // line  2 px 25
000000000000   // line  2 px 26
000000000000   // line  2 px 27
000000000000   // line  2 px 28
000000000000   // line  2 px 29
000000000000   // line  2 px 30
000000000000   // line  2 px 31
000000000000   // line  2 px 32
000000000000   // line  2 px 33
000000000000   // line  2 px 34
000000000000   // line  2 px 35
000000000000   // line  2 px 36
000000000000   // line  2 px 37
000000000000   // line  2 px 38
0fff00000000   // line  2 px 39
0fff00000000   // line  3 px  0
000000000000   // line  3 px  1
000000000000   // line  3 px  2
000000000000   // line  3 px  3
000000000000   // line  3 px  4
000000000000   // line  3 px  5
000000000000   // line  3 px  6
000000000000   // line  3 px  7
000000000000   // line  3 px  8
000000000000   // line  3 px  9
000000000000   // line  3 px 10
000000000000   // line  3 px 11
000000000000   // line  3 px 12
000000000000   // line  3 px 13
000000000000   // line  3 px 14
000000000000   // line  3 px 15
000000000000   // line  3 px 16
000000000000   // line  3 px 17
000000000000   // line  3 px 18
000000000000   // line  3 px 19
0fff0fff0fff   // line  3 px 20
000000000000   // line  3 px 21
000000000000   // line  3 px 22
000000000000   // line  3 px 23
000000000000   // line  3 px 24
000000000000   // line  3 px 25
000000000000   // line  3 px 26
000000000000   // line  3 px 27
000000000000   // line  3 px 28
000000000000   // line  3 px 29
000000000000   // line  3 px 30
000000000000   // line  3 px 31
000000000000   // line  3 px 32
000000000000   // line  3 px 33
000000000000   // line  3 px 34
000000000000   // line  3 px 35
000000000000   // line  3 px 36
000000000000   // line  3 px 37
000000000000   // line  3 px 38
0fff00000000   // line  3 px 39
0fff00000000   // line  4 px  0
000000000000   // line  4 px  1
000000000000   // line  4 px  2
000000000000   // line  4 px  3
000000000000   // line  4 px  4
000000000000   // line  4 px  5
000000000000   // line  4 px  6
000000000000   // line  4 px  7
000000000000   // line  4 px  8
000000000000   // line  4 px  9
000000000000   // line  4 px 10
000000000000   // line  4 px 11
000000000000   // line  4 px 12
000000000000   // line  4 px 13
000000000000   // line  4 px 14
000000000000   // line  4 px 15
000000000000   // line  4 px 16
000000000000   // line  4 px 17
000000000000   // line  4 px 18
000000000000   // line  4 px 19
0fff0fff0fff   // line  4 px 20
000000000000   // line  4 px 21
000000000000   // line  4 px 22
000000000000   // line  4 px 23
000000000000   // line  4 px 24
000000000000   // line  4 px 25
000000000000   // line  4 px 26
000000000000   // line  4 px 27
000000000000   // line  4 px 28
000000000000   // line  4 px 29
000000000000   // line  4 px 30
000000000000   // line  4 px 31
000000000000   // line  4 px 32
000000000000   // line  4 px 33
000000000000   // line  4 px 34
000000000000   // line  4 px 35
000000000000   // line  4 px 36
000000000000   // line  4 px 37
000000000000   // line  4 px 38
0fff00000000   // line  4 px 39
0fff00000000   // line  5 px  0
000000000000   // line  5 px  1
000000000000   // line  5 px  2
000000000000   // line  5 px  3
000000000000   // line  5 px  4
000000000000   // line  5 px  5
000000000000   // line  5 px  6
000000000000   // line  5 px  7
000000000000   // line  5 px  8
000000000000   // line  5 px  9
000000000000   // line  5 px 10
000000000000   // line  5 px 11
000000000000   // line  5 px 12
000000000000   // line  5 px 13
000000000000   // line  5 px 14
000000000000   // line  5 px 15
000000000000   // line  5 px 16
000000000000   // line  5 px 17
000000000000   // line  5 px 18
000000000000   // line  5 px 19
0fff0fff0fff   // line  5 px 20
000000000000   // line  5 px 21
000000000000   // line  5 px 22
000000000000   // line  5 px 23
000000000000   // line  5 px 24
000000000000   // line  5 px 25
000000000000   // line  5 px 26
000000000000   // line  5 px 27
000000000000   // line  5 px 28
000000000000   // line  5 px 29
000000000000   // line  5 px 30
000000000000   // line  5 px 31
000000000000   // line  5 px 32
000000000000   // line  5 px 33
000000000000   // line  5 px 34
000000000000   // line  5 px 35
000000000000   // line  5 px 36
000000000000   // line  5 px 37
000000000000   // line  5 px 38
0fff00000000   // line  5 px 39
0fff00000000   // line  6 px  0
000000000000   // line  6 px  1
000000000000   // line  6 px  2
000000000000   // line  6 px  3
000000000000   // line  6 px  4
000000000000   // line  6 px  5
000000000000   // line  6 px  6
000000000000   // line  6 px  7
000000000000   // line  6 px  8
000000000000   // line  6 px  9
000000000000   // line  6 px 10
000000000000   // line  6 px 11
000000000000   // line  6 px 12
000000000000   // line  6 px 13
000000000000   // line  6 px 14
000000000000   // line  6 px 15
000000000000   // line  6 px 16
000000000000   // line  6 px 17
000000000000   // line  6 px 18
000000000000   // line  6 px 19
0fff0fff0fff   // line  6 px 20
000000000000   // line  6 px 21
000000000000   // line  6 px 22
000000000000   // line  6 px 23
000000000000   // line  6 px 24
000000000000   // line  6 px 25
000000000000   // line  6 px 26
000000000000   // line  6 px 27
000000000000   // line  6 px 28
000000000000   // line  6 px 29
000000000000   // line  6 px 30
000000000000   // line  6 px 31
000000000000   // line  6 px 32
000000000000   // line  6 px 33
000000000000   // line  6 px 34
000000000000   // line  6 px 35
000000000000   // line  6 px 36
000000000000   // line  6 px 37
000000000000   // line  6 px 38
0fff00000000   // line  6 px 39
0fff00000000   // line  7 px  0
000000000000   // line  7 px  1
000000000000   // line  7 px  2
000000000000   // line  7 px  3
000000000000   // line  7 px  4
000000000000   // line  7 px  5
000000000000   // line  7 px  6
000000000000   // line  7 px  7
000000000000   // line  7 px  8
000000000000   // line  7 px  9
000000000000   // line  7 px 10
000000000000   // line  7 px 11
000000000000   // line  7 px 12
000000000000   // line  7 px 13
000000000000   // line  7 px 14
000000000000   // line  7 px 15
000000000000   // line  7 px 16
000000000000   // line  7 px 17
000000000000   // line  7 px 18
000000000000   // line  7 px 19
0fff0fff0fff   // line  7 px 20
000000000000   // line  7 px 21
000000000000   // line  7 px 22
000000000000   // line  7 px 23
000000000000   // line  7 px 24
000000000000   // line  7 px 25
000000000000   // line  7 px 26
000000000000   // line  7 px 27
000000000000   // line  7 px 28
000000000000   // line  7 px 29
000000000000   // line  7 px 30
000000000000   // line  7 px 31
000000000000   // line  7 px 32
000000000000   // line  7 px 33
000000000000   // line  7 px 34
000000000000   // line  7 px 35
000000000000   // line  7 px 36
000000000000   // line  7 px 37
000000000000   // line  7 px 38
0fff00000000   // line  7 px 39
0fff00000000   // line  8 px  0
000000000000   // line  8 px  1
000000000000   // line  8 px  2
000000000000   // line  8 px  3
000000000000   // line  8 px  4
000000000000   // line  8 px  5
000000000000   // line  8 px  6
000000000000   // line  8 px  7
000000000000   // line  8 px  8
000000000000   // line  8 px  9
000000000000   // line  8 px 10
000000000000   // line  8 px 11
000000000000   // line  8 px 12
000000000000   // line  8 px 13
000000000000   // line  8 px 14
000000000000   // line  8 px 15
000000000000   // line  8 px 16
000000000000   // line  8 px 17
000000000000   // line  8 px 18
000000000000   // line  8 px 19
0fff0fff0fff   // line  8 px 20
000000000000   // line  8 px 21
000000000000   // line  8 px 22
000000000000   // line  8 px 23
000000000000   // line  8 px 24
000000000000   // line  8 px 25
000000000000   // line  8 px 26
000000000000   // line  8 px 27
000000000000   // line  8 px 28
000000000000   // line  8 px 29
000000000000   // line  8 px 30
000000000000   // line  8 px 31
000000000000   // line  8 px 32
000000000000   // line  8 px 33
000000000000   // line  8 px 34
000000000000   // line  8 px 35
000000000000   // line  8 px 36
000000000000   // line  8 px 37
000000000000   // line  8 px 38
0fff00000000   // line  8 px 39
0fff00000000   // line  9 px  0
000000000000   // line  9 px  1
000000000000   // line  9 px  2
000000000000   // line  9 px  3
000000000000   // line  9 px  4
000000000000   // line  9 px  5
000000000000   // line  9 px  6
000000000000   // line  9 px  7
000000000000   // line  9 px  8
000000000000   // line  9 px  9
000000000000   // line  9 px 10
000000000000   // line  9 px 11
000000000000   // line  9 px 12
000000000000   // line  9 px 13
000000000000   // line  9 px 14
000000000000   // line  9 px 15
000000000000   // line  9 px 16
000000000000   // line  9 px 17
000000000000   // line  9 px 18
000000000000   // line  9 px 19
0fff0fff0fff   // line  9 px 20
000000000000   // line  9 px 21
000000000000   // line  9 px 22
000000000000   // line  9 px 23
000000000000   // line  9 px 24
000000000000   // line  9 px 25
000000000000   // line  9 px 26
000000000000   // line  9 px 27
000000000000   // line  9 px 28
000000000000   // line  9 px 29
000000000000   // line  9 px 30
000000000000   // line  9 px 31
000000000000   // line  9 px 32
000000000000   // line  9 px 33
000000000000   // line  9 px 34
000000000000   // line  9 px 35
000000000000   // line  9 px 36
000000000000   // line  9 px 37
000000000000   // line  9 px 38
0fff00000000   // line  9 px 39
0fff00000000   // line 10 px  0
000000000000   // line 10 px  1
000000000000   // line 10 px  2
000000000000   // line 10 px  3
000000000000   // line 10 px  4
000000000000   // line 10 px  5
000000000000   // line 10 px  6
000000000000   // line 10 px  7
000000000000   // line 10 px  8
000000000000   // line 10 px  9
000000000000   // line 10 px 10
000000000000   // line 10 px 11
000000000000   // line 10 px 12
000000000000   // line 10 px 13
000000000000   // line 10 px 14
000000000000   // line 10 px 15
000000000000   // line 10 px 16
000000000000   // line 10 px 17
000000000000   // line 10 px 18
000000000000   // line 10 px 19
0fff0fff0fff   // line 10 px 20
000000000000   // line 10 px 21
000000000000   // line 10 px 22
000000000000   // line 10 px 23
000000000000   // line 10 px 24
000000000000   // line 10 px 25
000000000000   // line 10 px 26
000000000000   // line 10 px 27
000000000000   // line 10 px 28
000000000000   // line 10 px 29
000000000000   // line 10 px 30
000000000000   // line 10 px 31
000000000000   // line 10 px 32
000000000000   // line 10 px 33
000000000000   // line 10 px 34
000000000000   // line 10 px 35
000000000000   // line 10 px 36
000000000000   // line 10 px 37
000000000000   // line 10 px 38
0fff00000000   // line 10 px 39
0fff00000000   // line 11 px  0
000000000000   // line 11 px  1
000000000000   // line 11 px  2
000000000000   // line 11 px  3
000000000000   // line 11 px  4
000000000000   // line 11 px  5
000000000000   // line 11 px  6
000000000000   // line 11 px  7
000000000000   // line 11 px  8
000000000000   // line 11 px  9
000000000000   // line 11 px 10
000000000000   // line 11 px 11
000000000000   // line 11 px 12
000000000000   // line 11 px 13
000000000000   // line 11 px 14
000000000000   // line 11 px 15
000000000000   // line 11 px 16
000000000000   // line 11 px 17
000000000000   // line 11 px 18
000000000000   // line 11 px 19
0fff0fff0fff   // line 11 px 20
000000000000   // line 11 px 21
000000000000   // line 11 px 22
000000000000   // line 11 px 23
000000000000   // line 11 px 24
000000000000   // line 11 px 25
000000000000   // line 11 px 26
000000000000   // line 11 px 27
000000000000   // line 11 px 28
000000000000   // line 11 px 29
000000000000   // line 11 px 30
000000000000   // line 11 px 31
000000000000   // line 11 px 32
000000000000   // line 11 px 33
000000000000   // line 11 px 34
000000000000   // line 11 px 35
000000000000   // line 11 px 36
000000000000   // line 11 px 37
000000000000   // line 11 px 38
0fff00000000   // line 11 px 39
0fff00000000   // line 12 px  0
000000000000   // line 12 px  1
000000000000   // line 12 px  2
000000000000   // line 12 px  3
000000000000   // line 12 px  4
000000000000   // line 12 px  5
000000000000   // line 12 px  6
000000000000   // line 12 px  7
000000000000   // line 12 px  8
000000000000   // line 12 px  9
000000000000   // line 12 px 10
000000000000   // line 12 px 11
000000000000   // line 12 px 12
000000000000   // line 12 px 13
000000000000   // line 12 px 14
000000000000   // line 12 px 15
000000000000   // line 12 px 16
000000000000   // line 12 px 17
000000000000   // line 12 px 18
000000000000   // line 12 px 19
0fff0fff0fff   // line 12 px 20
000000000000   // line 12 px 21
000000000000   // line 12 px 22
000000000000   // line 12 px 23
000000000000   // line 12 px 24
000000000000   // line 12 px 25
000000000000   // line 12 px 26
000000000000   // line 12 px 27
000000000000   // line 12 px 28
000000000000   // line 12 px 29
000000000000   // line 12 px 30
000000000000   // line 12 px 31
000000000000   // line 12 px 32
000000000000   // line 12 px 33
000000000000   // line 12 px 34
000000000000   // line 12 px 35
000000000000   // line 12 px 36
000000000000   // line 12 px 37
000000000000   // line 12 px 38
0fff00000000   // line 12 px 39
0fff00000000   // line 13 px  0
000000000000   // line 13 px  1
000000000000   // line 13 px  2
000000000000   // line 13 px  3
000000000000   // line 13 px  4
000000000000   // line 13 px  5
000000000000   // line 13 px  6
000000000000   // line 13 px  7
000000000000   // line 13 px  8
000000000000   // line 13 px  9
000000000000   // line 13 px 10
000000000000   // line 13 px 11
000000000000   // line 13 px 12
000000000000   // line 13 px 13
000000000000   // line 13 px 14
000000000000   // line 13 px 15
000000000000   // line 13 px 16
000000000000   // line 13 px 17
000000000000   // line 13 px 18
000000000000   // line 13 px 19
0fff0fff0fff   // line 13 px 20
000000000000   // line 13 px 21
000000000000   // line 13 px 22
000000000000   // line 13 px 23
000000000000   // line 13 px 24
000000000000   // line 13 px 25
000000000000   // line 13 px 26
000000000000   // line 13 px 27
000000000000   // line 13 px 28
000000000000   // line 13 px 29
000000000000   // line 13 px 30
000000000000   // line 13 px 31
000000000000   // line 13 px 32
000000000000   // line 13 px 33
000000000000   // line 13 px 34
000000000000   // line 13 px 35
000000000000   // line 13 px 36
000000000000   // line 13 px 37
000000000000   // line 13 px 38
0fff00000000   // line 13 px 39
0fff00000000   // line 14 px  0
000000000000   // line 14 px  1
000000000000   // line 14 px  2
000000000000   // line 14 px  3
000000000000   // line 14 px  4
000000000000   // line 14 px  5
000000000000   // line 14 px  6
000000000000   // line 14 px  7
000000000000   // line 14 px  8
000000000000   // line 14 px  9
000000000000   // line 14 px 10
000000000000   // line 14 px 11
000000000000   // line 14 px 12
000000000000   // line 14 px 13
000000000000   // line 14 px 14
000000000000   // line 14 px 15
000000000000   // line 14 px 16
000000000000   // line 14 px 17
000000000000   // line 14 px 18
000000000000   // line 14 px 19
0fff0fff0fff   // line 14 px 20
000000000000   // line 14 px 21
000000000000   // line 14 px 22
000000000000   // line 14 px 23
000000000000   // line 14 px 24
000000000000   // line 14 px 25
000000000000   // line 14 px 26
000000000000   // line 14 px 27
000000000000   // line 14 px 28
000000000000   // line 14 px 29
000000000000   // line 14 px 30
000000000000   // line 14 px 31
000000000000   // line 14 px 32
000000000000   // line 14 px 33
000000000000   // line 14 px 34
000000000000   // line 14 px 35
000000000000   // line 14 px 36
000000000000   // line 14 px 37
000000000000   // line 14 px 38
0fff00000000   // line 14 px 39
0fff00000000   // line 15 px  0
000000000000   // line 15 px  1
000000000000   // line 15 px  2
000000000000   // line 15 px  3
000000000000   // line 15 px  4
000000000000   // line 15 px  5
000000000000   // line 15 px  6
000000000000   // line 15 px  7
000000000000   // line 15 px  8
000000000000   // line 15 px  9
000000000000   // line 15 px 10
000000000000   // line 15 px 11
000000000000   // line 15 px 12
000000000000   // line 15 px 13
000000000000   // line 15 px 14
000000000000   // line 15 px 15
000000000000   // line 15 px 16
000000000000   // line 15 px 17
000000000000   // line 15 px 18
000000000000   // line 15 px 19
0fff0fff0fff   // line 15 px 20
000000000000   // line 15 px 21
000000000000   // line 15 px 22
000000000000   // line 15 px 23
000000000000   // line 15 px 24
000000000000   // line 15 px 25
000000000000   // line 15 px 26
000000000000   // line 15 px 27
000000000000   // line 15 px 28
000000000000   // line 15 px 29
000000000000   // line 15 px 30
000000000000   // line 15 px 31
000000000000   // line 15 px 32
000000000000   // line 15 px 33
000000000000   // line 15 px 34
000000000000   // line 15 px 35
000000000000   // line 15 px 36
000000000000   // line 15 px 37
000000000000   // line 15 px 38
0fff00000000   // line 15 px 39
0fff00000000   // line 16 px  0
000000000000   // line 16 px  1
000000000000   // line 16 px  2
000000000000   // line 16 px  3
000000000000   // line 16 px  4
000000000000   // line 16 px  5
000000000000   // line 16 px  6
000000000000   // line 16 px  7
000000000000   // line 16 px  8
000000000000   // line 16 px  9
000000000000   // line 16 px 10
000000000000   // line 16 px 11
000000000000   // line 16 px 12
000000000000   // line 16 px 13
000000000000   // line 16 px 14
000000000000   // line 16 px 15
000000000000   // line 16 px 16
000000000000   // line 16 px 17
000000000000   // line 16 px 18
000000000000   // line 16 px 19
0fff0fff0fff   // line 16 px 20
000000000000   // line 16 px 21
000000000000   // line 16 px 22
000000000000   // line 16 px 23
000000000000   // line 16 px 24
000000000000   // line 16 px 25
000000000000   // line 16 px 26
000000000000   // line 16 px 27
000000000000   // line 16 px 28
000000000000   // line 16 px 29
000000000000   // line 16 px 30
000000000000   // line 16 px 31
000000000000   // line 16 px 32
000000000000   // line 16 px 33
000000000000   // line 16 px 34
000000000000   // line 16 px 35
000000000000   // line 16 px 36
000000000000   // line 16 px 37
000000000000   // line 16 px 38
0fff00000000   // line 16 px 39
0fff00000000   // line 17 px  0
000000000000   // line 17 px  1
000000000000   // line 17 px  2
000000000000   // line 17 px  3
000000000000   // line 17 px  4
000000000000   // line 17 px  5
000000000000   // line 17 px  6
000000000000   // line 17 px  7
000000000000   // line 17 px  8
000000000000   // line 17 px  9
000000000000   // line 17 px 10
000000000000   // line 17 px 11
000000000000   // line 17 px 12
000000000000   // line 17 px 13
000000000000   // line 17 px 14
000000000000   // line 17 px 15
000000000000   // line 17 px 16
000000000000   // line 17 px 17
000000000000   // line 17 px 18
000000000000   // line 17 px 19
0fff0fff0fff   // line 17 px 20
000000000000   // line 17 px 21
000000000000   // line 17 px 22
000000000000   // line 17 px 23
000000000000   // line 17 px 24
000000000000   // line 17 px 25
000000000000   // line 17 px 26
000000000000   // line 17 px 27
000000000000   // line 17 px 28
000000000000   // line 17 px 29
000000000000   // line 17 px 30
000000000000   // line 17 px 31
000000000000   // line 17 px 32
000000000000   // line 17 px 33
000000000000   // line 17 px 34
000000000000   // line 17 px 35
000000000000   // line 17 px 36
000000000000   // line 17 px 37
000000000000   // line 17 px 38
0fff00000000   // line 17 px 39
0fff00000000   // line 18 px  0
000000000000   // line 18 px  1
000000000000   // line 18 px  2
000000000000   // line 18 px  3
000000000000   // line 18 px  4
000000000000   // line 18 px  5
000000000000   // line 18 px  6
000000000000   // line 18 px  7
000000000000   // line 18 px  8
000000000000   // line 18 px  9
000000000000   // line 18 px 10
000000000000   // line 18 px 11
000000000000   // line 18 px 12
000000000000   // line 18 px 13
000000000000   // line 18 px 14
000000000000   // line 18 px 15
000000000000   // line 18 px 16
000000000000   // line 18 px 17
000000000000   // line 18 px 18
000000000000   // line 18 px 19
0fff0fff0fff   // line 18 px 20
000000000000   // line 18 px 21
000000000000   // line 18 px 22
000000000000   // line 18 px 23
000000000000   // line 18 px 24
000000000000   // line 18 px 25
000000000000   // line 18 px 26
000000000000   // line 18 px 27
000000000000   // line 18 px 28
000000000000   // line 18 px 29
000000000000   // line 18 px 30
000000000000   // line 18 px 31
000000000000   // line 18 px 32
000000000000   // line 18 px 33
000000000000   // line 18 px 34
000000000000   // line 18 px 35
000000000000   // line 18 px 36
000000000000   // line 18 px 37
000000000000   // line 18 px 38
0fff00000000   // line 18 px 39
0fff00000000   // line 19 px  0
000000000000   // line 19 px  1
000000000000   // line 19 px  2
000000000000   // line 19 px  3
000000000000   // line 19 px  4
000000000000   // line 19 px  5
000000000000   // line 19 px  6
000000000000   // line 19 px  7
000000000000   // line 19 px  8
000000000000   // line 19 px  9
000000000000   // line 19 px 10
000000000000   // line 19 px 11
000000000000   // line 19 px 12
000000000000   // line 19 px 13
000000000000   // line 19 px 14
000000000000   // line 19 px 15
000000000000   // line 19 px 16
000000000000   // line 19 px 17
000000000000   // line 19 px 18
000000000000   // line 19 px 19
0fff0fff0fff   // line 19 px 20
000000000000   // line 19 px 21
000000000000   // line 19 px 22
000000000000   // line 19 px 23
000000000000   // line 19 px 24
000000000000   // line 19 px 25
000000000000   // line 19 px 26
000000000000   // line 19 px 27
000000000000   // line 19 px 28
000000000000   // line 19 px 29
000000000000   // line 19 px 30
000000000000   // line 19 px 31
000000000000   // line 19 px 32
000000000000   // line 19 px 33
000000000000   // line 19 px 34
000000000000   // line 19 px 35
000000000000   // line 19 px 36
000000000000   // line 19 px 37
000000000000   // line 19 px 38
0fff00000000   // line 19 px 39
0fff00000000   // line 20 px  0
000000000000   // line 20 px  1
000000000000   // line 20 px  2
000000000000   // line 20 px  3
000000000000   // line 20 px  4
000000000000   // line 20 px  5
000000000000   // line 20 px  6
000000000000   // line 20 px  7
000000000000   // line 20 px  8
000000000000   // line 20 px  9
000000000000   // line 20 px 10
000000000000   // line 20 px 11
000000000000   // line 20 px 12
000000000000   // line 20 px 13
000000000000   // line 20 px 14
000000000000   // line 20 px 15
000000000000   // line 20 px 16
000000000000   // line 20 px 17
000000000000   // line 20 px 18
000000000000   // line 20 px 19
0fff0fff0fff   // line 20 px 20
000000000000   // line 20 px 21
000000000000   // line 20 px 22
000000000000   // line 20 px 23
000000000000   // line 20 px 24
000000000000   // line 20 px 25
000000000000   // line 20 px 26
000000000000   // line 20 px 27
000000000000   // line 20 px 28
000000000000   // line 20 px 29
000000000000   // line 20 px 30
000000000000   // line 20 px 31
000000000000   // line 20 px 32
000000000000   // line 20 px 33
000000000000   // line 20 px 34
000000000000   // line 20 px 35
000000000000   // line 20 px 36
000000000000   // line 20 px 37
000000000000   // line 20 px 38
0fff00000000   // line 20 px 39
0fff00000000   // line 21 px  0
000000000000   // line 21 px  1
000000000000   // line 21 px  2
000000000000   // line 21 px  3
000000000000   // line 21 px  4
000000000000   // line 21 px  5
000000000000   // line 21 px  6
000000000000   // line 21 px  7
000000000000   // line 21 px  8
000000000000   // line 21 px  9
000000000000   // line 21 px 10
000000000000   // line 21 px 11
000000000000   // line 21 px 12
000000000000   // line 21 px 13
000000000000   // line 21 px 14
000000000000   // line 21 px 15
000000000000   // line 21 px 16
000000000000   // line 21 px 17
000000000000   // line 21 px 18
000000000000   // line 21 px 19
0fff0fff0fff   // line 21 px 20
000000000000   // line 21 px 21
000000000000   // line 21 px 22
000000000000   // line 21 px 23
000000000000   // line 21 px 24
000000000000   // line 21 px 25
000000000000   // line 21 px 26
000000000000   // line 21 px 27
000000000000   // line 21 px 28
000000000000   // line 21 px 29
000000000000   // line 21 px 30
000000000000   // line 21 px 31
000000000000   // line 21 px 32
000000000000   // line 21 px 33
000000000000   // line 21 px 34
000000000000   // line 21 px 35
000000000000   // line 21 px 36
000000000000   // line 21 px 37
000000000000   // line 21 px 38
0fff00000000   // line 21 px 39
0fff0fff0fff   // line 22 px  0
0fff0fff0fff   // line 22 px  1
0fff0fff0fff   // line 22 px  2
0fff0fff0fff   // line 22 px  3
0fff0fff0fff   // line 22 px  4
0fff0fff0fff   // line 22 px  5
0fff0fff0fff   // line 22 px  6
0fff0fff0fff   // line 22 px  7
0fff0fff0fff   // line 22 px  8
0fff0fff0fff   // line 22 px  9
0fff0fff0fff   // line 22 px 10
0fff0fff0fff   // line 22 px 11
0fff0fff0fff   // line 22 px 12
0fff0fff0fff   // line 22 px 13
0fff0fff0fff   // line 22 px 14
0fff0fff0fff   // line 22 px 15
0fff0fff0fff   // line 22 px 16
0fff0fff0fff   // line 22 px 17
0fff0fff0fff   // line 22 px 18
0fff0fff0fff   // line 22 px 19
0fff0fff0fff   // line 22 px 20
0fff0fff0fff   // line 22 px 21
0fff0fff0fff   // line 22 px 22
0fff0fff0fff   // line 22 px 23
0fff0fff0fff   // line 22 px 24
0fff0fff0fff   // line 22 px 25
0fff0fff0fff   // line 22 px 26
0fff0fff0fff   // line 22 px 27
0fff0fff0fff   // line 22 px 28
0fff0fff0fff   // line 22 px 29
0fff0fff0fff   // line 22 px 30
0fff0fff0fff   // line 22 px 31
0fff0fff0fff   // line 22 px 32
0fff0fff0fff   // line 22 px 33
0fff0fff0fff   // line 22 px 34
0fff0fff0fff   // line 22 px 35
0fff0fff0fff   // line 22 px 36
0fff0fff0fff   // line 22 px 37
0fff0fff0fff   // line 22 px 38
0fff0fff0fff   // line 22 px 39
0fff00000000   // line 23 px  0
000000000000   // line 23 px  1
000000000000   // line 23 px  2
000000000000   // line 23 px  3
000000000000   // line 23 px  4
000000000000   // line 23 px  5
000000000000   // line 23 px  6
000000000000   // line 23 px  7
000000000000   // line 23 px  8
000000000000   // line 23 px  9
000000000000   // line 23 px 10
000000000000   // line 23 px 11
000000000000   // line 23 px 12
000000000000   // line 23 px 13
000000000000   // line 23 px 14
000000000000   // line 23 px 15
000000000000   // line 23 px 16
000000000000   // line 23 px 17
000000000000   // line 23 px 18
000000000000   // line 23 px 19
0fff0fff0fff   // line 23 px 20
000000000000   // line 23 px 21
000000000000   // line 23 px 22
000000000000   // line 23 px 23
000000000000   // line 23 px 24
000000000000   // line 23 px 25
000000000000   // line 23 px 26
000000000000   // line 23 px 27
000000000000   // line 23 px 28
000000000000   // line 23 px 29
000000000000   // line 23 px 30
000000000000   // line 23 px 31
000000000000   // line 23 px 32
000000000000   // line 23 px 33
000000000000   // line 23 px 34
000000000000   // line 23 px 35
000000000000   // line 23 px 36
000000000000   // line 23 px 37
000000000000   // line 23 px 38
0fff00000000   // line 23 px 39
0fff00000000   // line 24 px  0
000000000000   // line 24 px  1
000000000000   // line 24 px  2
000000000000   // line 24 px  3
000000000000   // line 24 px  4
000000000000   // line 24 px  5
000000000000   // line 24 px  6
000000000000   // line 24 px  7
000000000000   // line 24 px  8
000000000000   // line 24 px  9
000000000000   // line 24 px 10
000000000000   // line 24 px 11
000000000000   // line 24 px 12
000000000000   // line 24 px 13
000000000000   // line 24 px 14
000000000000   // line 24 px 15
000000000000   // line 24 px 16
000000000000   // line 24 px 17
000000000000   // line 24 px 18
000000000000   // line 24 px 19
0fff0fff0fff   // line 24 px 20
000000000000   // line 24 px 21
000000000000   // line 24 px 22
000000000000   // line 24 px 23
000000000000   // line 24 px 24
000000000000   // line 24 px 25
000000000000   // line 24 px 26
000000000000   // line 24 px 27
000000000000   // line 24 px 28
000000000000   // line 24 px 29
000000000000   // line 24 px 30
000000000000   // line 24 px 31
000000000000   // line 24 px 32
000000000000   // line 24 px 33
000000000000   // line 24 px 34
000000000000   // line 24 px 35
000000000000   // line 24 px 36
000000000000   // line 24 px 37
000000000000   // line 24 px 38
0fff00000000   // line 24 px 39
0fff00000000   // line 25 px  0
000000000000   // line 25 px  1
000000000000   // line 25 px  2
000000000000   // line 25 px  3
000000000000   // line 25 px  4
000000000000   // line 25 px  5
000000000000   // line 25 px  6
000000000000   // line 25 px  7
000000000000   // line 25 px  8
000000000000   // line 25 px  9
000000000000   // line 25 px 10
000000000000   // line 25 px 11
000000000000   // line 25 px 12
000000000000   // line 25 px 13
000000000000   // line 25 px 14
000000000000   // line 25 px 15
000000000000   // line 25 px 16
000000000000   // line 25 px 17
000000000000   // line 25 px 18
000000000000   // line 25 px 19
0fff0fff0fff   // line 25 px 20
000000000000   // line 25 px 21
000000000000   // line 25 px 22
000000000000   // line 25 px 23
000000000000   // line 25 px 24
000000000000   // line 25 px 25
000000000000   // line 25 px 26
000000000000   // line 25 px 27
000000000000   // line 25 px 28
000000000000   // line 25 px 29
000000000000   // line 25 px 30
000000000000   // line 25 px 31
000000000000   // line 25 px 32
000000000000   // line 25 px 33
000000000000   // line 25 px 34
000000000000   // line 25 px 35
000000000000   // line 25 px 36
000000000000   // line 25 px 37
000000000000   // line 25 px 38
0fff00000000   // line 25 px 39
0fff00000000   // line 26 px  0
000000000000   // line 26 px  1
000000000000   // line 26 px  2
000000000000   // line 26 px  3
000000000000   // line 26 px  4
000000000000   // line 26 px  5
000000000000   // line 26 px  6
000000000000   // line 26 px  7
000000000000   // line 26 px  8
000000000000   // line 26 px  9
000000000000   // line 26 px 10
000000000000   // line 26 px 11
000000000000   // line 26 px 12
000000000000   // line 26 px 13
000000000000   // line 26 px 14
000000000000   // line 26 px 15
000000000000   // line 26 px 16
000000000000   // line 26 px 17
000000000000   // line 26 px 18
000000000000   // line 26 px 19
0fff0fff0fff   // line 26 px 20
000000000000   // line 26 px 21
000000000000   // line 26 px 22
000000000000   // line 26 px 23
000000000000   // line 26 px 24
000000000000   // line 26 px 25
000000000000   // line 26 px 26
000000000000   // line 26 px 27
000000000000   // line 26 px 28
000000000000   // line 26 px 29
000000000000   // line 26 px 30
000000000000   // line 26 px 31
000000000000   // line 26 px 32
000000000000   // line 26 px 33
000000000000   // line 26 px 34
000000000000   // line 26 px 35
000000000000   // line 26 px 36
000000000000   // line 26 px 37
000000000000   // line 26 px 38
0fff00000000   // line 26 px 39
0fff00000000   // line 27 px  0
000000000000   // line 27 px  1
000000000000   // line 27 px  2
000000000000   // line 27 px  3
000000000000   // line 27 px  4
000000000000   // line 27 px  5
000000000000   // line 27 px  6
000000000000   // line 27 px  7
000000000000   // line 27 px  8
000000000000   // line 27 px  9
000000000000   // line 27 px 10
000000000000   // line 27 px 11
000000000000   // line 27 px 12
000000000000   // line 27 px 13
000000000000   // line 27 px 14
000000000000   // line 27 px 15
000000000000   // line 27 px 16
000000000000   // line 27 px 17
000000000000   // line 27 px 18
000000000000   // line 27 px 19
0fff0fff0fff   // line 27 px 20
000000000000   // line 27 px 21
000000000000   // line 27 px 22
000000000000   // line 27 px 23
000000000000   // line 27 px 24
000000000000   // line 27 px 25
000000000000   // line 27 px 26
000000000000   // line 27 px 27
000000000000   // line 27 px 28
000000000000   // line 27 px 29
000000000000   // line 27 px 30
000000000000   // line 27 px 31
000000000000   // line 27 px 32
000000000000   // line 27 px 33
000000000000   // line 27 px 34
000000000000   // line 27 px 35
000000000000   // line 27 px 36
000000000000   // line 27 px 37
000000000000   // line 27 px 38
0fff00000000   // line 27 px 39
0fff00000000   // line 28 px  0
000000000000   // line 28 px  1
000000000000   // line 28 px  2
000000000000   // line 28 px  3
000000000000   // line 28 px  4
000000000000   // line 28 px  5
000000000000   // line 28 px  6
000000000000   // line 28 px  7
000000000000   // line 28 px  8
000000000000   // line 28 px  9
000000000000   // line 28 px 10
000000000000   // line 28 px 11
000000000000   // line 28 px 12
000000000000   // line 28 px 13
000000000000   // line 28 px 14
000000000000   // line 28 px 15
000000000000   // line 28 px 16
000000000000   // line 28 px 17
000000000000   // line 28 px 18
000000000000   // line 28 px 19
0fff0fff0fff   // line 28 px 20
000000000000   // line 28 px 21
000000000000   // line 28 px 22
000000000000   // line 28 px 23
000000000000   // line 28 px 24
000000000000   // line 28 px 25
000000000000   // line 28 px 26
000000000000   // line 28 px 27
000000000000   // line 28 px 28
000000000000   // line 28 px 29
000000000000   // line 28 px 30
000000000000   // line 28 px 31
000000000000   // line 28 px 32
000000000000   // line 28 px 33
000000000000   // line 28 px 34
000000000000   // line 28 px 35
000000000000   // line 28 px 36
000000000000   // line 28 px 37
000000000000   // line 28 px 38
0fff00000000   // line 28 px 39
0fff00000000   // line 29 px  0
000000000000   // line 29 px  1
000000000000   // line 29 px  2
000000000000   // line 29 px  3
000000000000   // line 29 px  4
000000000000   // line 29 px  5
000000000000   // line 29 px  6
000000000000   // line 29 px  7
000000000000   // line 29 px  8
000000000000   // line 29 px  9
000000000000   // line 29 px 10
000000000000   // line 29 px 11
000000000000   // line 29 px 12
000000000000   // line 29 px 13
000000000000   // line 29 px 14
000000000000   // line 29 px 15
000000000000   // line 29 px 16
000000000000   // line 29 px 17
000000000000   // line 29 px 18
000000000000   // line 29 px 19
0fff0fff0fff   // line 29 px 20
000000000000   // line 29 px 21
000000000000   // line 29 px 22
000000000000   // line 29 px 23
000000000000   // line 29 px 24
000000000000   // line 29 px 25
000000000000   // line 29 px 26
000000000000   // line 29 px 27
000000000000   // line 29 px 28
000000000000   // line 29 px 29
000000000000   // line 29 px 30
000000000000   // line 29 px 31
000000000000   // line 29 px 32
000000000000   // line 29 px 33
000000000000   // line 29 px 34
000000000000   // line 29 px 35
000000000000   // line 29 px 36
000000000000   // line 29 px 37
000000000000   // line 29 px 38
0fff00000000   // line 29 px 39
0fff00000000   // line 30 px  0
000000000000   // line 30 px  1
000000000000   // line 30 px  2
000000000000   // line 30 px  3
000000000000   // line 30 px  4
000000000000   // line 30 px  5
000000000000   // line 30 px  6
000000000000   // line 30 px  7
000000000000   // line 30 px  8
000000000000   // line 30 px  9
000000000000   // line 30 px 10
000000000000   // line 30 px 11
000000000000   // line 30 px 12
000000000000   // line 30 px 13
000000000000   // line 30 px 14
000000000000   // line 30 px 15
000000000000   // line 30 px 16
000000000000   // line 30 px 17
000000000000   // line 30 px 18
000000000000   // line 30 px 19
0fff0fff0fff   // line 30 px 20
000000000000   // line 30 px 21
000000000000   // line 30 px 22
000000000000   // line 30 px 23
000000000000   // line 30 px 24
000000000000   // line 30 px 25
000000000000   // line 30 px 26
000000000000   // line 30 px 27
000000000000   // line 30 px 28
000000000000   // line 30 px 29
000000000000   // line 30 px 30
000000000000   // line 30 px 31
000000000000   // line 30 px 32
000000000000   // line 30 px 33
000000000000   // line 30 px 34
000000000000   // line 30 px 35
000000000000   // line 30 px 36
000000000000   // line 30 px 37
000000000000   // line 30 px 38
0fff00000000   // line 30 px 39
0fff00000000   // line 31 px  0
000000000000   // line 31 px  1
000000000000   // line 31 px  2
000000000000   // line 31 px  3
000000000000   // line 31 px  4
000000000000   // line 31 px  5
000000000000   // line 31 px  6
000000000000   // line 31 px  7
000000000000   // line 31 px  8
000000000000   // line 31 px  9
000000000000   // line 31 px 10
000000000000   // line 31 px 11
000000000000   // line 31 px 12
000000000000   // line 31 px 13
000000000000   // line 31 px 14
000000000000   // line 31 px 15
000000000000   // line 31 px 16
000000000000   // line 31 px 17
000000000000   // line 31 px 18
000000000000   // line 31 px 19
0fff0fff0fff   // line 31 px 20
000000000000   // line 31 px 21
000000000000   // line 31 px 22
000000000000   // line 31 px 23
000000000000   // line 31 px 24
000000000000   // line 31 px 25
000000000000   // line 31 px 26
000000000000   // line 31 px 27
000000000000   // line 31 px 28
000000000000   // line 31 px 29
000000000000   // line 31 px 30
000000000000   // line 31 px 31
000000000000   // line 31 px 32
000000000000   // line 31 px 33
000000000000   // line 31 px 34
000000000000   // line 31 px 35
000000000000   // line 31 px 36
000000000000   // line 31 px 37
000000000000   // line 31 px 38
0fff00000000   // line 31 px 39
0fff00000000   // line 32 px  0
000000000000   // line 32 px  1
000000000000   // line 32 px  2
000000000000   // line 32 px  3
000000000000   // line 32 px  4
000000000000   // line 32 px  5
000000000000   // line 32 px  6
000000000000   // line 32 px  7
000000000000   // line 32 px  8
000000000000   // line 32 px  9
000000000000   // line 32 px 10
000000000000   // line 32 px 11
000000000000   // line 32 px 12
000000000000   // line 32 px 13
000000000000   // line 32 px 14
000000000000   // line 32 px 15
000000000000   // line 32 px 16
000000000000   // line 32 px 17
000000000000   // line 32 px 18
000000000000   // line 32 px 19
0fff0fff0fff   // line 32 px 20
000000000000   // line 32 px 21
000000000000   // line 32 px 22
000000000000   // line 32 px 23
000000000000   // line 32 px 24
000000000000   // line 32 px 25
000000000000   // line 32 px 26
000000000000   // line 32 px 27
000000000000   // line 32 px 28
000000000000   // line 32 px 29
000000000000   // line 32 px 30
000000000000   // line 32 px 31
000000000000   // line 32 px 32
000000000000   // line 32 px 33
000000000000   // line 32 px 34
000000000000   // line 32 px 35
000000000000   // line 32 px 36
000000000000   // line 32 px 37
000000000000   // line 32 px 38
0fff00000000   // line 32 px 39
0fff00000000   // line 33 px  0
000000000000   // line 33 px  1
000000000000   // line 33 px  2
000000000000   // line 33 px  3
000000000000   // line 33 px  4
000000000000   // line 33 px  5
000000000000   // line 33 px  6
000000000000   // line 33 px  7
000000000000   // line 33 px  8
000000000000   // line 33 px  9
000000000000   // line 33 px 10
000000000000   // line 33 px 11
000000000000   // line 33 px 12
000000000000   // line 33 px 13
000000000000   // line 33 px 14
000000000000   // line 33 px 15
000000000000   // line 33 px 16
000000000000   // line 33 px 17
000000000000   // line 33 px 18
000000000000   // line 33 px 19
0fff0fff0fff   // line 33 px 20
000000000000   // line 33 px 21
000000000000   // line 33 px 22
000000000000   // line 33 px 23
000000000000   // line 33 px 24
000000000000   // line 33 px 25
000000000000   // line 33 px 26
000000000000   // line 33 px 27
000000000000   // line 33 px 28
000000000000   // line 33 px 29
000000000000   // line 33 px 30
000000000000   // line 33 px 31
000000000000   // line 33 px 32
000000000000   // line 33 px 33
000000000000   // line 33 px 34
000000000000   // line 33 px 35
000000000000   // line 33 px 36
000000000000   // line 33 px 37
000000000000   // line 33 px 38
0fff00000000   // line 33 px 39
0fff00000000   // line 34 px  0
000000000000   // line 34 px  1
000000000000   // line 34 px  2
000000000000   // line 34 px  3
000000000000   // line 34 px  4
000000000000   // line 34 px  5
000000000000   // line 34 px  6
000000000000   // line 34 px  7
000000000000   // line 34 px  8
000000000000   // line 34 px  9
000000000000   // line 34 px 10
000000000000   // line 34 px 11
000000000000   // line 34 px 12
000000000000   // line 34 px 13
000000000000   // line 34 px 14
000000000000   // line 34 px 15
000000000000   // line 34 px 16
000000000000   // line 34 px 17
000000000000   // line 34 px 18
000000000000   // line 34 px 19
0fff0fff0fff   // line 34 px 20
000000000000   // line 34 px 21
000000000000   // line 34 px 22
000000000000   // line 34 px 23
000000000000   // line 34 px 24
000000000000   // line 34 px 25
000000000000   // line 34 px 26
000000000000   // line 34 px 27
000000000000   // line 34 px 28
000000000000   // line 34 px 29
000000000000   // line 34 px 30
000000000000   // line 34 px 31
000000000000   // line 34 px 32
000000000000   // line 34 px 33
000000000000   // line 34 px 34
000000000000   // line 34 px 35
000000000000   // line 34 px 36
000000000000   // line 34 px 37
000000000000   // line 34 px 38
0fff00000000   // line 34 px 39
0fff00000000   // line 35 px  0
000000000000   // line 35 px  1
000000000000   // line 35 px  2
000000000000   // line 35 px  3
000000000000   // line 35 px  4
000000000000   // line 35 px  5
000000000000   // line 35 px  6
000000000000   // line 35 px  7
000000000000   // line 35 px  8
000000000000   // line 35 px  9
000000000000   // line 35 px 10
000000000000   // line 35 px 11
000000000000   // line 35 px 12
000000000000   // line 35 px 13
000000000000   // line 35 px 14
000000000000   // line 35 px 15
000000000000   // line 35 px 16
000000000000   // line 35 px 17
000000000000   // line 35 px 18
000000000000   // line 35 px 19
0fff0fff0fff   // line 35 px 20
000000000000   // line 35 px 21
000000000000   // line 35 px 22
000000000000   // line 35 px 23
000000000000   // line 35 px 24
000000000000   // line 35 px 25
000000000000   // line 35 px 26
000000000000   // line 35 px 27
000000000000   // line 35 px 28
000000000000   // line 35 px 29
000000000000   // line 35 px 30
000000000000   // line 35 px 31
000000000000   // line 35 px 32
000000000000   // line 35 px 33
000000000000   // line 35 px 34
000000000000   // line 35 px 35
000000000000   // line 35 px 36
000000000000   // line 35 px 37
000000000000   // line 35 px 38
0fff00000000   // line 35 px 39
0fff00000000   // line 36 px  0
000000000000   // line 36 px  1
000000000000   // line 36 px  2
000000000000   // line 36 px  3
000000000000   // line 36 px  4
000000000000   // line 36 px  5
000000000000   // line 36 px  6
000000000000   // line 36 px  7
000000000000   // line 36 px  8
000000000000   // line 36 px  9
000000000000   // line 36 px 10
000000000000   // line 36 px 11
000000000000   // line 36 px 12
000000000000   // line 36 px 13
000000000000   // line 36 px 14
000000000000   // line 36 px 15
000000000000   // line 36 px 16
000000000000   // line 36 px 17
000000000000   // line 36 px 18
000000000000   // line 36 px 19
0fff0fff0fff   // line 36 px 20
000000000000   // line 36 px 21
000000000000   // line 36 px 22
000000000000   // line 36 px 23
000000000000   // line 36 px 24
000000000000   // line 36 px 25
000000000000   // line 36 px 26
000000000000   // line 36 px 27
000000000000   // line 36 px 28
000000000000   // line 36 px 29
000000000000   // line 36 px 30
000000000000   // line 36 px 31
000000000000   // line 36 px 32
000000000000   // line 36 px 33
000000000000   // line 36 px 34
000000000000   // line 36 px 35
000000000000   // line 36 px 36
000000000000   // line 36 px 37
000000000000   // line 36 px 38
0fff00000000   // line 36 px 39
0fff00000000   // line 37 px  0
000000000000   // line 37 px  1
000000000000   // line 37 px  2
000000000000   // line 37 px  3
000000000000   // line 37 px  4
000000000000   // line 37 px  5
000000000000   // line 37 px  6
000000000000   // line 37 px  7
000000000000   // line 37 px  8
000000000000   // line 37 px  9
000000000000   // line 37 px 10
000000000000   // line 37 px 11
000000000000   // line 37 px 12
000000000000   // line 37 px 13
000000000000   // line 37 px 14
000000000000   // line 37 px 15
000000000000   // line 37 px 16
000000000000   // line 37 px 17
000000000000   // line 37 px 18
000000000000   // line 37 px 19
0fff0fff0fff   // line 37 px 20
000000000000   // line 37 px 21
000000000000   // line 37 px 22
000000000000   // line 37 px 23
000000000000   // line 37 px 24
000000000000   // line 37 px 25
000000000000   // line 37 px 26
000000000000   // line 37 px 27
000000000000   // line 37 px 28
000000000000   // line 37 px 29
000000000000   // line 37 px 30
000000000000   // line 37 px 31
000000000000   // line 37 px 32
000000000000   // line 37 px 33
000000000000   // line 37 px 34
000000000000   // line 37 px 35
000000000000   // line 37 px 36
000000000000   // line 37 px 37
000000000000   // line 37 px 38
0fff00000000   // line 37 px 39
0fff00000000   // line 38 px  0
000000000000   // line 38 px  1
000000000000   // line 38 px  2
000000000000   // line 38 px  3
000000000000   // line 38 px  4
000000000000   // line 38 px  5
000000000000   // line 38 px  6
000000000000   // line 38 px  7
000000000000   // line 38 px  8
000000000000   // line 38 px  9
000000000000   // line 38 px 10
000000000000   // line 38 px 11
000000000000   // line 38 px 12
000000000000   // line 38 px 13
000000000000   // line 38 px 14
000000000000   // line 38 px 15
000000000000   // line 38 px 16
000000000000   // line 38 px 17
000000000000   // line 38 px 18
000000000000   // line 38 px 19
0fff0fff0fff   // line 38 px 20
000000000000   // line 38 px 21
000000000000   // line 38 px 22
000000000000   // line 38 px 23
000000000000   // line 38 px 24
000000000000   // line 38 px 25
000000000000   // line 38 px 26
000000000000   // line 38 px 27
000000000000   // line 38 px 28
000000000000   // line 38 px 29
000000000000   // line 38 px 30
000000000000   // line 38 px 31
000000000000   // line 38 px 32
000000000000   // line 38 px 33
000000000000   // line 38 px 34
000000000000   // line 38 px 35
000000000000   // line 38 px 36
000000000000   // line 38 px 37
000000000000   // line 38 px 38
0fff00000000   // line 38 px 39
0fff00000000   // line 39 px  0
000000000000   // line 39 px  1
000000000000   // line 39 px  2
000000000000   // line 39 px  3
000000000000   // line 39 px  4
000000000000   // line 39 px  5
000000000000   // line 39 px  6
000000000000   // line 39 px  7
000000000000   // line 39 px  8
000000000000   // line 39 px  9
000000000000   // line 39 px 10
000000000000   // line 39 px 11
000000000000   // line 39 px 12
000000000000   // line 39 px 13
000000000000   // line 39 px 14
000000000000   // line 39 px 15
000000000000   // line 39 px 16
000000000000   // line 39 px 17
000000000000   // line 39 px 18
000000000000   // line 39 px 19
0fff0fff0fff   // line 39 px 20
000000000000   // line 39 px 21
000000000000   // line 39 px 22
000000000000   // line 39 px 23
000000000000   // line 39 px 24
000000000000   // line 39 px 25
000000000000   // line 39 px 26
000000000000   // line 39 px 27
000000000000   // line 39 px 28
000000000000   // line 39 px 29
000000000000   // line 39 px 30
000000000000   // line 39 px 31
000000000000   // line 39 px 32
000000000000   // line 39 px 33
000000000000   // line 39 px 34
000000000000   // line 39 px 35
000000000000   // line 39 px 36
000000000000   // line 39 px 37
000000000000   // line 39 px 38
0fff00000000   // line 39 px 39
0fff00000000   // line 40 px  0
000000000000   // line 40 px  1
000000000000   // line 40 px  2
000000000000   // line 40 px  3
000000000000   // line 40 px  4
000000000000   // line 40 px  5
000000000000   // line 40 px  6
000000000000   // line 40 px  7
000000000000   // line 40 px  8
000000000000   // line 40 px  9
000000000000   // line 40 px 10
000000000000   // line 40 px 11
000000000000   // line 40 px 12
000000000000   // line 40 px 13
000000000000   // line 40 px 14
000000000000   // line 40 px 15
000000000000   // line 40 px 16
000000000000   // line 40 px 17
000000000000   // line 40 px 18
000000000000   // line 40 px 19
0fff0fff0fff   // line 40 px 20
000000000000   // line 40 px 21
000000000000   // line 40 px 22
000000000000   // line 40 px 23
000000000000   // line 40 px 24
000000000000   // line 40 px 25
000000000000   // line 40 px 26
000000000000   // line 40 px 27
000000000000   // line 40 px 28
000000000000   // line 40 px 29
000000000000   // line 40 px 30
000000000000   // line 40 px 31
000000000000   // line 40 px 32
000000000000   // line 40 px 33
000000000000   // line 40 px 34
000000000000   // line 40 px 35
000000000000   // line 40 px 36
000000000000   // line 40 px 37
000000000000   // line 40 px 38
0fff00000000   // line 40 px 39
0fff00000000   // line 41 px  0
000000000000   // line 41 px  1
000000000000   // line 41 px  2
000000000000   // line 41 px  3
000000000000   // line 41 px  4
000000000000   // line 41 px  5
000000000000   // line 41 px  6
000000000000   // line 41 px  7
000000000000   // line 41 px  8
000000000000   // line 41 px  9
000000000000   // line 41 px 10
000000000000   // line 41 px 11
000000000000   // line 41 px 12
000000000000   // line 41 px 13
000000000000   // line 41 px 14
000000000000   // line 41 px 15
000000000000   // line 41 px 16
000000000000   // line 41 px 17
000000000000   // line 41 px 18
000000000000   // line 41 px 19
0fff0fff0fff   // line 41 px 20
000000000000   // line 41 px 21
000000000000   // line 41 px 22
000000000000   // line 41 px 23
000000000000   // line 41 px 24
000000000000   // line 41 px 25
000000000000   // line 41 px 26
000000000000   // line 41 px 27
000000000000   // line 41 px 28
000000000000   // line 41 px 29
000000000000   // line 41 px 30
000000000000   // line 41 px 31
000000000000   // line 41 px 32
000000000000   // line 41 px 33
000000000000   // line 41 px 34
000000000000   // line 41 px 35
000000000000   // line 41 px 36
000000000000   // line 41 px 37
000000000000   // line 41 px 38
0fff00000000   // line 41 px 39
0fff00000000   // line 42 px  0
000000000000   // line 42 px  1
000000000000   // line 42 px  2
000000000000   // line 42 px  3
000000000000   // line 42 px  4
000000000000   // line 42 px  5
000000000000   // line 42 px  6
000000000000   // line 42 px  7
000000000000   // line 42 px  8
000000000000   // line 42 px  9
000000000000   // line 42 px 10
000000000000   // line 42 px 11
000000000000   // line 42 px 12
000000000000   // line 42 px 13
000000000000   // line 42 px 14
000000000000   // line 42 px 15
000000000000   // line 42 px 16
000000000000   // line 42 px 17
000000000000   // line 42 px 18
000000000000   // line 42 px 19
0fff0fff0fff   // line 42 px 20
000000000000   // line 42 px 21
000000000000   // line 42 px 22
000000000000   // line 42 px 23
000000000000   // line 42 px 24
000000000000   // line 42 px 25
000000000000   // line 42 px 26
000000000000   // line 42 px 27
000000000000   // line 42 px 28
000000000000   // line 42 px 29
000000000000   // line 42 px 30
000000000000   // line 42 px 31
000000000000   // line 42 px 32
000000000000   // line 42 px 33
000000000000   // line 42 px 34
000000000000   // line 42 px 35
000000000000   // line 42 px 36
000000000000   // line 42 px 37
000000000000   // line 42 px 38
0fff00000000   // line 42 px 39
0fff00000000   // line 43 px  0
000000000000   // line 43 px  1
000000000000   // line 43 px  2
000000000000   // line 43 px  3
000000000000   // line 43 px  4
000000000000   // line 43 px  5
000000000000   // line 43 px  6
000000000000   // line 43 px  7
000000000000   // line 43 px  8
000000000000   // line 43 px  9
000000000000   // line 43 px 10
000000000000   // line 43 px 11
000000000000   // line 43 px 12
000000000000   // line 43 px 13
000000000000   // line 43 px 14
000000000000   // line 43 px 15
000000000000   // line 43 px 16
000000000000   // line 43 px 17
000000000000   // line 43 px 18
000000000000   // line 43 px 19
0fff0fff0fff   // line 43 px 20
000000000000   // line 43 px 21
000000000000   // line 43 px 22
000000000000   // line 43 px 23
000000000000   // line 43 px 24
000000000000   // line 43 px 25
000000000000   // line 43 px 26
000000000000   // line 43 px 27
000000000000   // line 43 px 28
000000000000   // line 43 px 29
000000000000   // line 43 px 30
000000000000   // line 43 px 31
000000000000   // line 43 px 32
000000000000   // line 43 px 33
000000000000   // line 43 px 34
000000000000   // line 43 px 35
000000000000   // line 43 px 36
000000000000   // line 43 px 37
000000000000   // line 43 px 38
0fff00000000   // line 43 px 39
0fff00000000   // line 44 px  0
0fff00000000   // line 44 px  1
0fff00000000   // line 44 px  2
0fff00000000   // line 44 px  3
0fff00000000   // line 44 px  4
0fff00000000   // line 44 px  5
0fff00000000   // line 44 px  6
0fff00000000   // line 44 px  7
0fff00000000   // line 44 px  8
0fff00000000   // line 44 px  9
0fff00000000   // line 44 px 10
0fff00000000   // line 44 px 11
0fff00000000   // line 44 px 12
0fff00000000   // line 44 px 13
0fff00000000   // line 44 px 14
0fff00000000   // line 44 px 15
0fff00000000   // line 44 px 16
0fff00000000   // line 44 px 17
0fff00000000   // line 44 px 18
0fff00000000   // line 44 px 19
0fff0fff0fff   // line 44 px 20
0fff00000000   // line 44 px 21
0fff00000000   // line 44 px 22
0fff00000000   // line 44 px 23
0fff00000000   // line 44 px 24
0fff00000000   // line 44 px 25
0fff00000000   // line 44 px 26
0fff00000000   // line 44 px 27
0fff00000000   // line 44 px 28
0fff00000000   // line 44 px 29
0fff00000000   // line 44 px 30
0fff00000000   // line 44 px 31
0fff00000000   // line 44 px 32
0fff00000000   // line 44 px 33
0fff00000000   // line 44 px 34
0fff00000000   // line 44 px 35
0fff00000000   // line 44 px 36
0fff00000000   // line 44 px 37
0fff00000000   // line 44 px 38
0fff00000000   // line 44 px 39
0fff00000000   // line  0 px  0
0fff00000000   // line  0 px  1
0fff00000000   // line  0 px  2
0fff00000000   // line  0 px  3
0fff00000000   // line  0 px  4
0fff00000000   // line  0 px  5
0fff00000000   // line  0 px  6
0fff00000000   // line  0 px  7
0fff00000000   // line  0 px  8
0fff00000000   // line  0 px  9
0fff00000000   // line  0 px 10
0fff00000000   // line  0 px 11
0fff00000000   // line  0 px 12
0fff00000000   // line  0 px 13
0fff00000000   // line  0 px 14
0fff00000000   // line  0 px 15
0fff00000000   // line  0 px 16
0fff00000000   // line  0 px 17
0fff00000000   // line  0 px 18
0fff00000000   // line  0 px 19
0fff0fff0fff   // line  0 px 20
0fff00000000   // line  0 px 21
0fff00000000   // line  0 px 22
0fff00000000   // line  0 px 23
0fff00000000   // line  0 px 24
0fff00000000   // line  0 px 25
0fff00000000   // line  0 px 26
0fff00000000   // line  0 px 27
0fff00000000   // line  0 px 28
0fff00000000   // line  0 px 29
0fff00000000   // line  0 px 30
0fff00000000   // line  0 px 31
0fff00000000   // line  0 px 32
0fff00000000   // line  0 px 33
0fff00000000   // line  0 px 34
0fff00000000   // line  0 px 35
0fff00000000   // line  0 px 36
0fff00000000   // line  0 px 37
0fff00000000   // line  0 px 38
0fff00000000   // line  0 px 39
0fff00000000   // line  1 px  0
000000000000   // line  1 px  1
000000000000   // line  1 px  2
000000000000   // line  1 px  3
000000000000   // line  1 px  4
000000000000   // line  1 px  5
000000000000   // line  1 px  6
000000000000   // line  1 px  7
000000000000   // line  1 px  8
000000000000   // line  1 px  9
000000000000   // line  1 px 10
000000000000   // line  1 px 11
000000000000   // line  1 px 12
000000000000   // line  1 px 13
000000000000   // line  1 px 14
000000000000   // line  1 px 15
000000000000   // line  1 px 16
000000000000   // line  1 px 17
000000000000   // line  1 px 18
000000000000   // line  1 px 19
0fff0fff0fff   // line  1 px 20
000000000000   // line  1 px 21
000000000000   // line  1 px 22
000000000000   // line  1 px 23
000000000000   // line  1 px 24
000000000000   // line  1 px 25
000000000000   // line  1 px 26
000000000000   // line  1 px 27
000000000000   // line  1 px 28
000000000000   // line  1 px 29
000000000000   // line  1 px 30
000000000000   // line  1 px 31
000000000000   // line  1 px 32
000000000000   // line  1 px 33
000000000000   // line  1 px 34
000000000000   // line  1 px 35
000000000000   // line  1 px 36
000000000000   // line  1 px 37
000000000000   // line  1 px 38
0fff00000000   // line  1 px 39
0fff00000000   // line  2 px  0
000000000000   // line  2 px  1
000000000000   // line  2 px  2
000000000000   // line  2 px  3
000000000000   // line  2 px  4
000000000000   // line  2 px  5
000000000000   // line  2 px  6
000000000000   // line  2 px  7
000000000000   // line  2 px  8
000000000000   // line  2 px  9
000000000000   // line  2 px 10
000000000000   // line  2 px 11
000000000000   // line  2 px 12
000000000000   // line  2 px 13
000000000000   // line  2 px 14
000000000000   // line  2 px 15
000000000000   // line  2 px 16
000000000000   // line  2 px 17
000000000000   // line  2 px 18
000000000000   // line  2 px 19
0fff0fff0fff   // line  2 px 20
000000000000   // line  2 px 21
000000000000   // line  2 px 22
000000000000   // line  2 px 23
000000000000   // line  2 px 24
000000000000   // line  2 px 25
000000000000   // line  2 px 26
000000000000   // line  2 px 27
000000000000   // line  2 px 28
000000000000   // line  2 px 29
000000000000   // line  2 px 30
000000000000   // line  2 px 31
000000000000   // line  2 px 32
000000000000   // line  2 px 33
000000000000   // line  2 px 34
000000000000   // line  2 px 35
000000000000   // line  2 px 36
000000000000   // line  2 px 37
000000000000   // line  2 px 38
0fff00000000   // line  2 px 39
0fff00000000   // line  3 px  0
000000000000   // line  3 px  1
000000000000   // line  3 px  2
000000000000   // line  3 px  3
000000000000   // line  3 px  4
000000000000   // line  3 px  5
000000000000   // line  3 px  6
000000000000   // line  3 px  7
000000000000   // line  3 px  8
000000000000   // line  3 px  9
000000000000   // line  3 px 10
000000000000   // line  3 px 11
000000000000   // line  3 px 12
000000000000   // line  3 px 13
000000000000   // line  3 px 14
000000000000   // line  3 px 15
000000000000   // line  3 px 16
000000000000   // line  3 px 17
000000000000   // line  3 px 18
000000000000   // line  3 px 19
0fff0fff0fff   // line  3 px 20
000000000000   // line  3 px 21
000000000000   // line  3 px 22
000000000000   // line  3 px 23
000000000000   // line  3 px 24
000000000000   // line  3 px 25
000000000000   // line  3 px 26
000000000000   // line  3 px 27
000000000000   // line  3 px 28
000000000000   // line  3 px 29
000000000000   // line  3 px 30
000000000000   // line  3 px 31
000000000000   // line  3 px 32
000000000000   // line  3 px 33
000000000000   // line  3 px 34
000000000000   // line  3 px 35
000000000000   // line  3 px 36
000000000000   // line  3 px 37
000000000000   // line  3 px 38
0fff00000000   // line  3 px 39
0fff00000000   // line  4 px  0
000000000000   // line  4 px  1
000000000000   // line  4 px  2
000000000000   // line  4 px  3
000000000000   // line  4 px  4
000000000000   // line  4 px  5
000000000000   // line  4 px  6
000000000000   // line  4 px  7
000000000000   // line  4 px  8
000000000000   // line  4 px  9
000000000000   // line  4 px 10
000000000000   // line  4 px 11
000000000000   // line  4 px 12
000000000000   // line  4 px 13
000000000000   // line  4 px 14
000000000000   // line  4 px 15
000000000000   // line  4 px 16
000000000000   // line  4 px 17
000000000000   // line  4 px 18
000000000000   // line  4 px 19
0fff0fff0fff   // line  4 px 20
000000000000   // line  4 px 21
000000000000   // line  4 px 22
000000000000   // line  4 px 23
000000000000   // line  4 px 24
000000000000   // line  4 px 25
000000000000   // line  4 px 26
000000000000   // line  4 px 27
000000000000   // line  4 px 28
000000000000   // line  4 px 29
000000000000   // line  4 px 30
000000000000   // line  4 px 31
000000000000   // line  4 px 32
000000000000   // line  4 px 33
000000000000   // line  4 px 34
000000000000   // line  4 px 35
000000000000   // line  4 px 36
000000000000   // line  4 px 37
000000000000   // line  4 px 38
0fff00000000   // line  4 px 39
0fff00000000   // line  5 px  0
000000000000   // line  5 px  1
000000000000   // line  5 px  2
000000000000   // line  5 px  3
000000000000   // line  5 px  4
000000000000   // line  5 px  5
000000000000   // line  5 px  6
000000000000   // line  5 px  7
000000000000   // line  5 px  8
000000000000   // line  5 px  9
000000000000   // line  5 px 10
000000000000   // line  5 px 11
000000000000   // line  5 px 12
000000000000   // line  5 px 13
000000000000   // line  5 px 14
000000000000   // line  5 px 15
000000000000   // line  5 px 16
000000000000   // line  5 px 17
000000000000   // line  5 px 18
000000000000   // line  5 px 19
0fff0fff0fff   // line  5 px 20
000000000000   // line  5 px 21
000000000000   // line  5 px 22
000000000000   // line  5 px 23
000000000000   // line  5 px 24
000000000000   // line  5 px 25
000000000000   // line  5 px 26
000000000000   // line  5 px 27
000000000000   // line  5 px 28
000000000000   // line  5 px 29
000000000000   // line  5 px 30
000000000000   // line  5 px 31
000000000000   // line  5 px 32
000000000000   // line  5 px 33
000000000000   // line  5 px 34
000000000000   // line  5 px 35
000000000000   // line  5 px 36
000000000000   // line  5 px 37
000000000000   // line  5 px 38
0fff00000000   // line  5 px 39
0fff00000000   // line  6 px  0
000000000000   // line  6 px  1
000000000000   // line  6 px  2
000000000000   // line  6 px  3
000000000000   // line  6 px  4
000000000000   // line  6 px  5
000000000000   // line  6 px  6
000000000000   // line  6 px  7
000000000000   // line  6 px  8
000000000000   // line  6 px  9
000000000000   // line  6 px 10
000000000000   // line  6 px 11
000000000000   // line  6 px 12
000000000000   // line  6 px 13
000000000000   // line  6 px 14
000000000000   // line  6 px 15
000000000000   // line  6 px 16
000000000000   // line  6 px 17
000000000000   // line  6 px 18
000000000000   // line  6 px 19
0fff0fff0fff   // line  6 px 20
000000000000   // line  6 px 21
000000000000   // line  6 px 22
000000000000   // line  6 px 23
000000000000   // line  6 px 24
000000000000   // line  6 px 25
000000000000   // line  6 px 26
000000000000   // line  6 px 27
000000000000   // line  6 px 28
000000000000   // line  6 px 29
000000000000   // line  6 px 30
000000000000   // line  6 px 31
000000000000   // line  6 px 32
000000000000   // line  6 px 33
000000000000   // line  6 px 34
000000000000   // line  6 px 35
000000000000   // line  6 px 36
000000000000   // line  6 px 37
000000000000   // line  6 px 38
0fff00000000   // line  6 px 39
0fff00000000   // line  7 px  0
000000000000   // line  7 px  1
000000000000   // line  7 px  2
000000000000   // line  7 px  3
000000000000   // line  7 px  4
000000000000   // line  7 px  5
000000000000   // line  7 px  6
000000000000   // line  7 px  7
000000000000   // line  7 px  8
000000000000   // line  7 px  9
000000000000   // line  7 px 10
000000000000   // line  7 px 11
000000000000   // line  7 px 12
000000000000   // line  7 px 13
000000000000   // line  7 px 14
000000000000   // line  7 px 15
000000000000   // line  7 px 16
000000000000   // line  7 px 17
000000000000   // line  7 px 18
000000000000   // line  7 px 19
0fff0fff0fff   // line  7 px 20
000000000000   // line  7 px 21
000000000000   // line  7 px 22
000000000000   // line  7 px 23
000000000000   // line  7 px 24
000000000000   // line  7 px 25
000000000000   // line  7 px 26
000000000000   // line  7 px 27
000000000000   // line  7 px 28
000000000000   // line  7 px 29
000000000000   // line  7 px 30
000000000000   // line  7 px 31
000000000000   // line  7 px 32
000000000000   // line  7 px 33
000000000000   // line  7 px 34
000000000000   // line  7 px 35
000000000000   // line  7 px 36
000000000000   // line  7 px 37
000000000000   // line  7 px 38
0fff00000000   // line  7 px 39
0fff00000000   // line  8 px  0
000000000000   // line  8 px  1
000000000000   // line  8 px  2
000000000000   // line  8 px  3
000000000000   // line  8 px  4
000000000000   // line  8 px  5
000000000000   // line  8 px  6
000000000000   // line  8 px  7
000000000000   // line  8 px  8
000000000000   // line  8 px  9
000000000000   // line  8 px 10
000000000000   // line  8 px 11
000000000000   // line  8 px 12
000000000000   // line  8 px 13
000000000000   // line  8 px 14
000000000000   // line  8 px 15
000000000000   // line  8 px 16
000000000000   // line  8 px 17
000000000000   // line  8 px 18
000000000000   // line  8 px 19
0fff0fff0fff   // line  8 px 20
000000000000   // line  8 px 21
000000000000   // line  8 px 22
000000000000   // line  8 px 23
000000000000   // line  8 px 24
000000000000   // line  8 px 25
000000000000   // line  8 px 26
000000000000   // line  8 px 27
000000000000   // line  8 px 28
000000000000   // line  8 px 29
000000000000   // line  8 px 30
000000000000   // line  8 px 31
000000000000   // line  8 px 32
000000000000   // line  8 px 33
000000000000   // line  8 px 34
000000000000   // line  8 px 35
000000000000   // line  8 px 36
000000000000   // line  8 px 37
000000000000   // line  8 px 38
0fff00000000   // line  8 px 39
0fff00000000   // line  9 px  0
000000000000   // line  9 px  1
000000000000   // line  9 px  2
000000000000   // line  9 px  3
000000000000   // line  9 px  4
000000000000   // line  9 px  5
000000000000   // line  9 px  6
000000000000   // line  9 px  7
000000000000   // line  9 px  8
000000000000   // line  9 px  9
000000000000   // line  9 px 10
000000000000   // line  9 px 11
000000000000   // line  9 px 12
000000000000   // line  9 px 13
000000000000   // line  9 px 14
000000000000   // line  9 px 15
000000000000   // line  9 px 16
000000000000   // line  9 px 17
000000000000   // line  9 px 18
000000000000   // line  9 px 19
0fff0fff0fff   // line  9 px 20
000000000000   // line  9 px 21
000000000000   // line  9 px 22
000000000000   // line  9 px 23
000000000000   // line  9 px 24
000000000000   // line  9 px 25
000000000000   // line  9 px 26
000000000000   // line  9 px 27
000000000000   // line  9 px 28
000000000000   // line  9 px 29
000000000000   // line  9 px 30
000000000000   // line  9 px 31
000000000000   // line  9 px 32
000000000000   // line  9 px 33
000000000000   // line  9 px 34
000000000000   // line  9 px 35
000000000000   // line  9 px 36
000000000000   // line  9 px 37
000000000000   // line  9 px 38
0fff00000000   // line  9 px 39
0fff00000000   // line 10 px  0
000000000000   // line 10 px  1
000000000000   // line 10 px  2
000000000000   // line 10 px  3
000000000000   // line 10 px  4
000000000000   // line 10 px  5
000000000000   // line 10 px  6
000000000000   // line 10 px  7
000000000000   // line 10 px  8
000000000000   // line 10 px  9
000000000000   // line 10 px 10
000000000000   // line 10 px 11
000000000000   // line 10 px 12
000000000000   // line 10 px 13
000000000000   // line 10 px 14
000000000000   // line 10 px 15
000000000000   // line 10 px 16
000000000000   // line 10 px 17
000000000000   // line 10 px 18
000000000000   // line 10 px 19
0fff0fff0fff   // line 10 px 20
000000000000   // line 10 px 21
000000000000   // line 10 px 22
000000000000   // line 10 px 23
000000000000   // line 10 px 24
000000000000   // line 10 px 25
000000000000   // line 10 px 26
000000000000   // line 10 px 27
000000000000   // line 10 px 28
000000000000   // line 10 px 29
000000000000   // line 10 px 30
000000000000   // line 10 px 31
000000000000   // line 10 px 32
000000000000   // line 10 px 33
000000000000   // line 10 px 34
000000000000   // line 10 px 35
000000000000   // line 10 px 36
000000000000   // line 10 px 37
000000000000   // line 10 px 38
0fff00000000   // line 10 px 39
0fff00000000   // line 11 px  0
000000000000   // line 11 px  1
000000000000   // line 11 px  2
000000000000   // line 11 px  3
000000000000   // line 11 px  4
000000000000   // line 11 px  5
000000000000   // line 11 px  6
000000000000   // line 11 px  7
000000000000   // line 11 px  8
000000000000   // line 11 px  9
000000000000   // line 11 px 10
000000000000   // line 11 px 11
000000000000   // line 11 px 12
000000000000   // line 11 px 13
000000000000   // line 11 px 14
000000000000   // line 11 px 15
000000000000   // line 11 px 16
000000000000   // line 11 px 17
000000000000   // line 11 px 18
000000000000   // line 11 px 19
0fff0fff0fff   // line 11 px 20
000000000000   // line 11 px 21
000000000000   // line 11 px 22
000000000000   // line 11 px 23
000000000000   // line 11 px 24
000000000000   // line 11 px 25
000000000000   // line 11 px 26
000000000000   // line 11 px 27
000000000000   // line 11 px 28
000000000000   // line 11 px 29
000000000000   // line 11 px 30
000000000000   // line 11 px 31
000000000000   // line 11 px 32
000000000000   // line 11 px 33
000000000000   // line 11 px 34
000000000000   // line 11 px 35
000000000000   // line 11 px 36
000000000000   // line 11 px 37
000000000000   // line 11 px 38
0fff00000000   // line 11 px 39
0fff00000000   // line 12 px  0
000000000000   // line 12 px  1
000000000000   // line 12 px  2
000000000000   // line 12 px  3
000000000000   // line 12 px  4
000000000000   // line 12 px  5
000000000000   // line 12 px  6
000000000000   // line 12 px  7
000000000000   // line 12 px  8
000000000000   // line 12 px  9
000000000000   // line 12 px 10
000000000000   // line 12 px 11
000000000000   // line 12 px 12
000000000000   // line 12 px 13
000000000000   // line 12 px 14
000000000000   // line 12 px 15
000000000000   // line 12 px 16
000000000000   // line 12 px 17
000000000000   // line 12 px 18
000000000000   // line 12 px 19
0fff0fff0fff   // line 12 px 20
000000000000   // line 12 px 21
000000000000   // line 12 px 22
000000000000   // line 12 px 23
000000000000   // line 12 px 24
000000000000   // line 12 px 25
000000000000   // line 12 px 26
000000000000   // line 12 px 27
000000000000   // line 12 px 28
000000000000   // line 12 px 29
000000000000   // line 12 px 30
000000000000   // line 12 px 31
000000000000   // line 12 px 32
000000000000   // line 12 px 33
000000000000   // line 12 px 34
000000000000   // line 12 px 35
000000000000   // line 12 px 36
000000000000   // line 12 px 37
000000000000   // line 12 px 38
0fff00000000   // line 12 px 39
0fff00000000   // line 13 px  0
000000000000   // line 13 px  1
000000000000   // line 13 px  2
000000000000   // line 13 px  3
000000000000   // line 13 px  4
000000000000   // line 13 px  5
000000000000   // line 13 px  6
000000000000   // line 13 px  7
000000000000   // line 13 px  8
000000000000   // line 13 px  9
000000000000   // line 13 px 10
000000000000   // line 13 px 11
000000000000   // line 13 px 12
000000000000   // line 13 px 13
000000000000   // line 13 px 14
000000000000   // line 13 px 15
000000000000   // line 13 px 16
000000000000   // line 13 px 17
000000000000   // line 13 px 18
000000000000   // line 13 px 19
0fff0fff0fff   // line 13 px 20
000000000000   // line 13 px 21
000000000000   // line 13 px 22
000000000000   // line 13 px 23
000000000000   // line 13 px 24
000000000000   // line 13 px 25
000000000000   // line 13 px 26
000000000000   // line 13 px 27
000000000000   // line 13 px 28
000000000000   // line 13 px 29
000000000000   // line 13 px 30
000000000000   // line 13 px 31
000000000000   // line 13 px 32
000000000000   // line 13 px 33
000000000000   // line 13 px 34
000000000000   // line 13 px 35
000000000000   // line 13 px 36
000000000000   // line 13 px 37
000000000000   // line 13 px 38
0fff00000000   // line 13 px 39
0fff00000000   // line 14 px  0
000000000000   // line 14 px  1
000000000000   // line 14 px  2
000000000000   // line 14 px  3
000000000000   // line 14 px  4
000000000000   // line 14 px  5
000000000000   // line 14 px  6
000000000000   // line 14 px  7
000000000000   // line 14 px  8
000000000000   // line 14 px  9
000000000000   // line 14 px 10
000000000000   // line 14 px 11
000000000000   // line 14 px 12
000000000000   // line 14 px 13
000000000000   // line 14 px 14
000000000000   // line 14 px 15
000000000000   // line 14 px 16
000000000000   // line 14 px 17
000000000000   // line 14 px 18
000000000000   // line 14 px 19
0fff0fff0fff   // line 14 px 20
000000000000   // line 14 px 21
000000000000   // line 14 px 22
000000000000   // line 14 px 23
000000000000   // line 14 px 24
000000000000   // line 14 px 25
000000000000   // line 14 px 26
000000000000   // line 14 px 27
000000000000   // line 14 px 28
000000000000   // line 14 px 29
000000000000   // line 14 px 30
000000000000   // line 14 px 31
000000000000   // line 14 px 32
000000000000   // line 14 px 33
000000000000   // line 14 px 34
000000000000   // line 14 px 35
000000000000   // line 14 px 36
000000000000   // line 14 px 37
000000000000   // line 14 px 38
0fff00000000   // line 14 px 39
0fff00000000   // line 15 px  0
000000000000   // line 15 px  1
000000000000   // line 15 px  2
000000000000   // line 15 px  3
000000000000   // line 15 px  4
000000000000   // line 15 px  5
000000000000   // line 15 px  6
000000000000   // line 15 px  7
000000000000   // line 15 px  8
000000000000   // line 15 px  9
000000000000   // line 15 px 10
000000000000   // line 15 px 11
000000000000   // line 15 px 12
000000000000   // line 15 px 13
000000000000   // line 15 px 14
000000000000   // line 15 px 15
000000000000   // line 15 px 16
000000000000   // line 15 px 17
000000000000   // line 15 px 18
000000000000   // line 15 px 19
0fff0fff0fff   // line 15 px 20
000000000000   // line 15 px 21
000000000000   // line 15 px 22
000000000000   // line 15 px 23
000000000000   // line 15 px 24
000000000000   // line 15 px 25
000000000000   // line 15 px 26
000000000000   // line 15 px 27
000000000000   // line 15 px 28
000000000000   // line 15 px 29
000000000000   // line 15 px 30
000000000000   // line 15 px 31
000000000000   // line 15 px 32
000000000000   // line 15 px 33
000000000000   // line 15 px 34
000000000000   // line 15 px 35
000000000000   // line 15 px 36
000000000000   // line 15 px 37
000000000000   // line 15 px 38
0fff00000000   // line 15 px 39
0fff00000000   // line 16 px  0
000000000000   // line 16 px  1
000000000000   // line 16 px  2
000000000000   // line 16 px  3
000000000000   // line 16 px  4
000000000000   // line 16 px  5
000000000000   // line 16 px  6
000000000000   // line 16 px  7
000000000000   // line 16 px  8
000000000000   // line 16 px  9
000000000000   // line 16 px 10
000000000000   // line 16 px 11
000000000000   // line 16 px 12
000000000000   // line 16 px 13
000000000000   // line 16 px 14
000000000000   // line 16 px 15
000000000000   // line 16 px 16
000000000000   // line 16 px 17
000000000000   // line 16 px 18
000000000000   // line 16 px 19
0fff0fff0fff   // line 16 px 20
000000000000   // line 16 px 21
000000000000   // line 16 px 22
000000000000   // line 16 px 23
000000000000   // line 16 px 24
000000000000   // line 16 px 25
000000000000   // line 16 px 26
000000000000   // line 16 px 27
000000000000   // line 16 px 28
000000000000   // line 16 px 29
000000000000   // line 16 px 30
000000000000   // line 16 px 31
000000000000   // line 16 px 32
000000000000   // line 16 px 33
000000000000   // line 16 px 34
000000000000   // line 16 px 35
000000000000   // line 16 px 36
000000000000   // line 16 px 37
000000000000   // line 16 px 38
0fff00000000   // line 16 px 39
0fff00000000   // line 17 px  0
000000000000   // line 17 px  1
000000000000   // line 17 px  2
000000000000   // line 17 px  3
000000000000   // line 17 px  4
000000000000   // line 17 px  5
000000000000   // line 17 px  6
000000000000   // line 17 px  7
000000000000   // line 17 px  8
000000000000   // line 17 px  9
000000000000   // line 17 px 10
000000000000   // line 17 px 11
000000000000   // line 17 px 12
000000000000   // line 17 px 13
000000000000   // line 17 px 14
000000000000   // line 17 px 15
000000000000   // line 17 px 16
000000000000   // line 17 px 17
000000000000   // line 17 px 18
000000000000   // line 17 px 19
0fff0fff0fff   // line 17 px 20
000000000000   // line 17 px 21
000000000000   // line 17 px 22
000000000000   // line 17 px 23
000000000000   // line 17 px 24
000000000000   // line 17 px 25
000000000000   // line 17 px 26
000000000000   // line 17 px 27
000000000000   // line 17 px 28
000000000000   // line 17 px 29
000000000000   // line 17 px 30
000000000000   // line 17 px 31
000000000000   // line 17 px 32
000000000000   // line 17 px 33
000000000000   // line 17 px 34
000000000000   // line 17 px 35
000000000000   // line 17 px 36
000000000000   // line 17 px 37
000000000000   // line 17 px 38
0fff00000000   // line 17 px 39
0fff00000000   // line 18 px  0
000000000000   // line 18 px  1
000000000000   // line 18 px  2
000000000000   // line 18 px  3
000000000000   // line 18 px  4
000000000000   // line 18 px  5
000000000000   // line 18 px  6
000000000000   // line 18 px  7
000000000000   // line 18 px  8
000000000000   // line 18 px  9
000000000000   // line 18 px 10
000000000000   // line 18 px 11
000000000000   // line 18 px 12
000000000000   // line 18 px 13
000000000000   // line 18 px 14
000000000000   // line 18 px 15
000000000000   // line 18 px 16
000000000000   // line 18 px 17
000000000000   // line 18 px 18
000000000000   // line 18 px 19
0fff0fff0fff   // line 18 px 20
000000000000   // line 18 px 21
000000000000   // line 18 px 22
000000000000   // line 18 px 23
000000000000   // line 18 px 24
000000000000   // line 18 px 25
000000000000   // line 18 px 26
000000000000   // line 18 px 27
000000000000   // line 18 px 28
000000000000   // line 18 px 29
000000000000   // line 18 px 30
000000000000   // line 18 px 31
000000000000   // line 18 px 32
000000000000   // line 18 px 33
000000000000   // line 18 px 34
000000000000   // line 18 px 35
000000000000   // line 18 px 36
000000000000   // line 18 px 37
000000000000   // line 18 px 38
0fff00000000   // line 18 px 39
0fff00000000   // line 19 px  0
000000000000   // line 19 px  1
000000000000   // line 19 px  2
000000000000   // line 19 px  3
000000000000   // line 19 px  4
000000000000   // line 19 px  5
000000000000   // line 19 px  6
000000000000   // line 19 px  7
000000000000   // line 19 px  8
000000000000   // line 19 px  9
000000000000   // line 19 px 10
000000000000   // line 19 px 11
000000000000   // line 19 px 12
000000000000   // line 19 px 13
000000000000   // line 19 px 14
000000000000   // line 19 px 15
000000000000   // line 19 px 16
000000000000   // line 19 px 17
000000000000   // line 19 px 18
000000000000   // line 19 px 19
0fff0fff0fff   // line 19 px 20
000000000000   // line 19 px 21
000000000000   // line 19 px 22
000000000000   // line 19 px 23
000000000000   // line 19 px 24
000000000000   // line 19 px 25
000000000000   // line 19 px 26
000000000000   // line 19 px 27
000000000000   // line 19 px 28
000000000000   // line 19 px 29
000000000000   // line 19 px 30
000000000000   // line 19 px 31
000000000000   // line 19 px 32
000000000000   // line 19 px 33
000000000000   // line 19 px 34
000000000000   // line 19 px 35
000000000000   // line 19 px 36
000000000000   // line 19 px 37
000000000000   // line 19 px 38
0fff00000000   // line 19 px 39
0fff00000000   // line 20 px  0
000000000000   // line 20 px  1
000000000000   // line 20 px  2
000000000000   // line 20 px  3
000000000000   // line 20 px  4
000000000000   // line 20 px  5
000000000000   // line 20 px  6
000000000000   // line 20 px  7
000000000000   // line 20 px  8
000000000000   // line 20 px  9
000000000000   // line 20 px 10
000000000000   // line 20 px 11
000000000000   // line 20 px 12
000000000000   // line 20 px 13
000000000000   // line 20 px 14
000000000000   // line 20 px 15
000000000000   // line 20 px 16
000000000000   // line 20 px 17
000000000000   // line 20 px 18
000000000000   // line 20 px 19
0fff0fff0fff   // line 20 px 20
000000000000   // line 20 px 21
000000000000   // line 20 px 22
000000000000   // line 20 px 23
000000000000   // line 20 px 24
000000000000   // line 20 px 25
000000000000   // line 20 px 26
000000000000   // line 20 px 27
000000000000   // line 20 px 28
000000000000   // line 20 px 29
000000000000   // line 20 px 30
000000000000   // line 20 px 31
000000000000   // line 20 px 32
000000000000   // line 20 px 33
000000000000   // line 20 px 34
000000000000   // line 20 px 35
000000000000   // line 20 px 36
000000000000   // line 20 px 37
000000000000   // line 20 px 38
0fff00000000   // line 20 px 39
0fff00000000   // line 21 px  0
000000000000   // line 21 px  1
000000000000   // line 21 px  2
000000000000   // line 21 px  3
000000000000   // line 21 px  4
000000000000   // line 21 px  5
000000000000   // line 21 px  6
000000000000   // line 21 px  7
000000000000   // line 21 px  8
000000000000   // line 21 px  9
000000000000   // line 21 px 10
000000000000   // line 21 px 11
000000000000   // line 21 px 12
000000000000   // line 21 px 13
000000000000   // line 21 px 14
000000000000   // line 21 px 15
000000000000   // line 21 px 16
000000000000   // line 21 px 17
000000000000   // line 21 px 18
000000000000   // line 21 px 19
0fff0fff0fff   // line 21 px 20
000000000000   // line 21 px 21
000000000000   // line 21 px 22
000000000000   // line 21 px 23
000000000000   // line 21 px 24
000000000000   // line 21 px 25
000000000000   // line 21 px 26
000000000000   // line 21 px 27
000000000000   // line 21 px 28
000000000000   // line 21 px 29
000000000000   // line 21 px 30
000000000000   // line 21 px 31
000000000000   // line 21 px 32
000000000000   // line 21 px 33
000000000000   // line 21 px 34
000000000000   // line 21 px 35
000000000000   // line 21 px 36
000000000000   // line 21 px 37
000000000000   // line 21 px 38
0fff00000000   // line 21 px 39
0fff0fff0fff   // line 22 px  0
0fff0fff0fff   // line 22 px  1
0fff0fff0fff   // line 22 px  2
0fff0fff0fff   // line 22 px  3
0fff0fff0fff   // line 22 px  4
0fff0fff0fff   // line 22 px  5
0fff0fff0fff   // line 22 px  6
0fff0fff0fff   // line 22 px  7
0fff0fff0fff   // line 22 px  8
0fff0fff0fff   // line 22 px  9
0fff0fff0fff   // line 22 px 10
0fff0fff0fff   // line 22 px 11
0fff0fff0fff   // line 22 px 12
0fff0fff0fff   // line 22 px 13
0fff0fff0fff   // line 22 px 14
0fff0fff0fff   // line 22 px 15
0fff0fff0fff   // line 22 px 16
0fff0fff0fff   // line 22 px 17
0fff0fff0fff   // line 22 px 18
0fff0fff0fff   // line 22 px 19
0fff0fff0fff   // line 22 px 20
0fff0fff0fff   // line 22 px 21
0fff0fff0fff   // line 22 px 22
0fff0fff0fff   // line 22 px 23
0fff0fff0fff   // line 22 px 24
0fff0fff0fff   // line 22 px 25
0fff0fff0fff   // line 22 px 26
0fff0fff0fff   // line 22 px 27
0fff0fff0fff   // line 22 px 28
0fff0fff0fff   // line 22 px 29
0fff0fff0fff   // line 22 px 30
0fff0fff0fff   // line 22 px 31
0fff0fff0fff   // line 22 px 32
0fff0fff0fff   // line 22 px 33
0fff0fff0fff   // line 22 px 34
0fff0fff0fff   // line 22 px 35
0fff0fff0fff   // line 22 px 36
0fff0fff0fff   // line 22 px 37
0fff0fff0fff   // line 22 px 38
0fff0fff0fff   // line 22 px 39
0fff00000000   // line 23 px  0
000000000000   // line 23 px  1
000000000000   // line 23 px  2
000000000000   // line 23 px  3
000000000000   // line 23 px  4
000000000000   // line 23 px  5
000000000000   // line 23 px  6
000000000000   // line 23 px  7
000000000000   // line 23 px  8
000000000000   // line 23 px  9
000000000000   // line 23 px 10
000000000000   // line 23 px 11
000000000000   // line 23 px 12
000000000000   // line 23 px 13
000000000000   // line 23 px 14
000000000000   // line 23 px 15
000000000000   // line 23 px 16
000000000000   // line 23 px 17
000000000000   // line 23 px 18
000000000000   // line 23 px 19
0fff0fff0fff   // line 23 px 20
000000000000   // line 23 px 21
000000000000   // line 23 px 22
000000000000   // line 23 px 23
000000000000   // line 23 px 24
000000000000   // line 23 px 25
000000000000   // line 23 px 26
000000000000   // line 23 px 27
000000000000   // line 23 px 28
000000000000   // line 23 px 29
000000000000   // line 23 px 30
000000000000   // line 23 px 31
000000000000   // line 23 px 32
000000000000   // line 23 px 33
000000000000   // line 23 px 34
000000000000   // line 23 px 35
000000000000   // line 23 px 36
000000000000   // line 23 px 37
000000000000   // line 23 px 38
0fff00000000   // line 23 px 39
0fff00000000   // line 24 px  0
000000000000   // line 24 px  1
000000000000   // line 24 px  2
000000000000   // line 24 px  3
000000000000   // line 24 px  4
000000000000   // line 24 px  5
000000000000   // line 24 px  6
000000000000   // line 24 px  7
000000000000   // line 24 px  8
000000000000   // line 24 px  9
000000000000   // line 24 px 10
000000000000   // line 24 px 11
000000000000   // line 24 px 12
000000000000   // line 24 px 13
000000000000   // line 24 px 14
000000000000   // line 24 px 15
000000000000   // line 24 px 16
000000000000   // line 24 px 17
000000000000   // line 24 px 18
000000000000   // line 24 px 19
0fff0fff0fff   // line 24 px 20
000000000000   // line 24 px 21
000000000000   // line 24 px 22
000000000000   // line 24 px 23
000000000000   // line 24 px 24
000000000000   // line 24 px 25
000000000000   // line 24 px 26
000000000000   // line 24 px 27
000000000000   // line 24 px 28
000000000000   // line 24 px 29
000000000000   // line 24 px 30
000000000000   // line 24 px 31
000000000000   // line 24 px 32
000000000000   // line 24 px 33
000000000000   // line 24 px 34
000000000000   // line 24 px 35
000000000000   // line 24 px 36
000000000000   // line 24 px 37
000000000000   // line 24 px 38
0fff00000000   // line 24 px 39
0fff00000000   // line 25 px  0
000000000000   // line 25 px  1
000000000000   // line 25 px  2
000000000000   // line 25 px  3
000000000000   // line 25 px  4
000000000000   // line 25 px  5
000000000000   // line 25 px  6
000000000000   // line 25 px  7
000000000000   // line 25 px  8
000000000000   // line 25 px  9
000000000000   // line 25 px 10
000000000000   // line 25 px 11
000000000000   // line 25 px 12
000000000000   // line 25 px 13
000000000000   // line 25 px 14
000000000000   // line 25 px 15
000000000000   // line 25 px 16
000000000000   // line 25 px 17
000000000000   // line 25 px 18
000000000000   // line 25 px 19
0fff0fff0fff   // line 25 px 20
000000000000   // line 25 px 21
000000000000   // line 25 px 22
000000000000   // line 25 px 23
000000000000   // line 25 px 24
000000000000   // line 25 px 25
000000000000   // line 25 px 26
000000000000   // line 25 px 27
000000000000   // line 25 px 28
000000000000   // line 25 px 29
000000000000   // line 25 px 30
000000000000   // line 25 px 31
000000000000   // line 25 px 32
000000000000   // line 25 px 33
000000000000   // line 25 px 34
000000000000   // line 25 px 35
000000000000   // line 25 px 36
000000000000   // line 25 px 37
000000000000   // line 25 px 38
0fff00000000   // line 25 px 39
0fff00000000   // line 26 px  0
000000000000   // line 26 px  1
000000000000   // line 26 px  2
000000000000   // line 26 px  3
000000000000   // line 26 px  4
000000000000   // line 26 px  5
000000000000   // line 26 px  6
000000000000   // line 26 px  7
000000000000   // line 26 px  8
000000000000   // line 26 px  9
000000000000   // line 26 px 10
000000000000   // line 26 px 11
000000000000   // line 26 px 12
000000000000   // line 26 px 13
000000000000   // line 26 px 14
000000000000   // line 26 px 15
000000000000   // line 26 px 16
000000000000   // line 26 px 17
000000000000   // line 26 px 18
000000000000   // line 26 px 19
0fff0fff0fff   // line 26 px 20
000000000000   // line 26 px 21
000000000000   // line 26 px 22
000000000000   // line 26 px 23
000000000000   // line 26 px 24
000000000000   // line 26 px 25
000000000000   // line 26 px 26
000000000000   // line 26 px 27
000000000000   // line 26 px 28
000000000000   // line 26 px 29
000000000000   // line 26 px 30
000000000000   // line 26 px 31
000000000000   // line 26 px 32
000000000000   // line 26 px 33
000000000000   // line 26 px 34
000000000000   // line 26 px 35
000000000000   // line 26 px 36
000000000000   // line 26 px 37
000000000000   // line 26 px 38
0fff00000000   // line 26 px 39
0fff00000000   // line 27 px  0
000000000000   // line 27 px  1
000000000000   // line 27 px  2
000000000000   // line 27 px  3
000000000000   // line 27 px  4
000000000000   // line 27 px  5
000000000000   // line 27 px  6
000000000000   // line 27 px  7
000000000000   // line 27 px  8
000000000000   // line 27 px  9
000000000000   // line 27 px 10
000000000000   // line 27 px 11
000000000000   // line 27 px 12
000000000000   // line 27 px 13
000000000000   // line 27 px 14
000000000000   // line 27 px 15
000000000000   // line 27 px 16
000000000000   // line 27 px 17
000000000000   // line 27 px 18
000000000000   // line 27 px 19
0fff0fff0fff   // line 27 px 20
000000000000   // line 27 px 21
000000000000   // line 27 px 22
000000000000   // line 27 px 23
000000000000   // line 27 px 24
000000000000   // line 27 px 25
000000000000   // line 27 px 26
000000000000   // line 27 px 27
000000000000   // line 27 px 28
000000000000   // line 27 px 29
000000000000   // line 27 px 30
000000000000   // line 27 px 31
000000000000   // line 27 px 32
000000000000   // line 27 px 33
000000000000   // line 27 px 34
000000000000   // line 27 px 35
000000000000   // line 27 px 36
000000000000   // line 27 px 37
000000000000   // line 27 px 38
0fff00000000   // line 27 px 39
0fff00000000   // line 28 px  0
000000000000   // line 28 px  1
000000000000   // line 28 px  2
000000000000   // line 28 px  3
000000000000   // line 28 px  4
000000000000   // line 28 px  5
000000000000   // line 28 px  6
000000000000   // line 28 px  7
000000000000   // line 28 px  8
000000000000   // line 28 px  9
000000000000   // line 28 px 10
000000000000   // line 28 px 11
000000000000   // line 28 px 12
000000000000   // line 28 px 13
000000000000   // line 28 px 14
000000000000   // line 28 px 15
000000000000   // line 28 px 16
000000000000   // line 28 px 17
000000000000   // line 28 px 18
000000000000   // line 28 px 19
0fff0fff0fff   // line 28 px 20
000000000000   // line 28 px 21
000000000000   // line 28 px 22
000000000000   // line 28 px 23
000000000000   // line 28 px 24
000000000000   // line 28 px 25
000000000000   // line 28 px 26
000000000000   // line 28 px 27
000000000000   // line 28 px 28
000000000000   // line 28 px 29
000000000000   // line 28 px 30
000000000000   // line 28 px 31
000000000000   // line 28 px 32
000000000000   // line 28 px 33
000000000000   // line 28 px 34
000000000000   // line 28 px 35
000000000000   // line 28 px 36
000000000000   // line 28 px 37
000000000000   // line 28 px 38
0fff00000000   // line 28 px 39
0fff00000000   // line 29 px  0
000000000000   // line 29 px  1
000000000000   // line 29 px  2
000000000000   // line 29 px  3
000000000000   // line 29 px  4
000000000000   // line 29 px  5
000000000000   // line 29 px  6
000000000000   // line 29 px  7
000000000000   // line 29 px  8
000000000000   // line 29 px  9
000000000000   // line 29 px 10
000000000000   // line 29 px 11
000000000000   // line 29 px 12
000000000000   // line 29 px 13
000000000000   // line 29 px 14
000000000000   // line 29 px 15
000000000000   // line 29 px 16
000000000000   // line 29 px 17
000000000000   // line 29 px 18
000000000000   // line 29 px 19
0fff0fff0fff   // line 29 px 20
000000000000   // line 29 px 21
000000000000   // line 29 px 22
000000000000   // line 29 px 23
000000000000   // line 29 px 24
000000000000   // line 29 px 25
000000000000   // line 29 px 26
000000000000   // line 29 px 27
000000000000   // line 29 px 28
000000000000   // line 29 px 29
000000000000   // line 29 px 30
000000000000   // line 29 px 31
000000000000   // line 29 px 32
000000000000   // line 29 px 33
000000000000   // line 29 px 34
000000000000   // line 29 px 35
000000000000   // line 29 px 36
000000000000   // line 29 px 37
000000000000   // line 29 px 38
0fff00000000   // line 29 px 39
0fff00000000   // line 30 px  0
000000000000   // line 30 px  1
000000000000   // line 30 px  2
000000000000   // line 30 px  3
000000000000   // line 30 px  4
000000000000   // line 30 px  5
000000000000   // line 30 px  6
000000000000   // line 30 px  7
000000000000   // line 30 px  8
000000000000   // line 30 px  9
000000000000   // line 30 px 10
000000000000   // line 30 px 11
000000000000   // line 30 px 12
000000000000   // line 30 px 13
000000000000   // line 30 px 14
000000000000   // line 30 px 15
000000000000   // line 30 px 16
000000000000   // line 30 px 17
000000000000   // line 30 px 18
000000000000   // line 30 px 19
0fff0fff0fff   // line 30 px 20
000000000000   // line 30 px 21
000000000000   // line 30 px 22
000000000000   // line 30 px 23
000000000000   // line 30 px 24
000000000000   // line 30 px 25
000000000000   // line 30 px 26
000000000000   // line 30 px 27
000000000000   // line 30 px 28
000000000000   // line 30 px 29
000000000000   // line 30 px 30
000000000000   // line 30 px 31
000000000000   // line 30 px 32
000000000000   // line 30 px 33
000000000000   // line 30 px 34
000000000000   // line 30 px 35
000000000000   // line 30 px 36
000000000000   // line 30 px 37
000000000000   // line 30 px 38
0fff00000000   // line 30 px 39
0fff00000000   // line 31 px  0
000000000000   // line 31 px  1
000000000000   // line 31 px  2
000000000000   // line 31 px  3
000000000000   // line 31 px  4
000000000000   // line 31 px  5
000000000000   // line 31 px  6
000000000000   // line 31 px  7
000000000000   // line 31 px  8
000000000000   // line 31 px  9
000000000000   // line 31 px 10
000000000000   // line 31 px 11
000000000000   // line 31 px 12
000000000000   // line 31 px 13
000000000000   // line 31 px 14
000000000000   // line 31 px 15
000000000000   // line 31 px 16
000000000000   // line 31 px 17
000000000000   // line 31 px 18
000000000000   // line 31 px 19
0fff0fff0fff   // line 31 px 20
000000000000   // line 31 px 21
000000000000   // line 31 px 22
000000000000   // line 31 px 23
000000000000   // line 31 px 24
000000000000   // line 31 px 25
000000000000   // line 31 px 26
000000000000   // line 31 px 27
000000000000   // line 31 px 28
000000000000   // line 31 px 29
000000000000   // line 31 px 30
000000000000   // line 31 px 31
000000000000   // line 31 px 32
000000000000   // line 31 px 33
000000000000   // line 31 px 34
000000000000   // line 31 px 35
000000000000   // line 31 px 36
000000000000   // line 31 px 37
000000000000   // line 31 px 38
0fff00000000   // line 31 px 39
0fff00000000   // line 32 px  0
000000000000   // line 32 px  1
000000000000   // line 32 px  2
000000000000   // line 32 px  3
000000000000   // line 32 px  4
000000000000   // line 32 px  5
000000000000   // line 32 px  6
000000000000   // line 32 px  7
000000000000   // line 32 px  8
000000000000   // line 32 px  9
000000000000   // line 32 px 10
000000000000   // line 32 px 11
000000000000   // line 32 px 12
000000000000   // line 32 px 13
000000000000   // line 32 px 14
000000000000   // line 32 px 15
000000000000   // line 32 px 16
000000000000   // line 32 px 17
000000000000   // line 32 px 18
000000000000   // line 32 px 19
0fff0fff0fff   // line 32 px 20
000000000000   // line 32 px 21
000000000000   // line 32 px 22
000000000000   // line 32 px 23
000000000000   // line 32 px 24
000000000000   // line 32 px 25
000000000000   // line 32 px 26
000000000000   // line 32 px 27
000000000000   // line 32 px 28
000000000000   // line 32 px 29
000000000000   // line 32 px 30
000000000000   // line 32 px 31
000000000000   // line 32 px 32
000000000000   // line 32 px 33
000000000000   // line 32 px 34
000000000000   // line 32 px 35
000000000000   // line 32 px 36
000000000000   // line 32 px 37
000000000000   // line 32 px 38
0fff00000000   // line 32 px 39
0fff00000000   // line 33 px  0
000000000000   // line 33 px  1
000000000000   // line 33 px  2
000000000000   // line 33 px  3
000000000000   // line 33 px  4
000000000000   // line 33 px  5
000000000000   // line 33 px  6
000000000000   // line 33 px  7
000000000000   // line 33 px  8
000000000000   // line 33 px  9
000000000000   // line 33 px 10
000000000000   // line 33 px 11
000000000000   // line 33 px 12
000000000000   // line 33 px 13
000000000000   // line 33 px 14
000000000000   // line 33 px 15
000000000000   // line 33 px 16
000000000000   // line 33 px 17
000000000000   // line 33 px 18
000000000000   // line 33 px 19
0fff0fff0fff   // line 33 px 20
000000000000   // line 33 px 21
000000000000   // line 33 px 22
000000000000   // line 33 px 23
000000000000   // line 33 px 24
000000000000   // line 33 px 25
000000000000   // line 33 px 26
000000000000   // line 33 px 27
000000000000   // line 33 px 28
000000000000   // line 33 px 29
000000000000   // line 33 px 30
000000000000   // line 33 px 31
000000000000   // line 33 px 32
000000000000   // line 33 px 33
000000000000   // line 33 px 34
000000000000   // line 33 px 35
000000000000   // line 33 px 36
000000000000   // line 33 px 37
000000000000   // line 33 px 38
0fff00000000   // line 33 px 39
0fff00000000   // line 34 px  0
000000000000   // line 34 px  1
000000000000   // line 34 px  2
000000000000   // line 34 px  3
000000000000   // line 34 px  4
000000000000   // line 34 px  5
000000000000   // line 34 px  6
000000000000   // line 34 px  7
000000000000   // line 34 px  8
000000000000   // line 34 px  9
000000000000   // line 34 px 10
000000000000   // line 34 px 11
000000000000   // line 34 px 12
000000000000   // line 34 px 13
000000000000   // line 34 px 14
000000000000   // line 34 px 15
000000000000   // line 34 px 16
000000000000   // line 34 px 17
000000000000   // line 34 px 18
000000000000   // line 34 px 19
0fff0fff0fff   // line 34 px 20
000000000000   // line 34 px 21
000000000000   // line 34 px 22
000000000000   // line 34 px 23
000000000000   // line 34 px 24
000000000000   // line 34 px 25
000000000000   // line 34 px 26
000000000000   // line 34 px 27
000000000000   // line 34 px 28
000000000000   // line 34 px 29
000000000000   // line 34 px 30
000000000000   // line 34 px 31
000000000000   // line 34 px 32
000000000000   // line 34 px 33
000000000000   // line 34 px 34
000000000000   // line 34 px 35
000000000000   // line 34 px 36
000000000000   // line 34 px 37
000000000000   // line 34 px 38
0fff00000000   // line 34 px 39
0fff00000000   // line 35 px  0
000000000000   // line 35 px  1
000000000000   // line 35 px  2
000000000000   // line 35 px  3
000000000000   // line 35 px  4
000000000000   // line 35 px  5
000000000000   // line 35 px  6
000000000000   // line 35 px  7
000000000000   // line 35 px  8
000000000000   // line 35 px  9
000000000000   // line 35 px 10
000000000000   // line 35 px 11
000000000000   // line 35 px 12
000000000000   // line 35 px 13
000000000000   // line 35 px 14
000000000000   // line 35 px 15
000000000000   // line 35 px 16
000000000000   // line 35 px 17
000000000000   // line 35 px 18
000000000000   // line 35 px 19
0fff0fff0fff   // line 35 px 20
000000000000   // line 35 px 21
000000000000   // line 35 px 22
000000000000   // line 35 px 23
000000000000   // line 35 px 24
000000000000   // line 35 px 25
000000000000   // line 35 px 26
000000000000   // line 35 px 27
000000000000   // line 35 px 28
000000000000   // line 35 px 29
000000000000   // line 35 px 30
000000000000   // line 35 px 31
000000000000   // line 35 px 32
000000000000   // line 35 px 33
000000000000   // line 35 px 34
000000000000   // line 35 px 35
000000000000   // line 35 px 36
000000000000   // line 35 px 37
000000000000   // line 35 px 38
0fff00000000   // line 35 px 39
0fff00000000   // line 36 px  0
000000000000   // line 36 px  1
000000000000   // line 36 px  2
000000000000   // line 36 px  3
000000000000   // line 36 px  4
000000000000   // line 36 px  5
000000000000   // line 36 px  6
000000000000   // line 36 px  7
000000000000   // line 36 px  8
000000000000   // line 36 px  9
000000000000   // line 36 px 10
000000000000   // line 36 px 11
000000000000   // line 36 px 12
000000000000   // line 36 px 13
000000000000   // line 36 px 14
000000000000   // line 36 px 15
000000000000   // line 36 px 16
000000000000   // line 36 px 17
000000000000   // line 36 px 18
000000000000   // line 36 px 19
0fff0fff0fff   // line 36 px 20
000000000000   // line 36 px 21
000000000000   // line 36 px 22
000000000000   // line 36 px 23
000000000000   // line 36 px 24
000000000000   // line 36 px 25
000000000000   // line 36 px 26
000000000000   // line 36 px 27
000000000000   // line 36 px 28
000000000000   // line 36 px 29
000000000000   // line 36 px 30
000000000000   // line 36 px 31
000000000000   // line 36 px 32
000000000000   // line 36 px 33
000000000000   // line 36 px 34
000000000000   // line 36 px 35
000000000000   // line 36 px 36
000000000000   // line 36 px 37
000000000000   // line 36 px 38
0fff00000000   // line 36 px 39
0fff00000000   // line 37 px  0
000000000000   // line 37 px  1
000000000000   // line 37 px  2
000000000000   // line 37 px  3
000000000000   // line 37 px  4
000000000000   // line 37 px  5
000000000000   // line 37 px  6
000000000000   // line 37 px  7
000000000000   // line 37 px  8
000000000000   // line 37 px  9
000000000000   // line 37 px 10
000000000000   // line 37 px 11
000000000000   // line 37 px 12
000000000000   // line 37 px 13
000000000000   // line 37 px 14
000000000000   // line 37 px 15
000000000000   // line 37 px 16
000000000000   // line 37 px 17
000000000000   // line 37 px 18
000000000000   // line 37 px 19
0fff0fff0fff   // line 37 px 20
000000000000   // line 37 px 21
000000000000   // line 37 px 22
000000000000   // line 37 px 23
000000000000   // line 37 px 24
000000000000   // line 37 px 25
000000000000   // line 37 px 26
000000000000   // line 37 px 27
000000000000   // line 37 px 28
000000000000   // line 37 px 29
000000000000   // line 37 px 30
000000000000   // line 37 px 31
000000000000   // line 37 px 32
000000000000   // line 37 px 33
000000000000   // line 37 px 34
000000000000   // line 37 px 35
000000000000   // line 37 px 36
000000000000   // line 37 px 37
000000000000   // line 37 px 38
0fff00000000   // line 37 px 39
0fff00000000   // line 38 px  0
000000000000   // line 38 px  1
000000000000   // line 38 px  2
000000000000   // line 38 px  3
000000000000   // line 38 px  4
000000000000   // line 38 px  5
000000000000   // line 38 px  6
000000000000   // line 38 px  7
000000000000   // line 38 px  8
000000000000   // line 38 px  9
000000000000   // line 38 px 10
000000000000   // line 38 px 11
000000000000   // line 38 px 12
000000000000   // line 38 px 13
000000000000   // line 38 px 14
000000000000   // line 38 px 15
000000000000   // line 38 px 16
000000000000   // line 38 px 17
000000000000   // line 38 px 18
000000000000   // line 38 px 19
0fff0fff0fff   // line 38 px 20
000000000000   // line 38 px 21
000000000000   // line 38 px 22
000000000000   // line 38 px 23
000000000000   // line 38 px 24
000000000000   // line 38 px 25
000000000000   // line 38 px 26
000000000000   // line 38 px 27
000000000000   // line 38 px 28
000000000000   // line 38 px 29
000000000000   // line 38 px 30
000000000000   // line 38 px 31
000000000000   // line 38 px 32
000000000000   // line 38 px 33
000000000000   // line 38 px 34
000000000000   // line 38 px 35
000000000000   // line 38 px 36
000000000000   // line 38 px 37
000000000000   // line 38 px 38
0fff00000000   // line 38 px 39
0fff00000000   // line 39 px  0
000000000000   // line 39 px  1
000000000000   // line 39 px  2
000000000000   // line 39 px  3
000000000000   // line 39 px  4
000000000000   // line 39 px  5
000000000000   // line 39 px  6
000000000000   // line 39 px  7
000000000000   // line 39 px  8
000000000000   // line 39 px  9
000000000000   // line 39 px 10
000000000000   // line 39 px 11
000000000000   // line 39 px 12
000000000000   // line 39 px 13
000000000000   // line 39 px 14
000000000000   // line 39 px 15
000000000000   // line 39 px 16
000000000000   // line 39 px 17
000000000000   // line 39 px 18
000000000000   // line 39 px 19
0fff0fff0fff   // line 39 px 20
000000000000   // line 39 px 21
000000000000   // line 39 px 22
000000000000   // line 39 px 23
000000000000   // line 39 px 24
000000000000   // line 39 px 25
000000000000   // line 39 px 26
000000000000   // line 39 px 27
000000000000   // line 39 px 28
000000000000   // line 39 px 29
000000000000   // line 39 px 30
000000000000   // line 39 px 31
000000000000   // line 39 px 32
000000000000   // line 39 px 33
000000000000   // line 39 px 34
000000000000   // line 39 px 35
000000000000   // line 39 px 36
000000000000   // line 39 px 37
000000000000   // line 39 px 38
0fff00000000   // line 39 px 39
0fff00000000   // line 40 px  0
000000000000   // line 40 px  1
000000000000   // line 40 px  2
000000000000   // line 40 px  3
000000000000   // line 40 px  4
000000000000   // line 40 px  5
000000000000   // line 40 px  6
000000000000   // line 40 px  7
000000000000   // line 40 px  8
000000000000   // line 40 px  9
000000000000   // line 40 px 10
000000000000   // line 40 px 11
000000000000   // line 40 px 12
000000000000   // line 40 px 13
000000000000   // line 40 px 14
000000000000   // line 40 px 15
000000000000   // line 40 px 16
000000000000   // line 40 px 17
000000000000   // line 40 px 18
000000000000   // line 40 px 19
0fff0fff0fff   // line 40 px 20
000000000000   // line 40 px 21
000000000000   // line 40 px 22
000000000000   // line 40 px 23
000000000000   // line 40 px 24
000000000000   // line 40 px 25
000000000000   // line 40 px 26
000000000000   // line 40 px 27
000000000000   // line 40 px 28
000000000000   // line 40 px 29
000000000000   // line 40 px 30
000000000000   // line 40 px 31
000000000000   // line 40 px 32
000000000000   // line 40 px 33
000000000000   // line 40 px 34
000000000000   // line 40 px 35
000000000000   // line 40 px 36
000000000000   // line 40 px 37
000000000000   // line 40 px 38
0fff00000000   // line 40 px 39
0fff00000000   // line 41 px  0
000000000000   // line 41 px  1
000000000000   // line 41 px  2
000000000000   // line 41 px  3
000000000000   // line 41 px  4
000000000000   // line 41 px  5
000000000000   // line 41 px  6
000000000000   // line 41 px  7
000000000000   // line 41 px  8
000000000000   // line 41 px  9
000000000000   // line 41 px 10
000000000000   // line 41 px 11
000000000000   // line 41 px 12
000000000000   // line 41 px 13
000000000000   // line 41 px 14
000000000000   // line 41 px 15
000000000000   // line 41 px 16
000000000000   // line 41 px 17
000000000000   // line 41 px 18
000000000000   // line 41 px 19
0fff0fff0fff   // line 41 px 20
000000000000   // line 41 px 21
000000000000   // line 41 px 22
000000000000   // line 41 px 23
000000000000   // line 41 px 24
000000000000   // line 41 px 25
000000000000   // line 41 px 26
000000000000   // line 41 px 27
000000000000   // line 41 px 28
000000000000   // line 41 px 29
000000000000   // line 41 px 30
000000000000   // line 41 px 31
000000000000   // line 41 px 32
000000000000   // line 41 px 33
000000000000   // line 41 px 34
000000000000   // line 41 px 35
000000000000   // line 41 px 36
000000000000   // line 41 px 37
000000000000   // line 41 px 38
0fff00000000   // line 41 px 39
0fff00000000   // line 42 px  0
000000000000   // line 42 px  1
000000000000   // line 42 px  2
000000000000   // line 42 px  3
000000000000   // line 42 px  4
000000000000   // line 42 px  5
000000000000   // line 42 px  6
000000000000   // line 42 px  7
000000000000   // line 42 px  8
000000000000   // line 42 px  9
000000000000   // line 42 px 10
000000000000   // line 42 px 11
000000000000   // line 42 px 12
000000000000   // line 42 px 13
000000000000   // line 42 px 14
000000000000   // line 42 px 15
000000000000   // line 42 px 16
000000000000   // line 42 px 17
000000000000   // line 42 px 18
000000000000   // line 42 px 19
0fff0fff0fff   // line 42 px 20
000000000000   // line 42 px 21
000000000000   // line 42 px 22
000000000000   // line 42 px 23
000000000000   // line 42 px 24
000000000000   // line 42 px 25
000000000000   // line 42 px 26
000000000000   // line 42 px 27
000000000000   // line 42 px 28
000000000000   // line 42 px 29
000000000000   // line 42 px 30
000000000000   // line 42 px 31
000000000000   // line 42 px 32
000000000000   // line 42 px 33
000000000000   // line 42 px 34
000000000000   // line 42 px 35
000000000000   // line 42 px 36
000000000000   // line 42 px 37
000000000000   // line 42 px 38
0fff00000000   // line 42 px 39
0fff00000000   // line 43 px  0
000000000000   // line 43 px  1
000000000000   // line 43 px  2
000000000000   // line 43 px  3
000000000000   // line 43 px  4
000000000000   // line 43 px  5
000000000000   // line 43 px  6
000000000000   // line 43 px  7
000000000000   // line 43 px  8
000000000000   // line 43 px  9
000000000000   // line 43 px 10
000000000000   // line 43 px 11
000000000000   // line 43 px 12
000000000000   // line 43 px 13
000000000000   // line 43 px 14
000000000000   // line 43 px 15
000000000000   // line 43 px 16
000000000000   // line 43 px 17
000000000000   // line 43 px 18
000000000000   // line 43 px 19
0fff0fff0fff   // line 43 px 20
000000000000   // line 43 px 21
000000000000   // line 43 px 22
000000000000   // line 43 px 23
000000000000   // line 43 px 24
000000000000   // line 43 px 25
000000000000   // line 43 px 26
000000000000   // line 43 px 27
000000000000   // line 43 px 28
000000000000   // line 43 px 29
000000000000   // line 43 px 30
000000000000   // line 43 px 31
000000000000   // line 43 px 32
000000000000   // line 43 px 33
000000000000   // line 43 px 34
000000000000   // line 43 px 35
000000000000   // line 43 px 36
000000000000   // line 43 px 37
000000000000   // line 43 px 38
0fff00000000   // line 43 px 39
0fff00000000   // line 44 px  0
0fff00000000   // line 44 px  1
0fff00000000   // line 44 px  2
0fff00000000   // line 44 px  3
0fff00000000   // line 44 px  4
0fff00000000   // line 44 px  5
0fff00000000   // line 44 px  6
0fff00000000   // line 44 px  7
0fff00000000   // line 44 px  8
0fff00000000   // line 44 px  9
0fff00000000   // line 44 px 10
0fff00000000   // line 44 px 11
0fff00000000   // line 44 px 12
0fff00000000   // line 44 px 13
0fff00000000   // line 44 px 14
0fff00000000   // line 44 px 15
0fff00000000   // line 44 px 16
0fff00000000   // line 44 px 17
0fff00000000   // line 44 px 18
0fff00000000   // line 44 px 19
0fff0fff0fff   // line 44 px 20
0fff00000000   // line 44 px 21
0fff00000000   // line 44 px 22
0fff00000000   // line 44 px 23
0fff00000000   // line 44 px 24
0fff00000000   // line 44 px 25
0fff00000000   // line 44 px 26
0fff00000000   // line 44 px 27
0fff00000000   // line 44 px 28
0fff00000000   // line 44 px 29
0fff00000000   // line 44 px 30
0fff00000000   // line 44 px 31
0fff00000000   // line 44 px 32
0fff00000000   // line 44 px 33
0fff00000000   // line 44 px 34
0fff00000000   // line 44 px 35
0fff00000000   // line 44 px 36
0fff00000000   // line 44 px 37
0fff00000000   // line 44 px 38
0fff00000000   // line 44 px 39
0fff00000000   // line  0 px  0
0fff00000000   // line  0 px  1
0fff00000000   // line  0 px  2
0fff00000000   // line  0 px  3
0fff00000000   // line  0 px  4
0fff00000000   // line  0 px  5
0fff00000000   // line  0 px  6
0fff00000000   // line  0 px  7
0fff00000000   // line  0 px  8
0fff00000000   // line  0 px  9
0fff00000000   // line  0 px 10
0fff00000000   // line  0 px 11
0fff00000000   // line  0 px 12
0fff00000000   // line  0 px 13
0fff00000000   // line  0 px 14
0fff00000000   // line  0 px 15
0fff00000000   // line  0 px 16
0fff00000000   // line  0 px 17
0fff00000000   // line  0 px 18
0fff00000000   // line  0 px 19
0fff0fff0fff   // line  0 px 20
0fff00000000   // line  0 px 21
0fff00000000   // line  0 px 22
0fff00000000   // line  0 px 23
0fff00000000   // line  0 px 24
0fff00000000   // line  0 px 25
0fff00000000   // line  0 px 26
0fff00000000   // line  0 px 27
0fff00000000   // line  0 px 28
0fff00000000   // line  0 px 29
0fff00000000   // line  0 px 30
0fff00000000   // line  0 px 31
0fff00000000   // line  0 px 32
0fff00000000   // line  0 px 33
0fff00000000   // line  0 px 34
0fff00000000   // line  0 px 35
0fff00000000   // line  0 px 36
0fff00000000   // line  0 px 37
0fff00000000   // line  0 px 38
0fff00000000   // line  0 px 39
0fff00000000   // line  1 px  0
000000000000   // line  1 px  1
000000000000   // line  1 px  2
000000000000   // line  1 px  3
000000000000   // line  1 px  4
000000000000   // line  1 px  5
000000000000   // line  1 px  6
000000000000   // line  1 px  7
000000000000   // line  1 px  8
000000000000   // line  1 px  9
000000000000   // line  1 px 10
000000000000   // line  1 px 11
000000000000   // line  1 px 12
000000000000   // line  1 px 13
000000000000   // line  1 px 14
000000000000   // line  1 px 15
000000000000   // line  1 px 16
000000000000   // line  1 px 17
000000000000   // line  1 px 18
000000000000   // line  1 px 19
0fff0fff0fff   // line  1 px 20
000000000000   // line  1 px 21
000000000000   // line  1 px 22
000000000000   // line  1 px 23
000000000000   // line  1 px 24
000000000000   // line  1 px 25
000000000000   // line  1 px 26
000000000000   // line  1 px 27
000000000000   // line  1 px 28
000000000000   // line  1 px 29
000000000000   // line  1 px 30
000000000000   // line  1 px 31
000000000000   // line  1 px 32
000000000000   // line  1 px 33
000000000000   // line  1 px 34
000000000000   // line  1 px 35
000000000000   // line  1 px 36
000000000000   // line  1 px 37
000000000000   // line  1 px 38
0fff00000000   // line  1 px 39
0fff00000000   // line  2 px  0
000000000000   // line  2 px  1
000000000000   // line  2 px  2
000000000000   // line  2 px  3
000000000000   // line  2 px  4
000000000000   // line  2 px  5
000000000000   // line  2 px  6
000000000000   // line  2 px  7
000000000000   // line  2 px  8
000000000000   // line  2 px  9
000000000000   // line  2 px 10
000000000000   // line  2 px 11
000000000000   // line  2 px 12
000000000000   // line  2 px 13
000000000000   // line  2 px 14
000000000000   // line  2 px 15
000000000000   // line  2 px 16
000000000000   // line  2 px 17
000000000000   // line  2 px 18
000000000000   // line  2 px 19
0fff0fff0fff   // line  2 px 20
000000000000   // line  2 px 21
000000000000   // line  2 px 22
000000000000   // line  2 px 23
000000000000   // line  2 px 24
000000000000   // line  2 px 25
000000000000   // line  2 px 26
000000000000   // line  2 px 27
000000000000   // line  2 px 28
000000000000   // line  2 px 29
000000000000   // line  2 px 30
000000000000   // line  2 px 31
000000000000   // line  2 px 32
000000000000   // line  2 px 33
000000000000   // line  2 px 34
000000000000   // line  2 px 35
000000000000   // line  2 px 36
000000000000   // line  2 px 37
000000000000   // line  2 px 38
0fff00000000   // line  2 px 39
0fff00000000   // line  3 px  0
000000000000   // line  3 px  1
000000000000   // line  3 px  2
000000000000   // line  3 px  3
000000000000   // line  3 px  4
000000000000   // line  3 px  5
000000000000   // line  3 px  6
000000000000   // line  3 px  7
000000000000   // line  3 px  8
000000000000   // line  3 px  9
000000000000   // line  3 px 10
000000000000   // line  3 px 11
000000000000   // line  3 px 12
000000000000   // line  3 px 13
000000000000   // line  3 px 14
000000000000   // line  3 px 15
000000000000   // line  3 px 16
000000000000   // line  3 px 17
000000000000   // line  3 px 18
000000000000   // line  3 px 19
0fff0fff0fff   // line  3 px 20
000000000000   // line  3 px 21
000000000000   // line  3 px 22
000000000000   // line  3 px 23
000000000000   // line  3 px 24
000000000000   // line  3 px 25
000000000000   // line  3 px 26
000000000000   // line  3 px 27
000000000000   // line  3 px 28
000000000000   // line  3 px 29
000000000000   // line  3 px 30
000000000000   // line  3 px 31
000000000000   // line  3 px 32
000000000000   // line  3 px 33
000000000000   // line  3 px 34
000000000000   // line  3 px 35
000000000000   // line  3 px 36
000000000000   // line  3 px 37
000000000000   // line  3 px 38
0fff00000000   // line  3 px 39
0fff00000000   // line  4 px  0
000000000000   // line  4 px  1
000000000000   // line  4 px  2
000000000000   // line  4 px  3
000000000000   // line  4 px  4
000000000000   // line  4 px  5
000000000000   // line  4 px  6
000000000000   // line  4 px  7
000000000000   // line  4 px  8
000000000000   // line  4 px  9
000000000000   // line  4 px 10
000000000000   // line  4 px 11
000000000000   // line  4 px 12
000000000000   // line  4 px 13
000000000000   // line  4 px 14
000000000000   // line  4 px 15
000000000000   // line  4 px 16
000000000000   // line  4 px 17
000000000000   // line  4 px 18
000000000000   // line  4 px 19
0fff0fff0fff   // line  4 px 20
000000000000   // line  4 px 21
000000000000   // line  4 px 22
000000000000   // line  4 px 23
000000000000   // line  4 px 24
000000000000   // line  4 px 25
000000000000   // line  4 px 26
000000000000   // line  4 px 27
000000000000   // line  4 px 28
000000000000   // line  4 px 29
000000000000   // line  4 px 30
000000000000   // line  4 px 31
000000000000   // line  4 px 32
000000000000   // line  4 px 33
000000000000   // line  4 px 34
000000000000   // line  4 px 35
000000000000   // line  4 px 36
000000000000   // line  4 px 37
000000000000   // line  4 px 38
0fff00000000   // line  4 px 39
0fff00000000   // line  5 px  0
000000000000   // line  5 px  1
000000000000   // line  5 px  2
000000000000   // line  5 px  3
000000000000   // line  5 px  4
000000000000   // line  5 px  5
000000000000   // line  5 px  6
000000000000   // line  5 px  7
000000000000   // line  5 px  8
000000000000   // line  5 px  9
000000000000   // line  5 px 10
000000000000   // line  5 px 11
000000000000   // line  5 px 12
000000000000   // line  5 px 13
000000000000   // line  5 px 14
000000000000   // line  5 px 15
000000000000   // line  5 px 16
000000000000   // line  5 px 17
000000000000   // line  5 px 18
000000000000   // line  5 px 19
0fff0fff0fff   // line  5 px 20
000000000000   // line  5 px 21
000000000000   // line  5 px 22
000000000000   // line  5 px 23
000000000000   // line  5 px 24
000000000000   // line  5 px 25
000000000000   // line  5 px 26
000000000000   // line  5 px 27
000000000000   // line  5 px 28
000000000000   // line  5 px 29
000000000000   // line  5 px 30
000000000000   // line  5 px 31
000000000000   // line  5 px 32
000000000000   // line  5 px 33
000000000000   // line  5 px 34
000000000000   // line  5 px 35
000000000000   // line  5 px 36
000000000000   // line  5 px 37
000000000000   // line  5 px 38
0fff00000000   // line  5 px 39
0fff00000000   // line  6 px  0
000000000000   // line  6 px  1
000000000000   // line  6 px  2
000000000000   // line  6 px  3
000000000000   // line  6 px  4
000000000000   // line  6 px  5
000000000000   // line  6 px  6
000000000000   // line  6 px  7
000000000000   // line  6 px  8
000000000000   // line  6 px  9
000000000000   // line  6 px 10
000000000000   // line  6 px 11
000000000000   // line  6 px 12
000000000000   // line  6 px 13
000000000000   // line  6 px 14
000000000000   // line  6 px 15
000000000000   // line  6 px 16
000000000000   // line  6 px 17
000000000000   // line  6 px 18
000000000000   // line  6 px 19
0fff0fff0fff   // line  6 px 20
000000000000   // line  6 px 21
000000000000   // line  6 px 22
000000000000   // line  6 px 23
000000000000   // line  6 px 24
000000000000   // line  6 px 25
000000000000   // line  6 px 26
000000000000   // line  6 px 27
000000000000   // line  6 px 28
000000000000   // line  6 px 29
000000000000   // line  6 px 30
000000000000   // line  6 px 31
000000000000   // line  6 px 32
000000000000   // line  6 px 33
000000000000   // line  6 px 34
000000000000   // line  6 px 35
000000000000   // line  6 px 36
000000000000   // line  6 px 37
000000000000   // line  6 px 38
0fff00000000   // line  6 px 39
0fff00000000   // line  7 px  0
000000000000   // line  7 px  1
000000000000   // line  7 px  2
000000000000   // line  7 px  3
000000000000   // line  7 px  4
000000000000   // line  7 px  5
000000000000   // line  7 px  6
000000000000   // line  7 px  7
000000000000   // line  7 px  8
000000000000   // line  7 px  9
000000000000   // line  7 px 10
000000000000   // line  7 px 11
000000000000   // line  7 px 12
000000000000   // line  7 px 13
000000000000   // line  7 px 14
000000000000   // line  7 px 15
000000000000   // line  7 px 16
000000000000   // line  7 px 17
000000000000   // line  7 px 18
000000000000   // line  7 px 19
0fff0fff0fff   // line  7 px 20
000000000000   // line  7 px 21
000000000000   // line  7 px 22
000000000000   // line  7 px 23
000000000000   // line  7 px 24
000000000000   // line  7 px 25
000000000000   // line  7 px 26
000000000000   // line  7 px 27
000000000000   // line  7 px 28
000000000000   // line  7 px 29
000000000000   // line  7 px 30
000000000000   // line  7 px 31
000000000000   // line  7 px 32
000000000000   // line  7 px 33
000000000000   // line  7 px 34
000000000000   // line  7 px 35
000000000000   // line  7 px 36
000000000000   // line  7 px 37
000000000000   // line  7 px 38
0fff00000000   // line  7 px 39
0fff00000000   // line  8 px  0
000000000000   // line  8 px  1
000000000000   // line  8 px  2
000000000000   // line  8 px  3
000000000000   // line  8 px  4
000000000000   // line  8 px  5
000000000000   // line  8 px  6
000000000000   // line  8 px  7
000000000000   // line  8 px  8
000000000000   // line  8 px  9
000000000000   // line  8 px 10
000000000000   // line  8 px 11
000000000000   // line  8 px 12
000000000000   // line  8 px 13
000000000000   // line  8 px 14
000000000000   // line  8 px 15
000000000000   // line  8 px 16
000000000000   // line  8 px 17
000000000000   // line  8 px 18
000000000000   // line  8 px 19
0fff0fff0fff   // line  8 px 20
000000000000   // line  8 px 21
000000000000   // line  8 px 22
000000000000   // line  8 px 23
000000000000   // line  8 px 24
000000000000   // line  8 px 25
000000000000   // line  8 px 26
000000000000   // line  8 px 27
000000000000   // line  8 px 28
000000000000   // line  8 px 29
000000000000   // line  8 px 30
000000000000   // line  8 px 31
000000000000   // line  8 px 32
000000000000   // line  8 px 33
000000000000   // line  8 px 34
000000000000   // line  8 px 35
000000000000   // line  8 px 36
000000000000   // line  8 px 37
000000000000   // line  8 px 38
0fff00000000   // line  8 px 39
0fff00000000   // line  9 px  0
000000000000   // line  9 px  1
000000000000   // line  9 px  2
000000000000   // line  9 px  3
000000000000   // line  9 px  4
000000000000   // line  9 px  5
000000000000   // line  9 px  6
000000000000   // line  9 px  7
000000000000   // line  9 px  8
000000000000   // line  9 px  9
000000000000   // line  9 px 10
000000000000   // line  9 px 11
000000000000   // line  9 px 12
000000000000   // line  9 px 13
000000000000   // line  9 px 14
000000000000   // line  9 px 15
000000000000   // line  9 px 16
000000000000   // line  9 px 17
000000000000   // line  9 px 18
000000000000   // line  9 px 19
0fff0fff0fff   // line  9 px 20
000000000000   // line  9 px 21
000000000000   // line  9 px 22
000000000000   // line  9 px 23
000000000000   // line  9 px 24
000000000000   // line  9 px 25
000000000000   // line  9 px 26
000000000000   // line  9 px 27
000000000000   // line  9 px 28
000000000000   // line  9 px 29
000000000000   // line  9 px 30
000000000000   // line  9 px 31
000000000000   // line  9 px 32
000000000000   // line  9 px 33
000000000000   // line  9 px 34
000000000000   // line  9 px 35
000000000000   // line  9 px 36
000000000000   // line  9 px 37
000000000000   // line  9 px 38
0fff00000000   // line  9 px 39
0fff00000000   // line 10 px  0
000000000000   // line 10 px  1
000000000000   // line 10 px  2
000000000000   // line 10 px  3
000000000000   // line 10 px  4
000000000000   // line 10 px  5
000000000000   // line 10 px  6
000000000000   // line 10 px  7
000000000000   // line 10 px  8
000000000000   // line 10 px  9
000000000000   // line 10 px 10
000000000000   // line 10 px 11
000000000000   // line 10 px 12
000000000000   // line 10 px 13
000000000000   // line 10 px 14
000000000000   // line 10 px 15
000000000000   // line 10 px 16
000000000000   // line 10 px 17
000000000000   // line 10 px 18
000000000000   // line 10 px 19
0fff0fff0fff   // line 10 px 20
000000000000   // line 10 px 21
000000000000   // line 10 px 22
000000000000   // line 10 px 23
000000000000   // line 10 px 24
000000000000   // line 10 px 25
000000000000   // line 10 px 26
000000000000   // line 10 px 27
000000000000   // line 10 px 28
000000000000   // line 10 px 29
000000000000   // line 10 px 30
000000000000   // line 10 px 31
000000000000   // line 10 px 32
000000000000   // line 10 px 33
000000000000   // line 10 px 34
000000000000   // line 10 px 35
000000000000   // line 10 px 36
000000000000   // line 10 px 37
000000000000   // line 10 px 38
0fff00000000   // line 10 px 39
0fff00000000   // line 11 px  0
000000000000   // line 11 px  1
000000000000   // line 11 px  2
000000000000   // line 11 px  3
000000000000   // line 11 px  4
000000000000   // line 11 px  5
000000000000   // line 11 px  6
000000000000   // line 11 px  7
000000000000   // line 11 px  8
000000000000   // line 11 px  9
000000000000   // line 11 px 10
000000000000   // line 11 px 11
000000000000   // line 11 px 12
000000000000   // line 11 px 13
000000000000   // line 11 px 14
000000000000   // line 11 px 15
000000000000   // line 11 px 16
000000000000   // line 11 px 17
000000000000   // line 11 px 18
000000000000   // line 11 px 19
0fff0fff0fff   // line 11 px 20
000000000000   // line 11 px 21
000000000000   // line 11 px 22
000000000000   // line 11 px 23
000000000000   // line 11 px 24
000000000000   // line 11 px 25
000000000000   // line 11 px 26
000000000000   // line 11 px 27
000000000000   // line 11 px 28
000000000000   // line 11 px 29
000000000000   // line 11 px 30
000000000000   // line 11 px 31
000000000000   // line 11 px 32
000000000000   // line 11 px 33
000000000000   // line 11 px 34
000000000000   // line 11 px 35
000000000000   // line 11 px 36
000000000000   // line 11 px 37
000000000000   // line 11 px 38
0fff00000000   // line 11 px 39
0fff00000000   // line 12 px  0
000000000000   // line 12 px  1
000000000000   // line 12 px  2
000000000000   // line 12 px  3
000000000000   // line 12 px  4
000000000000   // line 12 px  5
000000000000   // line 12 px  6
000000000000   // line 12 px  7
000000000000   // line 12 px  8
000000000000   // line 12 px  9
000000000000   // line 12 px 10
000000000000   // line 12 px 11
000000000000   // line 12 px 12
000000000000   // line 12 px 13
000000000000   // line 12 px 14
000000000000   // line 12 px 15
000000000000   // line 12 px 16
000000000000   // line 12 px 17
000000000000   // line 12 px 18
000000000000   // line 12 px 19
0fff0fff0fff   // line 12 px 20
000000000000   // line 12 px 21
000000000000   // line 12 px 22
000000000000   // line 12 px 23
000000000000   // line 12 px 24
000000000000   // line 12 px 25
000000000000   // line 12 px 26
000000000000   // line 12 px 27
000000000000   // line 12 px 28
000000000000   // line 12 px 29
000000000000   // line 12 px 30
000000000000   // line 12 px 31
000000000000   // line 12 px 32
000000000000   // line 12 px 33
000000000000   // line 12 px 34
000000000000   // line 12 px 35
000000000000   // line 12 px 36
000000000000   // line 12 px 37
000000000000   // line 12 px 38
0fff00000000   // line 12 px 39
0fff00000000   // line 13 px  0
000000000000   // line 13 px  1
000000000000   // line 13 px  2
000000000000   // line 13 px  3
000000000000   // line 13 px  4
000000000000   // line 13 px  5
000000000000   // line 13 px  6
000000000000   // line 13 px  7
000000000000   // line 13 px  8
000000000000   // line 13 px  9
000000000000   // line 13 px 10
000000000000   // line 13 px 11
000000000000   // line 13 px 12
000000000000   // line 13 px 13
000000000000   // line 13 px 14
000000000000   // line 13 px 15
000000000000   // line 13 px 16
000000000000   // line 13 px 17
000000000000   // line 13 px 18
000000000000   // line 13 px 19
0fff0fff0fff   // line 13 px 20
000000000000   // line 13 px 21
000000000000   // line 13 px 22
000000000000   // line 13 px 23
000000000000   // line 13 px 24
000000000000   // line 13 px 25
000000000000   // line 13 px 26
000000000000   // line 13 px 27
000000000000   // line 13 px 28
000000000000   // line 13 px 29
000000000000   // line 13 px 30
000000000000   // line 13 px 31
000000000000   // line 13 px 32
000000000000   // line 13 px 33
000000000000   // line 13 px 34
000000000000   // line 13 px 35
000000000000   // line 13 px 36
000000000000   // line 13 px 37
000000000000   // line 13 px 38
0fff00000000   // line 13 px 39
0fff00000000   // line 14 px  0
000000000000   // line 14 px  1
000000000000   // line 14 px  2
000000000000   // line 14 px  3
000000000000   // line 14 px  4
000000000000   // line 14 px  5
000000000000   // line 14 px  6
000000000000   // line 14 px  7
000000000000   // line 14 px  8
000000000000   // line 14 px  9
000000000000   // line 14 px 10
000000000000   // line 14 px 11
000000000000   // line 14 px 12
000000000000   // line 14 px 13
000000000000   // line 14 px 14
000000000000   // line 14 px 15
000000000000   // line 14 px 16
000000000000   // line 14 px 17
000000000000   // line 14 px 18
000000000000   // line 14 px 19
0fff0fff0fff   // line 14 px 20
000000000000   // line 14 px 21
000000000000   // line 14 px 22
000000000000   // line 14 px 23
000000000000   // line 14 px 24
000000000000   // line 14 px 25
000000000000   // line 14 px 26
000000000000   // line 14 px 27
000000000000   // line 14 px 28
000000000000   // line 14 px 29
000000000000   // line 14 px 30
000000000000   // line 14 px 31
000000000000   // line 14 px 32
000000000000   // line 14 px 33
000000000000   // line 14 px 34
000000000000   // line 14 px 35
000000000000   // line 14 px 36
000000000000   // line 14 px 37
000000000000   // line 14 px 38
0fff00000000   // line 14 px 39
0fff00000000   // line 15 px  0
000000000000   // line 15 px  1
000000000000   // line 15 px  2
000000000000   // line 15 px  3
000000000000   // line 15 px  4
000000000000   // line 15 px  5
000000000000   // line 15 px  6
000000000000   // line 15 px  7
000000000000   // line 15 px  8
000000000000   // line 15 px  9
000000000000   // line 15 px 10
000000000000   // line 15 px 11
000000000000   // line 15 px 12
000000000000   // line 15 px 13
000000000000   // line 15 px 14
000000000000   // line 15 px 15
000000000000   // line 15 px 16
000000000000   // line 15 px 17
000000000000   // line 15 px 18
000000000000   // line 15 px 19
0fff0fff0fff   // line 15 px 20
000000000000   // line 15 px 21
000000000000   // line 15 px 22
000000000000   // line 15 px 23
000000000000   // line 15 px 24
000000000000   // line 15 px 25
000000000000   // line 15 px 26
000000000000   // line 15 px 27
000000000000   // line 15 px 28
000000000000   // line 15 px 29
000000000000   // line 15 px 30
000000000000   // line 15 px 31
000000000000   // line 15 px 32
000000000000   // line 15 px 33
000000000000   // line 15 px 34
000000000000   // line 15 px 35
000000000000   // line 15 px 36
000000000000   // line 15 px 37
000000000000   // line 15 px 38
0fff00000000   // line 15 px 39
0fff00000000   // line 16 px  0
000000000000   // line 16 px  1
000000000000   // line 16 px  2
000000000000   // line 16 px  3
000000000000   // line 16 px  4
000000000000   // line 16 px  5
000000000000   // line 16 px  6
000000000000   // line 16 px  7
000000000000   // line 16 px  8
000000000000   // line 16 px  9
000000000000   // line 16 px 10
000000000000   // line 16 px 11
000000000000   // line 16 px 12
000000000000   // line 16 px 13
000000000000   // line 16 px 14
000000000000   // line 16 px 15
000000000000   // line 16 px 16
000000000000   // line 16 px 17
000000000000   // line 16 px 18
000000000000   // line 16 px 19
0fff0fff0fff   // line 16 px 20
000000000000   // line 16 px 21
000000000000   // line 16 px 22
000000000000   // line 16 px 23
000000000000   // line 16 px 24
000000000000   // line 16 px 25
000000000000   // line 16 px 26
000000000000   // line 16 px 27
000000000000   // line 16 px 28
000000000000   // line 16 px 29
000000000000   // line 16 px 30
000000000000   // line 16 px 31
000000000000   // line 16 px 32
000000000000   // line 16 px 33
000000000000   // line 16 px 34
000000000000   // line 16 px 35
000000000000   // line 16 px 36
000000000000   // line 16 px 37
000000000000   // line 16 px 38
0fff00000000   // line 16 px 39
0fff00000000   // line 17 px  0
000000000000   // line 17 px  1
000000000000   // line 17 px  2
000000000000   // line 17 px  3
000000000000   // line 17 px  4
000000000000   // line 17 px  5
000000000000   // line 17 px  6
000000000000   // line 17 px  7
000000000000   // line 17 px  8
000000000000   // line 17 px  9
000000000000   // line 17 px 10
000000000000   // line 17 px 11
000000000000   // line 17 px 12
000000000000   // line 17 px 13
000000000000   // line 17 px 14
000000000000   // line 17 px 15
000000000000   // line 17 px 16
000000000000   // line 17 px 17
000000000000   // line 17 px 18
000000000000   // line 17 px 19
0fff0fff0fff   // line 17 px 20
000000000000   // line 17 px 21
000000000000   // line 17 px 22
000000000000   // line 17 px 23
000000000000   // line 17 px 24
000000000000   // line 17 px 25
000000000000   // line 17 px 26
000000000000   // line 17 px 27
000000000000   // line 17 px 28
000000000000   // line 17 px 29
000000000000   // line 17 px 30
000000000000   // line 17 px 31
000000000000   // line 17 px 32
000000000000   // line 17 px 33
000000000000   // line 17 px 34
000000000000   // line 17 px 35
000000000000   // line 17 px 36
000000000000   // line 17 px 37
000000000000   // line 17 px 38
0fff00000000   // line 17 px 39
0fff00000000   // line 18 px  0
000000000000   // line 18 px  1
000000000000   // line 18 px  2
000000000000   // line 18 px  3
000000000000   // line 18 px  4
000000000000   // line 18 px  5
000000000000   // line 18 px  6
000000000000   // line 18 px  7
000000000000   // line 18 px  8
000000000000   // line 18 px  9
000000000000   // line 18 px 10
000000000000   // line 18 px 11
000000000000   // line 18 px 12
000000000000   // line 18 px 13
000000000000   // line 18 px 14
000000000000   // line 18 px 15
000000000000   // line 18 px 16
000000000000   // line 18 px 17
000000000000   // line 18 px 18
000000000000   // line 18 px 19
0fff0fff0fff   // line 18 px 20
000000000000   // line 18 px 21
000000000000   // line 18 px 22
000000000000   // line 18 px 23
000000000000   // line 18 px 24
000000000000   // line 18 px 25
000000000000   // line 18 px 26
000000000000   // line 18 px 27
000000000000   // line 18 px 28
000000000000   // line 18 px 29
000000000000   // line 18 px 30
000000000000   // line 18 px 31
000000000000   // line 18 px 32
000000000000   // line 18 px 33
000000000000   // line 18 px 34
000000000000   // line 18 px 35
000000000000   // line 18 px 36
000000000000   // line 18 px 37
000000000000   // line 18 px 38
0fff00000000   // line 18 px 39
0fff00000000   // line 19 px  0
000000000000   // line 19 px  1
000000000000   // line 19 px  2
000000000000   // line 19 px  3
000000000000   // line 19 px  4
000000000000   // line 19 px  5
000000000000   // line 19 px  6
000000000000   // line 19 px  7
000000000000   // line 19 px  8
000000000000   // line 19 px  9
000000000000   // line 19 px 10
000000000000   // line 19 px 11
000000000000   // line 19 px 12
000000000000   // line 19 px 13
000000000000   // line 19 px 14
000000000000   // line 19 px 15
000000000000   // line 19 px 16
000000000000   // line 19 px 17
000000000000   // line 19 px 18
000000000000   // line 19 px 19
0fff0fff0fff   // line 19 px 20
000000000000   // line 19 px 21
000000000000   // line 19 px 22
000000000000   // line 19 px 23
000000000000   // line 19 px 24
000000000000   // line 19 px 25
000000000000   // line 19 px 26
000000000000   // line 19 px 27
000000000000   // line 19 px 28
000000000000   // line 19 px 29
000000000000   // line 19 px 30
000000000000   // line 19 px 31
000000000000   // line 19 px 32
000000000000   // line 19 px 33
000000000000   // line 19 px 34
000000000000   // line 19 px 35
000000000000   // line 19 px 36
000000000000   // line 19 px 37
000000000000   // line 19 px 38
0fff00000000   // line 19 px 39
0fff00000000   // line 20 px  0
000000000000   // line 20 px  1
000000000000   // line 20 px  2
000000000000   // line 20 px  3
000000000000   // line 20 px  4
000000000000   // line 20 px  5
000000000000   // line 20 px  6
000000000000   // line 20 px  7
000000000000   // line 20 px  8
000000000000   // line 20 px  9
000000000000   // line 20 px 10
000000000000   // line 20 px 11
000000000000   // line 20 px 12
000000000000   // line 20 px 13
000000000000   // line 20 px 14
000000000000   // line 20 px 15
000000000000   // line 20 px 16
000000000000   // line 20 px 17
000000000000   // line 20 px 18
000000000000   // line 20 px 19
0fff0fff0fff   // line 20 px 20
000000000000   // line 20 px 21
000000000000   // line 20 px 22
000000000000   // line 20 px 23
000000000000   // line 20 px 24
000000000000   // line 20 px 25
000000000000   // line 20 px 26
000000000000   // line 20 px 27
000000000000   // line 20 px 28
000000000000   // line 20 px 29
000000000000   // line 20 px 30
000000000000   // line 20 px 31
000000000000   // line 20 px 32
000000000000   // line 20 px 33
000000000000   // line 20 px 34
000000000000   // line 20 px 35
000000000000   // line 20 px 36
000000000000   // line 20 px 37
000000000000   // line 20 px 38
0fff00000000   // line 20 px 39
0fff00000000   // line 21 px  0
000000000000   // line 21 px  1
000000000000   // line 21 px  2
000000000000   // line 21 px  3
000000000000   // line 21 px  4
000000000000   // line 21 px  5
000000000000   // line 21 px  6
000000000000   // line 21 px  7
000000000000   // line 21 px  8
000000000000   // line 21 px  9
000000000000   // line 21 px 10
000000000000   // line 21 px 11
000000000000   // line 21 px 12
000000000000   // line 21 px 13
000000000000   // line 21 px 14
000000000000   // line 21 px 15
000000000000   // line 21 px 16
000000000000   // line 21 px 17
000000000000   // line 21 px 18
000000000000   // line 21 px 19
0fff0fff0fff   // line 21 px 20
000000000000   // line 21 px 21
000000000000   // line 21 px 22
000000000000   // line 21 px 23
000000000000   // line 21 px 24
000000000000   // line 21 px 25
000000000000   // line 21 px 26
000000000000   // line 21 px 27
000000000000   // line 21 px 28
000000000000   // line 21 px 29
000000000000   // line 21 px 30
000000000000   // line 21 px 31
000000000000   // line 21 px 32
000000000000   // line 21 px 33
000000000000   // line 21 px 34
000000000000   // line 21 px 35
000000000000   // line 21 px 36
000000000000   // line 21 px 37
000000000000   // line 21 px 38
0fff00000000   // line 21 px 39
0fff0fff0fff   // line 22 px  0
0fff0fff0fff   // line 22 px  1
0fff0fff0fff   // line 22 px  2
0fff0fff0fff   // line 22 px  3
0fff0fff0fff   // line 22 px  4
0fff0fff0fff   // line 22 px  5
0fff0fff0fff   // line 22 px  6
0fff0fff0fff   // line 22 px  7
0fff0fff0fff   // line 22 px  8
0fff0fff0fff   // line 22 px  9
0fff0fff0fff   // line 22 px 10
0fff0fff0fff   // line 22 px 11
0fff0fff0fff   // line 22 px 12
0fff0fff0fff   // line 22 px 13
0fff0fff0fff   // line 22 px 14
0fff0fff0fff   // line 22 px 15
0fff0fff0fff   // line 22 px 16
0fff0fff0fff   // line 22 px 17
0fff0fff0fff   // line 22 px 18
0fff0fff0fff   // line 22 px 19
0fff0fff0fff   // line 22 px 20
0fff0fff0fff   // line 22 px 21
0fff0fff0fff   // line 22 px 22
0fff0fff0fff   // line 22 px 23
0fff0fff0fff   // line 22 px 24
0fff0fff0fff   // line 22 px 25
0fff0fff0fff   // line 22 px 26
0fff0fff0fff   // line 22 px 27
0fff0fff0fff   // line 22 px 28
0fff0fff0fff   // line 22 px 29
0fff0fff0fff   // line 22 px 30
0fff0fff0fff   // line 22 px 31
0fff0fff0fff   // line 22 px 32
0fff0fff0fff   // line 22 px 33
0fff0fff0fff   // line 22 px 34
0fff0fff0fff   // line 22 px 35
0fff0fff0fff   // line 22 px 36
0fff0fff0fff   // line 22 px 37
0fff0fff0fff   // line 22 px 38
0fff0fff0fff   // line 22 px 39
0fff00000000   // line 23 px  0
000000000000   // line 23 px  1
000000000000   // line 23 px  2
000000000000   // line 23 px  3
000000000000   // line 23 px  4
000000000000   // line 23 px  5
000000000000   // line 23 px  6
000000000000   // line 23 px  7
000000000000   // line 23 px  8
000000000000   // line 23 px  9
000000000000   // line 23 px 10
000000000000   // line 23 px 11
000000000000   // line 23 px 12
000000000000   // line 23 px 13
000000000000   // line 23 px 14
000000000000   // line 23 px 15
000000000000   // line 23 px 16
000000000000   // line 23 px 17
000000000000   // line 23 px 18
000000000000   // line 23 px 19
0fff0fff0fff   // line 23 px 20
000000000000   // line 23 px 21
000000000000   // line 23 px 22
000000000000   // line 23 px 23
000000000000   // line 23 px 24
000000000000   // line 23 px 25
000000000000   // line 23 px 26
000000000000   // line 23 px 27
000000000000   // line 23 px 28
000000000000   // line 23 px 29
000000000000   // line 23 px 30
000000000000   // line 23 px 31
000000000000   // line 23 px 32
000000000000   // line 23 px 33
000000000000   // line 23 px 34
000000000000   // line 23 px 35
000000000000   // line 23 px 36
000000000000   // line 23 px 37
000000000000   // line 23 px 38
0fff00000000   // line 23 px 39
0fff00000000   // line 24 px  0
000000000000   // line 24 px  1
000000000000   // line 24 px  2
000000000000   // line 24 px  3
000000000000   // line 24 px  4
000000000000   // line 24 px  5
000000000000   // line 24 px  6
000000000000   // line 24 px  7
000000000000   // line 24 px  8
000000000000   // line 24 px  9
000000000000   // line 24 px 10
000000000000   // line 24 px 11
000000000000   // line 24 px 12
000000000000   // line 24 px 13
000000000000   // line 24 px 14
000000000000   // line 24 px 15
000000000000   // line 24 px 16
000000000000   // line 24 px 17
000000000000   // line 24 px 18
000000000000   // line 24 px 19
0fff0fff0fff   // line 24 px 20
000000000000   // line 24 px 21
000000000000   // line 24 px 22
000000000000   // line 24 px 23
000000000000   // line 24 px 24
000000000000   // line 24 px 25
000000000000   // line 24 px 26
000000000000   // line 24 px 27
000000000000   // line 24 px 28
000000000000   // line 24 px 29
000000000000   // line 24 px 30
000000000000   // line 24 px 31
000000000000   // line 24 px 32
000000000000   // line 24 px 33
000000000000   // line 24 px 34
000000000000   // line 24 px 35
000000000000   // line 24 px 36
000000000000   // line 24 px 37
000000000000   // line 24 px 38
0fff00000000   // line 24 px 39
0fff00000000   // line 25 px  0
000000000000   // line 25 px  1
000000000000   // line 25 px  2
000000000000   // line 25 px  3
000000000000   // line 25 px  4
000000000000   // line 25 px  5
000000000000   // line 25 px  6
000000000000   // line 25 px  7
000000000000   // line 25 px  8
000000000000   // line 25 px  9
000000000000   // line 25 px 10
000000000000   // line 25 px 11
000000000000   // line 25 px 12
000000000000   // line 25 px 13
000000000000   // line 25 px 14
000000000000   // line 25 px 15
000000000000   // line 25 px 16
000000000000   // line 25 px 17
000000000000   // line 25 px 18
000000000000   // line 25 px 19
0fff0fff0fff   // line 25 px 20
000000000000   // line 25 px 21
000000000000   // line 25 px 22
000000000000   // line 25 px 23
000000000000   // line 25 px 24
000000000000   // line 25 px 25
000000000000   // line 25 px 26
000000000000   // line 25 px 27
000000000000   // line 25 px 28
000000000000   // line 25 px 29
000000000000   // line 25 px 30
000000000000   // line 25 px 31
000000000000   // line 25 px 32
000000000000   // line 25 px 33
000000000000   // line 25 px 34
000000000000   // line 25 px 35
000000000000   // line 25 px 36
000000000000   // line 25 px 37
000000000000   // line 25 px 38
0fff00000000   // line 25 px 39
0fff00000000   // line 26 px  0
000000000000   // line 26 px  1
000000000000   // line 26 px  2
000000000000   // line 26 px  3
000000000000   // line 26 px  4
000000000000   // line 26 px  5
000000000000   // line 26 px  6
000000000000   // line 26 px  7
000000000000   // line 26 px  8
000000000000   // line 26 px  9
000000000000   // line 26 px 10
000000000000   // line 26 px 11
000000000000   // line 26 px 12
000000000000   // line 26 px 13
000000000000   // line 26 px 14
000000000000   // line 26 px 15
000000000000   // line 26 px 16
000000000000   // line 26 px 17
000000000000   // line 26 px 18
000000000000   // line 26 px 19
0fff0fff0fff   // line 26 px 20
000000000000   // line 26 px 21
000000000000   // line 26 px 22
000000000000   // line 26 px 23
000000000000   // line 26 px 24
000000000000   // line 26 px 25
000000000000   // line 26 px 26
000000000000   // line 26 px 27
000000000000   // line 26 px 28
000000000000   // line 26 px 29
000000000000   // line 26 px 30
000000000000   // line 26 px 31
000000000000   // line 26 px 32
000000000000   // line 26 px 33
000000000000   // line 26 px 34
000000000000   // line 26 px 35
000000000000   // line 26 px 36
000000000000   // line 26 px 37
000000000000   // line 26 px 38
0fff00000000   // line 26 px 39
0fff00000000   // line 27 px  0
000000000000   // line 27 px  1
000000000000   // line 27 px  2
000000000000   // line 27 px  3
000000000000   // line 27 px  4
000000000000   // line 27 px  5
000000000000   // line 27 px  6
000000000000   // line 27 px  7
000000000000   // line 27 px  8
000000000000   // line 27 px  9
000000000000   // line 27 px 10
000000000000   // line 27 px 11
000000000000   // line 27 px 12
000000000000   // line 27 px 13
000000000000   // line 27 px 14
000000000000   // line 27 px 15
000000000000   // line 27 px 16
000000000000   // line 27 px 17
000000000000   // line 27 px 18
000000000000   // line 27 px 19
0fff0fff0fff   // line 27 px 20
000000000000   // line 27 px 21
000000000000   // line 27 px 22
000000000000   // line 27 px 23
000000000000   // line 27 px 24
000000000000   // line 27 px 25
000000000000   // line 27 px 26
000000000000   // line 27 px 27
000000000000   // line 27 px 28
000000000000   // line 27 px 29
000000000000   // line 27 px 30
000000000000   // line 27 px 31
000000000000   // line 27 px 32
000000000000   // line 27 px 33
000000000000   // line 27 px 34
000000000000   // line 27 px 35
000000000000   // line 27 px 36
000000000000   // line 27 px 37
000000000000   // line 27 px 38
0fff00000000   // line 27 px 39
0fff00000000   // line 28 px  0
000000000000   // line 28 px  1
000000000000   // line 28 px  2
000000000000   // line 28 px  3
000000000000   // line 28 px  4
000000000000   // line 28 px  5
000000000000   // line 28 px  6
000000000000   // line 28 px  7
000000000000   // line 28 px  8
000000000000   // line 28 px  9
000000000000   // line 28 px 10
000000000000   // line 28 px 11
000000000000   // line 28 px 12
000000000000   // line 28 px 13
000000000000   // line 28 px 14
000000000000   // line 28 px 15
000000000000   // line 28 px 16
000000000000   // line 28 px 17
000000000000   // line 28 px 18
000000000000   // line 28 px 19
0fff0fff0fff   // line 28 px 20
000000000000   // line 28 px 21
000000000000   // line 28 px 22
000000000000   // line 28 px 23
000000000000   // line 28 px 24
000000000000   // line 28 px 25
000000000000   // line 28 px 26
000000000000   // line 28 px 27
000000000000   // line 28 px 28
000000000000   // line 28 px 29
000000000000   // line 28 px 30
000000000000   // line 28 px 31
000000000000   // line 28 px 32
000000000000   // line 28 px 33
000000000000   // line 28 px 34
000000000000   // line 28 px 35
000000000000   // line 28 px 36
000000000000   // line 28 px 37
000000000000   // line 28 px 38
0fff00000000   // line 28 px 39
0fff00000000   // line 29 px  0
000000000000   // line 29 px  1
000000000000   // line 29 px  2
000000000000   // line 29 px  3
000000000000   // line 29 px  4
000000000000   // line 29 px  5
000000000000   // line 29 px  6
000000000000   // line 29 px  7
000000000000   // line 29 px  8
000000000000   // line 29 px  9
000000000000   // line 29 px 10
000000000000   // line 29 px 11
000000000000   // line 29 px 12
000000000000   // line 29 px 13
000000000000   // line 29 px 14
000000000000   // line 29 px 15
000000000000   // line 29 px 16
000000000000   // line 29 px 17
000000000000   // line 29 px 18
000000000000   // line 29 px 19
0fff0fff0fff   // line 29 px 20
000000000000   // line 29 px 21
000000000000   // line 29 px 22
000000000000   // line 29 px 23
000000000000   // line 29 px 24
000000000000   // line 29 px 25
000000000000   // line 29 px 26
000000000000   // line 29 px 27
000000000000   // line 29 px 28
000000000000   // line 29 px 29
000000000000   // line 29 px 30
000000000000   // line 29 px 31
000000000000   // line 29 px 32
000000000000   // line 29 px 33
000000000000   // line 29 px 34
000000000000   // line 29 px 35
000000000000   // line 29 px 36
000000000000   // line 29 px 37
000000000000   // line 29 px 38
0fff00000000   // line 29 px 39
0fff00000000   // line 30 px  0
000000000000   // line 30 px  1
000000000000   // line 30 px  2
000000000000   // line 30 px  3
000000000000   // line 30 px  4
000000000000   // line 30 px  5
000000000000   // line 30 px  6
000000000000   // line 30 px  7
000000000000   // line 30 px  8
000000000000   // line 30 px  9
000000000000   // line 30 px 10
000000000000   // line 30 px 11
000000000000   // line 30 px 12
000000000000   // line 30 px 13
000000000000   // line 30 px 14
000000000000   // line 30 px 15
000000000000   // line 30 px 16
000000000000   // line 30 px 17
000000000000   // line 30 px 18
000000000000   // line 30 px 19
0fff0fff0fff   // line 30 px 20
000000000000   // line 30 px 21
000000000000   // line 30 px 22
000000000000   // line 30 px 23
000000000000   // line 30 px 24
000000000000   // line 30 px 25
000000000000   // line 30 px 26
000000000000   // line 30 px 27
000000000000   // line 30 px 28
000000000000   // line 30 px 29
000000000000   // line 30 px 30
000000000000   // line 30 px 31
000000000000   // line 30 px 32
000000000000   // line 30 px 33
000000000000   // line 30 px 34
000000000000   // line 30 px 35
000000000000   // line 30 px 36
000000000000   // line 30 px 37
000000000000   // line 30 px 38
0fff00000000   // line 30 px 39
0fff00000000   // line 31 px  0
000000000000   // line 31 px  1
000000000000   // line 31 px  2
000000000000   // line 31 px  3
000000000000   // line 31 px  4
000000000000   // line 31 px  5
000000000000   // line 31 px  6
000000000000   // line 31 px  7
000000000000   // line 31 px  8
000000000000   // line 31 px  9
000000000000   // line 31 px 10
000000000000   // line 31 px 11
000000000000   // line 31 px 12
000000000000   // line 31 px 13
000000000000   // line 31 px 14
000000000000   // line 31 px 15
000000000000   // line 31 px 16
000000000000   // line 31 px 17
000000000000   // line 31 px 18
000000000000   // line 31 px 19
0fff0fff0fff   // line 31 px 20
000000000000   // line 31 px 21
000000000000   // line 31 px 22
000000000000   // line 31 px 23
000000000000   // line 31 px 24
000000000000   // line 31 px 25
000000000000   // line 31 px 26
000000000000   // line 31 px 27
000000000000   // line 31 px 28
000000000000   // line 31 px 29
000000000000   // line 31 px 30
000000000000   // line 31 px 31
000000000000   // line 31 px 32
000000000000   // line 31 px 33
000000000000   // line 31 px 34
000000000000   // line 31 px 35
000000000000   // line 31 px 36
000000000000   // line 31 px 37
000000000000   // line 31 px 38
0fff00000000   // line 31 px 39
0fff00000000   // line 32 px  0
000000000000   // line 32 px  1
000000000000   // line 32 px  2
000000000000   // line 32 px  3
000000000000   // line 32 px  4
000000000000   // line 32 px  5
000000000000   // line 32 px  6
000000000000   // line 32 px  7
000000000000   // line 32 px  8
000000000000   // line 32 px  9
000000000000   // line 32 px 10
000000000000   // line 32 px 11
000000000000   // line 32 px 12
000000000000   // line 32 px 13
000000000000   // line 32 px 14
000000000000   // line 32 px 15
000000000000   // line 32 px 16
000000000000   // line 32 px 17
000000000000   // line 32 px 18
000000000000   // line 32 px 19
0fff0fff0fff   // line 32 px 20
000000000000   // line 32 px 21
000000000000   // line 32 px 22
000000000000   // line 32 px 23
000000000000   // line 32 px 24
000000000000   // line 32 px 25
000000000000   // line 32 px 26
000000000000   // line 32 px 27
000000000000   // line 32 px 28
000000000000   // line 32 px 29
000000000000   // line 32 px 30
000000000000   // line 32 px 31
000000000000   // line 32 px 32
000000000000   // line 32 px 33
000000000000   // line 32 px 34
000000000000   // line 32 px 35
000000000000   // line 32 px 36
000000000000   // line 32 px 37
000000000000   // line 32 px 38
0fff00000000   // line 32 px 39
0fff00000000   // line 33 px  0
000000000000   // line 33 px  1
000000000000   // line 33 px  2
000000000000   // line 33 px  3
000000000000   // line 33 px  4
000000000000   // line 33 px  5
000000000000   // line 33 px  6
000000000000   // line 33 px  7
000000000000   // line 33 px  8
000000000000   // line 33 px  9
000000000000   // line 33 px 10
000000000000   // line 33 px 11
000000000000   // line 33 px 12
000000000000   // line 33 px 13
000000000000   // line 33 px 14
000000000000   // line 33 px 15
000000000000   // line 33 px 16
000000000000   // line 33 px 17
000000000000   // line 33 px 18
000000000000   // line 33 px 19
0fff0fff0fff   // line 33 px 20
000000000000   // line 33 px 21
000000000000   // line 33 px 22
000000000000   // line 33 px 23
000000000000   // line 33 px 24
000000000000   // line 33 px 25
000000000000   // line 33 px 26
000000000000   // line 33 px 27
000000000000   // line 33 px 28
000000000000   // line 33 px 29
000000000000   // line 33 px 30
000000000000   // line 33 px 31
000000000000   // line 33 px 32
000000000000   // line 33 px 33
000000000000   // line 33 px 34
000000000000   // line 33 px 35
000000000000   // line 33 px 36
000000000000   // line 33 px 37
000000000000   // line 33 px 38
0fff00000000   // line 33 px 39
0fff00000000   // line 34 px  0
000000000000   // line 34 px  1
000000000000   // line 34 px  2
000000000000   // line 34 px  3
000000000000   // line 34 px  4
000000000000   // line 34 px  5
000000000000   // line 34 px  6
000000000000   // line 34 px  7
000000000000   // line 34 px  8
000000000000   // line 34 px  9
000000000000   // line 34 px 10
000000000000   // line 34 px 11
000000000000   // line 34 px 12
000000000000   // line 34 px 13
000000000000   // line 34 px 14
000000000000   // line 34 px 15
000000000000   // line 34 px 16
000000000000   // line 34 px 17
000000000000   // line 34 px 18
000000000000   // line 34 px 19
0fff0fff0fff   // line 34 px 20
000000000000   // line 34 px 21
000000000000   // line 34 px 22
000000000000   // line 34 px 23
000000000000   // line 34 px 24
000000000000   // line 34 px 25
000000000000   // line 34 px 26
000000000000   // line 34 px 27
000000000000   // line 34 px 28
000000000000   // line 34 px 29
000000000000   // line 34 px 30
000000000000   // line 34 px 31
000000000000   // line 34 px 32
000000000000   // line 34 px 33
000000000000   // line 34 px 34
000000000000   // line 34 px 35
000000000000   // line 34 px 36
000000000000   // line 34 px 37
000000000000   // line 34 px 38
0fff00000000   // line 34 px 39
0fff00000000   // line 35 px  0
000000000000   // line 35 px  1
000000000000   // line 35 px  2
000000000000   // line 35 px  3
000000000000   // line 35 px  4
000000000000   // line 35 px  5
000000000000   // line 35 px  6
000000000000   // line 35 px  7
000000000000   // line 35 px  8
000000000000   // line 35 px  9
000000000000   // line 35 px 10
000000000000   // line 35 px 11
000000000000   // line 35 px 12
000000000000   // line 35 px 13
000000000000   // line 35 px 14
000000000000   // line 35 px 15
000000000000   // line 35 px 16
000000000000   // line 35 px 17
000000000000   // line 35 px 18
000000000000   // line 35 px 19
0fff0fff0fff   // line 35 px 20
000000000000   // line 35 px 21
000000000000   // line 35 px 22
000000000000   // line 35 px 23
000000000000   // line 35 px 24
000000000000   // line 35 px 25
000000000000   // line 35 px 26
000000000000   // line 35 px 27
000000000000   // line 35 px 28
000000000000   // line 35 px 29
000000000000   // line 35 px 30
000000000000   // line 35 px 31
000000000000   // line 35 px 32
000000000000   // line 35 px 33
000000000000   // line 35 px 34
000000000000   // line 35 px 35
000000000000   // line 35 px 36
000000000000   // line 35 px 37
000000000000   // line 35 px 38
0fff00000000   // line 35 px 39
0fff00000000   // line 36 px  0
000000000000   // line 36 px  1
000000000000   // line 36 px  2
000000000000   // line 36 px  3
000000000000   // line 36 px  4
000000000000   // line 36 px  5
000000000000   // line 36 px  6
000000000000   // line 36 px  7
000000000000   // line 36 px  8
000000000000   // line 36 px  9
000000000000   // line 36 px 10
000000000000   // line 36 px 11
000000000000   // line 36 px 12
000000000000   // line 36 px 13
000000000000   // line 36 px 14
000000000000   // line 36 px 15
000000000000   // line 36 px 16
000000000000   // line 36 px 17
000000000000   // line 36 px 18
000000000000   // line 36 px 19
0fff0fff0fff   // line 36 px 20
000000000000   // line 36 px 21
000000000000   // line 36 px 22
000000000000   // line 36 px 23
000000000000   // line 36 px 24
000000000000   // line 36 px 25
000000000000   // line 36 px 26
000000000000   // line 36 px 27
000000000000   // line 36 px 28
000000000000   // line 36 px 29
000000000000   // line 36 px 30
000000000000   // line 36 px 31
000000000000   // line 36 px 32
000000000000   // line 36 px 33
000000000000   // line 36 px 34
000000000000   // line 36 px 35
000000000000   // line 36 px 36
000000000000   // line 36 px 37
000000000000   // line 36 px 38
0fff00000000   // line 36 px 39
0fff00000000   // line 37 px  0
000000000000   // line 37 px  1
000000000000   // line 37 px  2
000000000000   // line 37 px  3
000000000000   // line 37 px  4
000000000000   // line 37 px  5
000000000000   // line 37 px  6
000000000000   // line 37 px  7
000000000000   // line 37 px  8
000000000000   // line 37 px  9
000000000000   // line 37 px 10
000000000000   // line 37 px 11
000000000000   // line 37 px 12
000000000000   // line 37 px 13
000000000000   // line 37 px 14
000000000000   // line 37 px 15
000000000000   // line 37 px 16
000000000000   // line 37 px 17
000000000000   // line 37 px 18
000000000000   // line 37 px 19
0fff0fff0fff   // line 37 px 20
000000000000   // line 37 px 21
000000000000   // line 37 px 22
000000000000   // line 37 px 23
000000000000   // line 37 px 24
000000000000   // line 37 px 25
000000000000   // line 37 px 26
000000000000   // line 37 px 27
000000000000   // line 37 px 28
000000000000   // line 37 px 29
000000000000   // line 37 px 30
000000000000   // line 37 px 31
000000000000   // line 37 px 32
000000000000   // line 37 px 33
000000000000   // line 37 px 34
000000000000   // line 37 px 35
000000000000   // line 37 px 36
000000000000   // line 37 px 37
000000000000   // line 37 px 38
0fff00000000   // line 37 px 39
0fff00000000   // line 38 px  0
000000000000   // line 38 px  1
000000000000   // line 38 px  2
000000000000   // line 38 px  3
000000000000   // line 38 px  4
000000000000   // line 38 px  5
000000000000   // line 38 px  6
000000000000   // line 38 px  7
000000000000   // line 38 px  8
000000000000   // line 38 px  9
000000000000   // line 38 px 10
000000000000   // line 38 px 11
000000000000   // line 38 px 12
000000000000   // line 38 px 13
000000000000   // line 38 px 14
000000000000   // line 38 px 15
000000000000   // line 38 px 16
000000000000   // line 38 px 17
000000000000   // line 38 px 18
000000000000   // line 38 px 19
0fff0fff0fff   // line 38 px 20
000000000000   // line 38 px 21
000000000000   // line 38 px 22
000000000000   // line 38 px 23
000000000000   // line 38 px 24
000000000000   // line 38 px 25
000000000000   // line 38 px 26
000000000000   // line 38 px 27
000000000000   // line 38 px 28
000000000000   // line 38 px 29
000000000000   // line 38 px 30
000000000000   // line 38 px 31
000000000000   // line 38 px 32
000000000000   // line 38 px 33
000000000000   // line 38 px 34
000000000000   // line 38 px 35
000000000000   // line 38 px 36
000000000000   // line 38 px 37
000000000000   // line 38 px 38
0fff00000000   // line 38 px 39
0fff00000000   // line 39 px  0
000000000000   // line 39 px  1
000000000000   // line 39 px  2
000000000000   // line 39 px  3
000000000000   // line 39 px  4
000000000000   // line 39 px  5
000000000000   // line 39 px  6
000000000000   // line 39 px  7
000000000000   // line 39 px  8
000000000000   // line 39 px  9
000000000000   // line 39 px 10
000000000000   // line 39 px 11
000000000000   // line 39 px 12
000000000000   // line 39 px 13
000000000000   // line 39 px 14
000000000000   // line 39 px 15
000000000000   // line 39 px 16
000000000000   // line 39 px 17
000000000000   // line 39 px 18
000000000000   // line 39 px 19
0fff0fff0fff   // line 39 px 20
000000000000   // line 39 px 21
000000000000   // line 39 px 22
000000000000   // line 39 px 23
000000000000   // line 39 px 24
000000000000   // line 39 px 25
000000000000   // line 39 px 26
000000000000   // line 39 px 27
000000000000   // line 39 px 28
000000000000   // line 39 px 29
000000000000   // line 39 px 30
000000000000   // line 39 px 31
000000000000   // line 39 px 32
000000000000   // line 39 px 33
000000000000   // line 39 px 34
000000000000   // line 39 px 35
000000000000   // line 39 px 36
000000000000   // line 39 px 37
000000000000   // line 39 px 38
0fff00000000   // line 39 px 39
0fff00000000   // line 40 px  0
000000000000   // line 40 px  1
000000000000   // line 40 px  2
000000000000   // line 40 px  3
000000000000   // line 40 px  4
000000000000   // line 40 px  5
000000000000   // line 40 px  6
000000000000   // line 40 px  7
000000000000   // line 40 px  8
000000000000   // line 40 px  9
000000000000   // line 40 px 10
000000000000   // line 40 px 11
000000000000   // line 40 px 12
000000000000   // line 40 px 13
000000000000   // line 40 px 14
000000000000   // line 40 px 15
000000000000   // line 40 px 16
000000000000   // line 40 px 17
000000000000   // line 40 px 18
000000000000   // line 40 px 19
0fff0fff0fff   // line 40 px 20
000000000000   // line 40 px 21
000000000000   // line 40 px 22
000000000000   // line 40 px 23
000000000000   // line 40 px 24
000000000000   // line 40 px 25
000000000000   // line 40 px 26
000000000000   // line 40 px 27
000000000000   // line 40 px 28
000000000000   // line 40 px 29
000000000000   // line 40 px 30
000000000000   // line 40 px 31
000000000000   // line 40 px 32
000000000000   // line 40 px 33
000000000000   // line 40 px 34
000000000000   // line 40 px 35
000000000000   // line 40 px 36
000000000000   // line 40 px 37
000000000000   // line 40 px 38
0fff00000000   // line 40 px 39
0fff00000000   // line 41 px  0
000000000000   // line 41 px  1
000000000000   // line 41 px  2
000000000000   // line 41 px  3
000000000000   // line 41 px  4
000000000000   // line 41 px  5
000000000000   // line 41 px  6
000000000000   // line 41 px  7
000000000000   // line 41 px  8
000000000000   // line 41 px  9
000000000000   // line 41 px 10
000000000000   // line 41 px 11
000000000000   // line 41 px 12
000000000000   // line 41 px 13
000000000000   // line 41 px 14
000000000000   // line 41 px 15
000000000000   // line 41 px 16
000000000000   // line 41 px 17
000000000000   // line 41 px 18
000000000000   // line 41 px 19
0fff0fff0fff   // line 41 px 20
000000000000   // line 41 px 21
000000000000   // line 41 px 22
000000000000   // line 41 px 23
000000000000   // line 41 px 24
000000000000   // line 41 px 25
000000000000   // line 41 px 26
000000000000   // line 41 px 27
000000000000   // line 41 px 28
000000000000   // line 41 px 29
000000000000   // line 41 px 30
000000000000   // line 41 px 31
000000000000   // line 41 px 32
000000000000   // line 41 px 33
000000000000   // line 41 px 34
000000000000   // line 41 px 35
000000000000   // line 41 px 36
000000000000   // line 41 px 37
000000000000   // line 41 px 38
0fff00000000   // line 41 px 39
0fff00000000   // line 42 px  0
000000000000   // line 42 px  1
000000000000   // line 42 px  2
000000000000   // line 42 px  3
000000000000   // line 42 px  4
000000000000   // line 42 px  5
000000000000   // line 42 px  6
000000000000   // line 42 px  7
000000000000   // line 42 px  8
000000000000   // line 42 px  9
000000000000   // line 42 px 10
000000000000   // line 42 px 11
000000000000   // line 42 px 12
000000000000   // line 42 px 13
000000000000   // line 42 px 14
000000000000   // line 42 px 15
000000000000   // line 42 px 16
000000000000   // line 42 px 17
000000000000   // line 42 px 18
000000000000   // line 42 px 19
0fff0fff0fff   // line 42 px 20
000000000000   // line 42 px 21
000000000000   // line 42 px 22
000000000000   // line 42 px 23
000000000000   // line 42 px 24
000000000000   // line 42 px 25
000000000000   // line 42 px 26
000000000000   // line 42 px 27
000000000000   // line 42 px 28
000000000000   // line 42 px 29
000000000000   // line 42 px 30
000000000000   // line 42 px 31
000000000000   // line 42 px 32
000000000000   // line 42 px 33
000000000000   // line 42 px 34
000000000000   // line 42 px 35
000000000000   // line 42 px 36
000000000000   // line 42 px 37
000000000000   // line 42 px 38
0fff00000000   // line 42 px 39
0fff00000000   // line 43 px  0
000000000000   // line 43 px  1
000000000000   // line 43 px  2
000000000000   // line 43 px  3
000000000000   // line 43 px  4
000000000000   // line 43 px  5
000000000000   // line 43 px  6
000000000000   // line 43 px  7
000000000000   // line 43 px  8
000000000000   // line 43 px  9
000000000000   // line 43 px 10
000000000000   // line 43 px 11
000000000000   // line 43 px 12
000000000000   // line 43 px 13
000000000000   // line 43 px 14
000000000000   // line 43 px 15
000000000000   // line 43 px 16
000000000000   // line 43 px 17
000000000000   // line 43 px 18
000000000000   // line 43 px 19
0fff0fff0fff   // line 43 px 20
000000000000   // line 43 px 21
000000000000   // line 43 px 22
000000000000   // line 43 px 23
000000000000   // line 43 px 24
000000000000   // line 43 px 25
000000000000   // line 43 px 26
000000000000   // line 43 px 27
000000000000   // line 43 px 28
000000000000   // line 43 px 29
000000000000   // line 43 px 30
000000000000   // line 43 px 31
000000000000   // line 43 px 32
000000000000   // line 43 px 33
000000000000   // line 43 px 34
000000000000   // line 43 px 35
000000000000   // line 43 px 36
000000000000   // line 43 px 37
000000000000   // line 43 px 38
0fff00000000   // line 43 px 39
0fff00000000   // line 44 px  0
0fff00000000   // line 44 px  1
0fff00000000   // line 44 px  2
0fff00000000   // line 44 px  3
0fff00000000   // line 44 px  4
0fff00000000   // line 44 px  5
0fff00000000   // line 44 px  6
0fff00000000   // line 44 px  7
0fff00000000   // line 44 px  8
0fff00000000   // line 44 px  9
0fff00000000   // line 44 px 10
0fff00000000   // line 44 px 11
0fff00000000   // line 44 px 12
0fff00000000   // line 44 px 13
0fff00000000   // line 44 px 14
0fff00000000   // line 44 px 15
0fff00000000   // line 44 px 16
0fff00000000   // line 44 px 17
0fff00000000   // line 44 px 18
0fff00000000   // line 44 px 19
0fff0fff0fff   // line 44 px 20
0fff00000000   // line 44 px 21
0fff00000000   // line 44 px 22
0fff00000000   // line 44 px 23
0fff00000000   // line 44 px 24
0fff00000000   // line 44 px 25
0fff00000000   // line 44 px 26
0fff00000000   // line 44 px 27
0fff00000000   // line 44 px 28
0fff00000000   // line 44 px 29
0fff00000000   // line 44 px 30
0fff00000000   // line 44 px 31
0fff00000000   // line 44 px 32
0fff00000000   // line 44 px 33
0fff00000000   // line 44 px 34
0fff00000000   // line 44 px 35
0fff00000000   // line 44 px 36
0fff00000000   // line 44 px 37
0fff00000000   // line 44 px 38
0fff00000000   // line 44 px 39
0fff00000000   // line  0 px  0
0fff00000000   // line  0 px  1
0fff00000000   // line  0 px  2
0fff00000000   // line  0 px  3
0fff00000000   // line  0 px  4
0fff00000000   // line  0 px  5
0fff00000000   // line  0 px  6
0fff00000000   // line  0 px  7
0fff00000000   // line  0 px  8
0fff00000000   // line  0 px  9
0fff00000000   // line  0 px 10
0fff00000000   // line  0 px 11
0fff00000000   // line  0 px 12
0fff00000000   // line  0 px 13
0fff00000000   // line  0 px 14
0fff00000000   // line  0 px 15
0fff00000000   // line  0 px 16
0fff00000000   // line  0 px 17
0fff00000000   // line  0 px 18
0fff00000000   // line  0 px 19
0fff0fff0fff   // line  0 px 20
0fff00000000   // line  0 px 21
0fff00000000   // line  0 px 22
0fff00000000   // line  0 px 23
0fff00000000   // line  0 px 24
0fff00000000   // line  0 px 25
0fff00000000   // line  0 px 26
0fff00000000   // line  0 px 27
0fff00000000   // line  0 px 28
0fff00000000   // line  0 px 29
0fff00000000   // line  0 px 30
0fff00000000   // line  0 px 31
0fff00000000   // line  0 px 32
0fff00000000   // line  0 px 33
0fff00000000   // line  0 px 34
0fff00000000   // line  0 px 35
0fff00000000   // line  0 px 36
0fff00000000   // line  0 px 37
0fff00000000   // line  0 px 38
0fff00000000   // line  0 px 39
0fff00000000   // line  1 px  0
000000000000   // line  1 px  1
000000000000   // line  1 px  2
000000000000   // line  1 px  3
000000000000   // line  1 px  4
000000000000   // line  1 px  5
000000000000   // line  1 px  6
000000000000   // line  1 px  7
000000000000   // line  1 px  8
000000000000   // line  1 px  9
000000000000   // line  1 px 10
000000000000   // line  1 px 11
000000000000   // line  1 px 12
000000000000   // line  1 px 13
000000000000   // line  1 px 14
000000000000   // line  1 px 15
000000000000   // line  1 px 16
000000000000   // line  1 px 17
000000000000   // line  1 px 18
000000000000   // line  1 px 19
0fff0fff0fff   // line  1 px 20
000000000000   // line  1 px 21
000000000000   // line  1 px 22
000000000000   // line  1 px 23
000000000000   // line  1 px 24
000000000000   // line  1 px 25
000000000000   // line  1 px 26
000000000000   // line  1 px 27
000000000000   // line  1 px 28
000000000000   // line  1 px 29
000000000000   // line  1 px 30
000000000000   // line  1 px 31
000000000000   // line  1 px 32
000000000000   // line  1 px 33
000000000000   // line  1 px 34
000000000000   // line  1 px 35
000000000000   // line  1 px 36
000000000000   // line  1 px 37
000000000000   // line  1 px 38
0fff00000000   // line  1 px 39
0fff00000000   // line  2 px  0
000000000000   // line  2 px  1
000000000000   // line  2 px  2
000000000000   // line  2 px  3
000000000000   // line  2 px  4
000000000000   // line  2 px  5
000000000000   // line  2 px  6
000000000000   // line  2 px  7
000000000000   // line  2 px  8
000000000000   // line  2 px  9
000000000000   // line  2 px 10
000000000000   // line  2 px 11
000000000000   // line  2 px 12
000000000000   // line  2 px 13
000000000000   // line  2 px 14
000000000000   // line  2 px 15
000000000000   // line  2 px 16
000000000000   // line  2 px 17
000000000000   // line  2 px 18
000000000000   // line  2 px 19
0fff0fff0fff   // line  2 px 20
000000000000   // line  2 px 21
000000000000   // line  2 px 22
000000000000   // line  2 px 23
000000000000   // line  2 px 24
000000000000   // line  2 px 25
000000000000   // line  2 px 26
000000000000   // line  2 px 27
000000000000   // line  2 px 28
000000000000   // line  2 px 29
000000000000   // line  2 px 30
000000000000   // line  2 px 31
000000000000   // line  2 px 32
000000000000   // line  2 px 33
000000000000   // line  2 px 34
000000000000   // line  2 px 35
000000000000   // line  2 px 36
000000000000   // line  2 px 37
000000000000   // line  2 px 38
0fff00000000   // line  2 px 39
0fff00000000   // line  3 px  0
000000000000   // line  3 px  1
000000000000   // line  3 px  2
000000000000   // line  3 px  3
000000000000   // line  3 px  4
000000000000   // line  3 px  5
000000000000   // line  3 px  6
000000000000   // line  3 px  7
000000000000   // line  3 px  8
000000000000   // line  3 px  9
000000000000   // line  3 px 10
000000000000   // line  3 px 11
000000000000   // line  3 px 12
000000000000   // line  3 px 13
000000000000   // line  3 px 14
000000000000   // line  3 px 15
000000000000   // line  3 px 16
000000000000   // line  3 px 17
000000000000   // line  3 px 18
000000000000   // line  3 px 19
0fff0fff0fff   // line  3 px 20
000000000000   // line  3 px 21
000000000000   // line  3 px 22
000000000000   // line  3 px 23
000000000000   // line  3 px 24
000000000000   // line  3 px 25
000000000000   // line  3 px 26
000000000000   // line  3 px 27
000000000000   // line  3 px 28
000000000000   // line  3 px 29
000000000000   // line  3 px 30
000000000000   // line  3 px 31
000000000000   // line  3 px 32
000000000000   // line  3 px 33
000000000000   // line  3 px 34
000000000000   // line  3 px 35
000000000000   // line  3 px 36
000000000000   // line  3 px 37
000000000000   // line  3 px 38
0fff00000000   // line  3 px 39
0fff00000000   // line  4 px  0
000000000000   // line  4 px  1
000000000000   // line  4 px  2
000000000000   // line  4 px  3
000000000000   // line  4 px  4
000000000000   // line  4 px  5
000000000000   // line  4 px  6
000000000000   // line  4 px  7
000000000000   // line  4 px  8
000000000000   // line  4 px  9
000000000000   // line  4 px 10
000000000000   // line  4 px 11
000000000000   // line  4 px 12
000000000000   // line  4 px 13
000000000000   // line  4 px 14
000000000000   // line  4 px 15
000000000000   // line  4 px 16
000000000000   // line  4 px 17
000000000000   // line  4 px 18
000000000000   // line  4 px 19
0fff0fff0fff   // line  4 px 20
000000000000   // line  4 px 21
000000000000   // line  4 px 22
000000000000   // line  4 px 23
000000000000   // line  4 px 24
000000000000   // line  4 px 25
000000000000   // line  4 px 26
000000000000   // line  4 px 27
000000000000   // line  4 px 28
000000000000   // line  4 px 29
000000000000   // line  4 px 30
000000000000   // line  4 px 31
000000000000   // line  4 px 32
000000000000   // line  4 px 33
000000000000   // line  4 px 34
000000000000   // line  4 px 35
000000000000   // line  4 px 36
000000000000   // line  4 px 37
000000000000   // line  4 px 38
0fff00000000   // line  4 px 39
0fff00000000   // line  5 px  0
000000000000   // line  5 px  1
000000000000   // line  5 px  2
000000000000   // line  5 px  3
000000000000   // line  5 px  4
000000000000   // line  5 px  5
000000000000   // line  5 px  6
000000000000   // line  5 px  7
000000000000   // line  5 px  8
000000000000   // line  5 px  9
000000000000   // line  5 px 10
000000000000   // line  5 px 11
000000000000   // line  5 px 12
000000000000   // line  5 px 13
000000000000   // line  5 px 14
000000000000   // line  5 px 15
000000000000   // line  5 px 16
000000000000   // line  5 px 17
000000000000   // line  5 px 18
000000000000   // line  5 px 19
0fff0fff0fff   // line  5 px 20
000000000000   // line  5 px 21
000000000000   // line  5 px 22
000000000000   // line  5 px 23
000000000000   // line  5 px 24
000000000000   // line  5 px 25
000000000000   // line  5 px 26
000000000000   // line  5 px 27
000000000000   // line  5 px 28
000000000000   // line  5 px 29
000000000000   // line  5 px 30
000000000000   // line  5 px 31
000000000000   // line  5 px 32
000000000000   // line  5 px 33
000000000000   // line  5 px 34
000000000000   // line  5 px 35
000000000000   // line  5 px 36
000000000000   // line  5 px 37
000000000000   // line  5 px 38
0fff00000000   // line  5 px 39
0fff00000000   // line  6 px  0
000000000000   // line  6 px  1
000000000000   // line  6 px  2
000000000000   // line  6 px  3
000000000000   // line  6 px  4
000000000000   // line  6 px  5
000000000000   // line  6 px  6
000000000000   // line  6 px  7
000000000000   // line  6 px  8
000000000000   // line  6 px  9
000000000000   // line  6 px 10
000000000000   // line  6 px 11
000000000000   // line  6 px 12
000000000000   // line  6 px 13
000000000000   // line  6 px 14
000000000000   // line  6 px 15
000000000000   // line  6 px 16
000000000000   // line  6 px 17
000000000000   // line  6 px 18
000000000000   // line  6 px 19
0fff0fff0fff   // line  6 px 20
000000000000   // line  6 px 21
000000000000   // line  6 px 22
000000000000   // line  6 px 23
000000000000   // line  6 px 24
000000000000   // line  6 px 25
000000000000   // line  6 px 26
000000000000   // line  6 px 27
000000000000   // line  6 px 28
000000000000   // line  6 px 29
000000000000   // line  6 px 30
000000000000   // line  6 px 31
000000000000   // line  6 px 32
000000000000   // line  6 px 33
000000000000   // line  6 px 34
000000000000   // line  6 px 35
000000000000   // line  6 px 36
000000000000   // line  6 px 37
000000000000   // line  6 px 38
0fff00000000   // line  6 px 39
0fff00000000   // line  7 px  0
000000000000   // line  7 px  1
000000000000   // line  7 px  2
000000000000   // line  7 px  3
000000000000   // line  7 px  4
000000000000   // line  7 px  5
000000000000   // line  7 px  6
000000000000   // line  7 px  7
000000000000   // line  7 px  8
000000000000   // line  7 px  9
000000000000   // line  7 px 10
000000000000   // line  7 px 11
000000000000   // line  7 px 12
000000000000   // line  7 px 13
000000000000   // line  7 px 14
000000000000   // line  7 px 15
000000000000   // line  7 px 16
000000000000   // line  7 px 17
000000000000   // line  7 px 18
000000000000   // line  7 px 19
0fff0fff0fff   // line  7 px 20
000000000000   // line  7 px 21
000000000000   // line  7 px 22
000000000000   // line  7 px 23
000000000000   // line  7 px 24
000000000000   // line  7 px 25
000000000000   // line  7 px 26
000000000000   // line  7 px 27
000000000000   // line  7 px 28
000000000000   // line  7 px 29
000000000000   // line  7 px 30
000000000000   // line  7 px 31
000000000000   // line  7 px 32
000000000000   // line  7 px 33
000000000000   // line  7 px 34
000000000000   // line  7 px 35
000000000000   // line  7 px 36
000000000000   // line  7 px 37
000000000000   // line  7 px 38
0fff00000000   // line  7 px 39
0fff00000000   // line  8 px  0
000000000000   // line  8 px  1
000000000000   // line  8 px  2
000000000000   // line  8 px  3
000000000000   // line  8 px  4
000000000000   // line  8 px  5
000000000000   // line  8 px  6
000000000000   // line  8 px  7
000000000000   // line  8 px  8
000000000000   // line  8 px  9
000000000000   // line  8 px 10
000000000000   // line  8 px 11
000000000000   // line  8 px 12
000000000000   // line  8 px 13
000000000000   // line  8 px 14
000000000000   // line  8 px 15
000000000000   // line  8 px 16
000000000000   // line  8 px 17
000000000000   // line  8 px 18
000000000000   // line  8 px 19
0fff0fff0fff   // line  8 px 20
000000000000   // line  8 px 21
000000000000   // line  8 px 22
000000000000   // line  8 px 23
000000000000   // line  8 px 24
000000000000   // line  8 px 25
000000000000   // line  8 px 26
000000000000   // line  8 px 27
000000000000   // line  8 px 28
000000000000   // line  8 px 29
000000000000   // line  8 px 30
000000000000   // line  8 px 31
000000000000   // line  8 px 32
000000000000   // line  8 px 33
000000000000   // line  8 px 34
000000000000   // line  8 px 35
000000000000   // line  8 px 36
000000000000   // line  8 px 37
000000000000   // line  8 px 38
0fff00000000   // line  8 px 39
0fff00000000   // line  9 px  0
000000000000   // line  9 px  1
000000000000   // line  9 px  2
000000000000   // line  9 px  3
000000000000   // line  9 px  4
000000000000   // line  9 px  5
000000000000   // line  9 px  6
000000000000   // line  9 px  7
000000000000   // line  9 px  8
000000000000   // line  9 px  9
000000000000   // line  9 px 10
000000000000   // line  9 px 11
000000000000   // line  9 px 12
000000000000   // line  9 px 13
000000000000   // line  9 px 14
000000000000   // line  9 px 15
000000000000   // line  9 px 16
000000000000   // line  9 px 17
000000000000   // line  9 px 18
000000000000   // line  9 px 19
0fff0fff0fff   // line  9 px 20
000000000000   // line  9 px 21
000000000000   // line  9 px 22
000000000000   // line  9 px 23
000000000000   // line  9 px 24
000000000000   // line  9 px 25
000000000000   // line  9 px 26
000000000000   // line  9 px 27
000000000000   // line  9 px 28
000000000000   // line  9 px 29
000000000000   // line  9 px 30
000000000000   // line  9 px 31
000000000000   // line  9 px 32
000000000000   // line  9 px 33
000000000000   // line  9 px 34
000000000000   // line  9 px 35
000000000000   // line  9 px 36
000000000000   // line  9 px 37
000000000000   // line  9 px 38
0fff00000000   // line  9 px 39
0fff00000000   // line 10 px  0
000000000000   // line 10 px  1
000000000000   // line 10 px  2
000000000000   // line 10 px  3
000000000000   // line 10 px  4
000000000000   // line 10 px  5
000000000000   // line 10 px  6
000000000000   // line 10 px  7
000000000000   // line 10 px  8
000000000000   // line 10 px  9
000000000000   // line 10 px 10
000000000000   // line 10 px 11
000000000000   // line 10 px 12
000000000000   // line 10 px 13
000000000000   // line 10 px 14
000000000000   // line 10 px 15
000000000000   // line 10 px 16
000000000000   // line 10 px 17
000000000000   // line 10 px 18
000000000000   // line 10 px 19
0fff0fff0fff   // line 10 px 20
000000000000   // line 10 px 21
000000000000   // line 10 px 22
000000000000   // line 10 px 23
000000000000   // line 10 px 24
000000000000   // line 10 px 25
000000000000   // line 10 px 26
000000000000   // line 10 px 27
000000000000   // line 10 px 28
000000000000   // line 10 px 29
000000000000   // line 10 px 30
000000000000   // line 10 px 31
000000000000   // line 10 px 32
000000000000   // line 10 px 33
000000000000   // line 10 px 34
000000000000   // line 10 px 35
000000000000   // line 10 px 36
000000000000   // line 10 px 37
000000000000   // line 10 px 38
0fff00000000   // line 10 px 39
0fff00000000   // line 11 px  0
000000000000   // line 11 px  1
000000000000   // line 11 px  2
000000000000   // line 11 px  3
000000000000   // line 11 px  4
000000000000   // line 11 px  5
000000000000   // line 11 px  6
000000000000   // line 11 px  7
000000000000   // line 11 px  8
000000000000   // line 11 px  9
000000000000   // line 11 px 10
000000000000   // line 11 px 11
000000000000   // line 11 px 12
000000000000   // line 11 px 13
000000000000   // line 11 px 14
000000000000   // line 11 px 15
000000000000   // line 11 px 16
000000000000   // line 11 px 17
000000000000   // line 11 px 18
000000000000   // line 11 px 19
0fff0fff0fff   // line 11 px 20
000000000000   // line 11 px 21
000000000000   // line 11 px 22
000000000000   // line 11 px 23
000000000000   // line 11 px 24
000000000000   // line 11 px 25
000000000000   // line 11 px 26
000000000000   // line 11 px 27
000000000000   // line 11 px 28
000000000000   // line 11 px 29
000000000000   // line 11 px 30
000000000000   // line 11 px 31
000000000000   // line 11 px 32
000000000000   // line 11 px 33
000000000000   // line 11 px 34
000000000000   // line 11 px 35
000000000000   // line 11 px 36
000000000000   // line 11 px 37
000000000000   // line 11 px 38
0fff00000000   // line 11 px 39
0fff00000000   // line 12 px  0
000000000000   // line 12 px  1
000000000000   // line 12 px  2
000000000000   // line 12 px  3
000000000000   // line 12 px  4
000000000000   // line 12 px  5
000000000000   // line 12 px  6
000000000000   // line 12 px  7
000000000000   // line 12 px  8
000000000000   // line 12 px  9
000000000000   // line 12 px 10
000000000000   // line 12 px 11
000000000000   // line 12 px 12
000000000000   // line 12 px 13
000000000000   // line 12 px 14
000000000000   // line 12 px 15
000000000000   // line 12 px 16
000000000000   // line 12 px 17
000000000000   // line 12 px 18
000000000000   // line 12 px 19
0fff0fff0fff   // line 12 px 20
000000000000   // line 12 px 21
000000000000   // line 12 px 22
000000000000   // line 12 px 23
000000000000   // line 12 px 24
000000000000   // line 12 px 25
000000000000   // line 12 px 26
000000000000   // line 12 px 27
000000000000   // line 12 px 28
000000000000   // line 12 px 29
000000000000   // line 12 px 30
000000000000   // line 12 px 31
000000000000   // line 12 px 32
000000000000   // line 12 px 33
000000000000   // line 12 px 34
000000000000   // line 12 px 35
000000000000   // line 12 px 36
000000000000   // line 12 px 37
000000000000   // line 12 px 38
0fff00000000   // line 12 px 39
0fff00000000   // line 13 px  0
000000000000   // line 13 px  1
000000000000   // line 13 px  2
000000000000   // line 13 px  3
000000000000   // line 13 px  4
000000000000   // line 13 px  5
000000000000   // line 13 px  6
000000000000   // line 13 px  7
000000000000   // line 13 px  8
000000000000   // line 13 px  9
000000000000   // line 13 px 10
000000000000   // line 13 px 11
000000000000   // line 13 px 12
000000000000   // line 13 px 13
000000000000   // line 13 px 14
000000000000   // line 13 px 15
000000000000   // line 13 px 16
000000000000   // line 13 px 17
000000000000   // line 13 px 18
000000000000   // line 13 px 19
0fff0fff0fff   // line 13 px 20
000000000000   // line 13 px 21
000000000000   // line 13 px 22
000000000000   // line 13 px 23
000000000000   // line 13 px 24
000000000000   // line 13 px 25
000000000000   // line 13 px 26
000000000000   // line 13 px 27
000000000000   // line 13 px 28
000000000000   // line 13 px 29
000000000000   // line 13 px 30
000000000000   // line 13 px 31
000000000000   // line 13 px 32
000000000000   // line 13 px 33
000000000000   // line 13 px 34
000000000000   // line 13 px 35
000000000000   // line 13 px 36
000000000000   // line 13 px 37
000000000000   // line 13 px 38
0fff00000000   // line 13 px 39
0fff00000000   // line 14 px  0
000000000000   // line 14 px  1
000000000000   // line 14 px  2
000000000000   // line 14 px  3
000000000000   // line 14 px  4
000000000000   // line 14 px  5
000000000000   // line 14 px  6
000000000000   // line 14 px  7
000000000000   // line 14 px  8
000000000000   // line 14 px  9
000000000000   // line 14 px 10
000000000000   // line 14 px 11
000000000000   // line 14 px 12
000000000000   // line 14 px 13
000000000000   // line 14 px 14
000000000000   // line 14 px 15
000000000000   // line 14 px 16
000000000000   // line 14 px 17
000000000000   // line 14 px 18
000000000000   // line 14 px 19
0fff0fff0fff   // line 14 px 20
000000000000   // line 14 px 21
000000000000   // line 14 px 22
000000000000   // line 14 px 23
000000000000   // line 14 px 24
000000000000   // line 14 px 25
000000000000   // line 14 px 26
000000000000   // line 14 px 27
000000000000   // line 14 px 28
000000000000   // line 14 px 29
000000000000   // line 14 px 30
000000000000   // line 14 px 31
000000000000   // line 14 px 32
000000000000   // line 14 px 33
000000000000   // line 14 px 34
000000000000   // line 14 px 35
000000000000   // line 14 px 36
000000000000   // line 14 px 37
000000000000   // line 14 px 38
0fff00000000   // line 14 px 39
0fff00000000   // line 15 px  0
000000000000   // line 15 px  1
000000000000   // line 15 px  2
000000000000   // line 15 px  3
000000000000   // line 15 px  4
000000000000   // line 15 px  5
000000000000   // line 15 px  6
000000000000   // line 15 px  7
000000000000   // line 15 px  8
000000000000   // line 15 px  9
000000000000   // line 15 px 10
000000000000   // line 15 px 11
000000000000   // line 15 px 12
000000000000   // line 15 px 13
000000000000   // line 15 px 14
000000000000   // line 15 px 15
000000000000   // line 15 px 16
000000000000   // line 15 px 17
000000000000   // line 15 px 18
000000000000   // line 15 px 19
0fff0fff0fff   // line 15 px 20
000000000000   // line 15 px 21
000000000000   // line 15 px 22
000000000000   // line 15 px 23
000000000000   // line 15 px 24
000000000000   // line 15 px 25
000000000000   // line 15 px 26
000000000000   // line 15 px 27
000000000000   // line 15 px 28
000000000000   // line 15 px 29
000000000000   // line 15 px 30
000000000000   // line 15 px 31
000000000000   // line 15 px 32
000000000000   // line 15 px 33
000000000000   // line 15 px 34
000000000000   // line 15 px 35
000000000000   // line 15 px 36
000000000000   // line 15 px 37
000000000000   // line 15 px 38
0fff00000000   // line 15 px 39
0fff00000000   // line 16 px  0
000000000000   // line 16 px  1
000000000000   // line 16 px  2
000000000000   // line 16 px  3
000000000000   // line 16 px  4
000000000000   // line 16 px  5
000000000000   // line 16 px  6
000000000000   // line 16 px  7
000000000000   // line 16 px  8
000000000000   // line 16 px  9
000000000000   // line 16 px 10
000000000000   // line 16 px 11
000000000000   // line 16 px 12
000000000000   // line 16 px 13
000000000000   // line 16 px 14
000000000000   // line 16 px 15
000000000000   // line 16 px 16
000000000000   // line 16 px 17
000000000000   // line 16 px 18
000000000000   // line 16 px 19
0fff0fff0fff   // line 16 px 20
000000000000   // line 16 px 21
000000000000   // line 16 px 22
000000000000   // line 16 px 23
000000000000   // line 16 px 24
000000000000   // line 16 px 25
000000000000   // line 16 px 26
000000000000   // line 16 px 27
000000000000   // line 16 px 28
000000000000   // line 16 px 29
000000000000   // line 16 px 30
000000000000   // line 16 px 31
000000000000   // line 16 px 32
000000000000   // line 16 px 33
000000000000   // line 16 px 34
000000000000   // line 16 px 35
000000000000   // line 16 px 36
000000000000   // line 16 px 37
000000000000   // line 16 px 38
0fff00000000   // line 16 px 39
0fff00000000   // line 17 px  0
000000000000   // line 17 px  1
000000000000   // line 17 px  2
000000000000   // line 17 px  3
000000000000   // line 17 px  4
000000000000   // line 17 px  5
000000000000   // line 17 px  6
000000000000   // line 17 px  7
000000000000   // line 17 px  8
000000000000   // line 17 px  9
000000000000   // line 17 px 10
000000000000   // line 17 px 11
000000000000   // line 17 px 12
000000000000   // line 17 px 13
000000000000   // line 17 px 14
000000000000   // line 17 px 15
000000000000   // line 17 px 16
000000000000   // line 17 px 17
000000000000   // line 17 px 18
000000000000   // line 17 px 19
0fff0fff0fff   // line 17 px 20
000000000000   // line 17 px 21
000000000000   // line 17 px 22
000000000000   // line 17 px 23
000000000000   // line 17 px 24
000000000000   // line 17 px 25
000000000000   // line 17 px 26
000000000000   // line 17 px 27
000000000000   // line 17 px 28
000000000000   // line 17 px 29
000000000000   // line 17 px 30
000000000000   // line 17 px 31
000000000000   // line 17 px 32
000000000000   // line 17 px 33
000000000000   // line 17 px 34
000000000000   // line 17 px 35
000000000000   // line 17 px 36
000000000000   // line 17 px 37
000000000000   // line 17 px 38
0fff00000000   // line 17 px 39
0fff00000000   // line 18 px  0
000000000000   // line 18 px  1
000000000000   // line 18 px  2
000000000000   // line 18 px  3
000000000000   // line 18 px  4
000000000000   // line 18 px  5
000000000000   // line 18 px  6
000000000000   // line 18 px  7
000000000000   // line 18 px  8
000000000000   // line 18 px  9
000000000000   // line 18 px 10
000000000000   // line 18 px 11
000000000000   // line 18 px 12
000000000000   // line 18 px 13
000000000000   // line 18 px 14
000000000000   // line 18 px 15
000000000000   // line 18 px 16
000000000000   // line 18 px 17
000000000000   // line 18 px 18
000000000000   // line 18 px 19
0fff0fff0fff   // line 18 px 20
000000000000   // line 18 px 21
000000000000   // line 18 px 22
000000000000   // line 18 px 23
000000000000   // line 18 px 24
000000000000   // line 18 px 25
000000000000   // line 18 px 26
000000000000   // line 18 px 27
000000000000   // line 18 px 28
000000000000   // line 18 px 29
000000000000   // line 18 px 30
000000000000   // line 18 px 31
000000000000   // line 18 px 32
000000000000   // line 18 px 33
000000000000   // line 18 px 34
000000000000   // line 18 px 35
000000000000   // line 18 px 36
000000000000   // line 18 px 37
000000000000   // line 18 px 38
0fff00000000   // line 18 px 39
0fff00000000   // line 19 px  0
000000000000   // line 19 px  1
000000000000   // line 19 px  2
000000000000   // line 19 px  3
000000000000   // line 19 px  4
000000000000   // line 19 px  5
000000000000   // line 19 px  6
000000000000   // line 19 px  7
000000000000   // line 19 px  8
000000000000   // line 19 px  9
000000000000   // line 19 px 10
000000000000   // line 19 px 11
000000000000   // line 19 px 12
000000000000   // line 19 px 13
000000000000   // line 19 px 14
000000000000   // line 19 px 15
000000000000   // line 19 px 16
000000000000   // line 19 px 17
000000000000   // line 19 px 18
000000000000   // line 19 px 19
0fff0fff0fff   // line 19 px 20
000000000000   // line 19 px 21
000000000000   // line 19 px 22
000000000000   // line 19 px 23
000000000000   // line 19 px 24
000000000000   // line 19 px 25
000000000000   // line 19 px 26
000000000000   // line 19 px 27
000000000000   // line 19 px 28
000000000000   // line 19 px 29
000000000000   // line 19 px 30
000000000000   // line 19 px 31
000000000000   // line 19 px 32
000000000000   // line 19 px 33
000000000000   // line 19 px 34
000000000000   // line 19 px 35
000000000000   // line 19 px 36
000000000000   // line 19 px 37
000000000000   // line 19 px 38
0fff00000000   // line 19 px 39
0fff00000000   // line 20 px  0
000000000000   // line 20 px  1
000000000000   // line 20 px  2
000000000000   // line 20 px  3
000000000000   // line 20 px  4
000000000000   // line 20 px  5
000000000000   // line 20 px  6
000000000000   // line 20 px  7
000000000000   // line 20 px  8
000000000000   // line 20 px  9
000000000000   // line 20 px 10
000000000000   // line 20 px 11
000000000000   // line 20 px 12
000000000000   // line 20 px 13
000000000000   // line 20 px 14
000000000000   // line 20 px 15
000000000000   // line 20 px 16
000000000000   // line 20 px 17
000000000000   // line 20 px 18
000000000000   // line 20 px 19
0fff0fff0fff   // line 20 px 20
000000000000   // line 20 px 21
000000000000   // line 20 px 22
000000000000   // line 20 px 23
000000000000   // line 20 px 24
000000000000   // line 20 px 25
000000000000   // line 20 px 26
000000000000   // line 20 px 27
000000000000   // line 20 px 28
000000000000   // line 20 px 29
000000000000   // line 20 px 30
000000000000   // line 20 px 31
000000000000   // line 20 px 32
000000000000   // line 20 px 33
000000000000   // line 20 px 34
000000000000   // line 20 px 35
000000000000   // line 20 px 36
000000000000   // line 20 px 37
000000000000   // line 20 px 38
0fff00000000   // line 20 px 39
0fff00000000   // line 21 px  0
000000000000   // line 21 px  1
000000000000   // line 21 px  2
000000000000   // line 21 px  3
000000000000   // line 21 px  4
000000000000   // line 21 px  5
000000000000   // line 21 px  6
000000000000   // line 21 px  7
000000000000   // line 21 px  8
000000000000   // line 21 px  9
000000000000   // line 21 px 10
000000000000   // line 21 px 11
000000000000   // line 21 px 12
000000000000   // line 21 px 13
000000000000   // line 21 px 14
000000000000   // line 21 px 15
000000000000   // line 21 px 16
000000000000   // line 21 px 17
000000000000   // line 21 px 18
000000000000   // line 21 px 19
0fff0fff0fff   // line 21 px 20
000000000000   // line 21 px 21
000000000000   // line 21 px 22
000000000000   // line 21 px 23
000000000000   // line 21 px 24
000000000000   // line 21 px 25
000000000000   // line 21 px 26
000000000000   // line 21 px 27
000000000000   // line 21 px 28
000000000000   // line 21 px 29
000000000000   // line 21 px 30
000000000000   // line 21 px 31
000000000000   // line 21 px 32
000000000000   // line 21 px 33
000000000000   // line 21 px 34
000000000000   // line 21 px 35
000000000000   // line 21 px 36
000000000000   // line 21 px 37
000000000000   // line 21 px 38
0fff00000000   // line 21 px 39
0fff0fff0fff   // line 22 px  0
0fff0fff0fff   // line 22 px  1
0fff0fff0fff   // line 22 px  2
0fff0fff0fff   // line 22 px  3
0fff0fff0fff   // line 22 px  4
0fff0fff0fff   // line 22 px  5
0fff0fff0fff   // line 22 px  6
0fff0fff0fff   // line 22 px  7
0fff0fff0fff   // line 22 px  8
0fff0fff0fff   // line 22 px  9
0fff0fff0fff   // line 22 px 10
0fff0fff0fff   // line 22 px 11
0fff0fff0fff   // line 22 px 12
0fff0fff0fff   // line 22 px 13
0fff0fff0fff   // line 22 px 14
0fff0fff0fff   // line 22 px 15
0fff0fff0fff   // line 22 px 16
0fff0fff0fff   // line 22 px 17
0fff0fff0fff   // line 22 px 18
0fff0fff0fff   // line 22 px 19
0fff0fff0fff   // line 22 px 20
0fff0fff0fff   // line 22 px 21
0fff0fff0fff   // line 22 px 22
0fff0fff0fff   // line 22 px 23
0fff0fff0fff   // line 22 px 24
0fff0fff0fff   // line 22 px 25
0fff0fff0fff   // line 22 px 26
0fff0fff0fff   // line 22 px 27
0fff0fff0fff   // line 22 px 28
0fff0fff0fff   // line 22 px 29
0fff0fff0fff   // line 22 px 30
0fff0fff0fff   // line 22 px 31
0fff0fff0fff   // line 22 px 32
0fff0fff0fff   // line 22 px 33
0fff0fff0fff   // line 22 px 34
0fff0fff0fff   // line 22 px 35
0fff0fff0fff   // line 22 px 36
0fff0fff0fff   // line 22 px 37
0fff0fff0fff   // line 22 px 38
0fff0fff0fff   // line 22 px 39
0fff00000000   // line 23 px  0
000000000000   // line 23 px  1
000000000000   // line 23 px  2
000000000000   // line 23 px  3
000000000000   // line 23 px  4
000000000000   // line 23 px  5
000000000000   // line 23 px  6
000000000000   // line 23 px  7
000000000000   // line 23 px  8
000000000000   // line 23 px  9
000000000000   // line 23 px 10
000000000000   // line 23 px 11
000000000000   // line 23 px 12
000000000000   // line 23 px 13
000000000000   // line 23 px 14
000000000000   // line 23 px 15
000000000000   // line 23 px 16
000000000000   // line 23 px 17
000000000000   // line 23 px 18
000000000000   // line 23 px 19
0fff0fff0fff   // line 23 px 20
000000000000   // line 23 px 21
000000000000   // line 23 px 22
000000000000   // line 23 px 23
000000000000   // line 23 px 24
000000000000   // line 23 px 25
000000000000   // line 23 px 26
000000000000   // line 23 px 27
000000000000   // line 23 px 28
000000000000   // line 23 px 29
000000000000   // line 23 px 30
000000000000   // line 23 px 31
000000000000   // line 23 px 32
000000000000   // line 23 px 33
000000000000   // line 23 px 34
000000000000   // line 23 px 35
000000000000   // line 23 px 36
000000000000   // line 23 px 37
000000000000   // line 23 px 38
0fff00000000   // line 23 px 39
0fff00000000   // line 24 px  0
000000000000   // line 24 px  1
000000000000   // line 24 px  2
000000000000   // line 24 px  3
000000000000   // line 24 px  4
000000000000   // line 24 px  5
000000000000   // line 24 px  6
000000000000   // line 24 px  7
000000000000   // line 24 px  8
000000000000   // line 24 px  9
000000000000   // line 24 px 10
000000000000   // line 24 px 11
000000000000   // line 24 px 12
000000000000   // line 24 px 13
000000000000   // line 24 px 14
000000000000   // line 24 px 15
000000000000   // line 24 px 16
000000000000   // line 24 px 17
000000000000   // line 24 px 18
000000000000   // line 24 px 19
0fff0fff0fff   // line 24 px 20
000000000000   // line 24 px 21
000000000000   // line 24 px 22
000000000000   // line 24 px 23
000000000000   // line 24 px 24
000000000000   // line 24 px 25
000000000000   // line 24 px 26
000000000000   // line 24 px 27
000000000000   // line 24 px 28
000000000000   // line 24 px 29
000000000000   // line 24 px 30
000000000000   // line 24 px 31
000000000000   // line 24 px 32
000000000000   // line 24 px 33
000000000000   // line 24 px 34
000000000000   // line 24 px 35
000000000000   // line 24 px 36
000000000000   // line 24 px 37
000000000000   // line 24 px 38
0fff00000000   // line 24 px 39
0fff00000000   // line 25 px  0
000000000000   // line 25 px  1
000000000000   // line 25 px  2
000000000000   // line 25 px  3
000000000000   // line 25 px  4
000000000000   // line 25 px  5
000000000000   // line 25 px  6
000000000000   // line 25 px  7
000000000000   // line 25 px  8
000000000000   // line 25 px  9
000000000000   // line 25 px 10
000000000000   // line 25 px 11
000000000000   // line 25 px 12
000000000000   // line 25 px 13
000000000000   // line 25 px 14
000000000000   // line 25 px 15
000000000000   // line 25 px 16
000000000000   // line 25 px 17
000000000000   // line 25 px 18
000000000000   // line 25 px 19
0fff0fff0fff   // line 25 px 20
000000000000   // line 25 px 21
000000000000   // line 25 px 22
000000000000   // line 25 px 23
000000000000   // line 25 px 24
000000000000   // line 25 px 25
000000000000   // line 25 px 26
000000000000   // line 25 px 27
000000000000   // line 25 px 28
000000000000   // line 25 px 29
000000000000   // line 25 px 30
000000000000   // line 25 px 31
000000000000   // line 25 px 32
000000000000   // line 25 px 33
000000000000   // line 25 px 34
000000000000   // line 25 px 35
000000000000   // line 25 px 36
000000000000   // line 25 px 37
000000000000   // line 25 px 38
0fff00000000   // line 25 px 39
0fff00000000   // line 26 px  0
000000000000   // line 26 px  1
000000000000   // line 26 px  2
000000000000   // line 26 px  3
000000000000   // line 26 px  4
000000000000   // line 26 px  5
000000000000   // line 26 px  6
000000000000   // line 26 px  7
000000000000   // line 26 px  8
000000000000   // line 26 px  9
000000000000   // line 26 px 10
000000000000   // line 26 px 11
000000000000   // line 26 px 12
000000000000   // line 26 px 13
000000000000   // line 26 px 14
000000000000   // line 26 px 15
000000000000   // line 26 px 16
000000000000   // line 26 px 17
000000000000   // line 26 px 18
000000000000   // line 26 px 19
0fff0fff0fff   // line 26 px 20
000000000000   // line 26 px 21
000000000000   // line 26 px 22
000000000000   // line 26 px 23
000000000000   // line 26 px 24
000000000000   // line 26 px 25
000000000000   // line 26 px 26
000000000000   // line 26 px 27
000000000000   // line 26 px 28
000000000000   // line 26 px 29
000000000000   // line 26 px 30
000000000000   // line 26 px 31
000000000000   // line 26 px 32
000000000000   // line 26 px 33
000000000000   // line 26 px 34
000000000000   // line 26 px 35
000000000000   // line 26 px 36
000000000000   // line 26 px 37
000000000000   // line 26 px 38
0fff00000000   // line 26 px 39
0fff00000000   // line 27 px  0
000000000000   // line 27 px  1
000000000000   // line 27 px  2
000000000000   // line 27 px  3
000000000000   // line 27 px  4
000000000000   // line 27 px  5
000000000000   // line 27 px  6
000000000000   // line 27 px  7
000000000000   // line 27 px  8
000000000000   // line 27 px  9
000000000000   // line 27 px 10
000000000000   // line 27 px 11
000000000000   // line 27 px 12
000000000000   // line 27 px 13
000000000000   // line 27 px 14
000000000000   // line 27 px 15
000000000000   // line 27 px 16
000000000000   // line 27 px 17
000000000000   // line 27 px 18
000000000000   // line 27 px 19
0fff0fff0fff   // line 27 px 20
000000000000   // line 27 px 21
000000000000   // line 27 px 22
000000000000   // line 27 px 23
000000000000   // line 27 px 24
000000000000   // line 27 px 25
000000000000   // line 27 px 26
000000000000   // line 27 px 27
000000000000   // line 27 px 28
000000000000   // line 27 px 29
000000000000   // line 27 px 30
000000000000   // line 27 px 31
000000000000   // line 27 px 32
000000000000   // line 27 px 33
000000000000   // line 27 px 34
000000000000   // line 27 px 35
000000000000   // line 27 px 36
000000000000   // line 27 px 37
000000000000   // line 27 px 38
0fff00000000   // line 27 px 39
0fff00000000   // line 28 px  0
000000000000   // line 28 px  1
000000000000   // line 28 px  2
000000000000   // line 28 px  3
000000000000   // line 28 px  4
000000000000   // line 28 px  5
000000000000   // line 28 px  6
000000000000   // line 28 px  7
000000000000   // line 28 px  8
000000000000   // line 28 px  9
000000000000   // line 28 px 10
000000000000   // line 28 px 11
000000000000   // line 28 px 12
000000000000   // line 28 px 13
000000000000   // line 28 px 14
000000000000   // line 28 px 15
000000000000   // line 28 px 16
000000000000   // line 28 px 17
000000000000   // line 28 px 18
000000000000   // line 28 px 19
0fff0fff0fff   // line 28 px 20
000000000000   // line 28 px 21
000000000000   // line 28 px 22
000000000000   // line 28 px 23
000000000000   // line 28 px 24
000000000000   // line 28 px 25
000000000000   // line 28 px 26
000000000000   // line 28 px 27
000000000000   // line 28 px 28
000000000000   // line 28 px 29
000000000000   // line 28 px 30
000000000000   // line 28 px 31
000000000000   // line 28 px 32
000000000000   // line 28 px 33
000000000000   // line 28 px 34
000000000000   // line 28 px 35
000000000000   // line 28 px 36
000000000000   // line 28 px 37
000000000000   // line 28 px 38
0fff00000000   // line 28 px 39
0fff00000000   // line 29 px  0
000000000000   // line 29 px  1
000000000000   // line 29 px  2
000000000000   // line 29 px  3
000000000000   // line 29 px  4
000000000000   // line 29 px  5
000000000000   // line 29 px  6
000000000000   // line 29 px  7
000000000000   // line 29 px  8
000000000000   // line 29 px  9
000000000000   // line 29 px 10
000000000000   // line 29 px 11
000000000000   // line 29 px 12
000000000000   // line 29 px 13
000000000000   // line 29 px 14
000000000000   // line 29 px 15
000000000000   // line 29 px 16
000000000000   // line 29 px 17
000000000000   // line 29 px 18
000000000000   // line 29 px 19
0fff0fff0fff   // line 29 px 20
000000000000   // line 29 px 21
000000000000   // line 29 px 22
000000000000   // line 29 px 23
000000000000   // line 29 px 24
000000000000   // line 29 px 25
000000000000   // line 29 px 26
000000000000   // line 29 px 27
000000000000   // line 29 px 28
000000000000   // line 29 px 29
000000000000   // line 29 px 30
000000000000   // line 29 px 31
000000000000   // line 29 px 32
000000000000   // line 29 px 33
000000000000   // line 29 px 34
000000000000   // line 29 px 35
000000000000   // line 29 px 36
000000000000   // line 29 px 37
000000000000   // line 29 px 38
0fff00000000   // line 29 px 39
0fff00000000   // line 30 px  0
000000000000   // line 30 px  1
000000000000   // line 30 px  2
000000000000   // line 30 px  3
000000000000   // line 30 px  4
000000000000   // line 30 px  5
000000000000   // line 30 px  6
000000000000   // line 30 px  7
000000000000   // line 30 px  8
000000000000   // line 30 px  9
000000000000   // line 30 px 10
000000000000   // line 30 px 11
000000000000   // line 30 px 12
000000000000   // line 30 px 13
000000000000   // line 30 px 14
000000000000   // line 30 px 15
000000000000   // line 30 px 16
000000000000   // line 30 px 17
000000000000   // line 30 px 18
000000000000   // line 30 px 19
0fff0fff0fff   // line 30 px 20
000000000000   // line 30 px 21
000000000000   // line 30 px 22
000000000000   // line 30 px 23
000000000000   // line 30 px 24
000000000000   // line 30 px 25
000000000000   // line 30 px 26
000000000000   // line 30 px 27
000000000000   // line 30 px 28
000000000000   // line 30 px 29
000000000000   // line 30 px 30
000000000000   // line 30 px 31
000000000000   // line 30 px 32
000000000000   // line 30 px 33
000000000000   // line 30 px 34
000000000000   // line 30 px 35
000000000000   // line 30 px 36
000000000000   // line 30 px 37
000000000000   // line 30 px 38
0fff00000000   // line 30 px 39
0fff00000000   // line 31 px  0
000000000000   // line 31 px  1
000000000000   // line 31 px  2
000000000000   // line 31 px  3
000000000000   // line 31 px  4
000000000000   // line 31 px  5
000000000000   // line 31 px  6
000000000000   // line 31 px  7
000000000000   // line 31 px  8
000000000000   // line 31 px  9
000000000000   // line 31 px 10
000000000000   // line 31 px 11
000000000000   // line 31 px 12
000000000000   // line 31 px 13
000000000000   // line 31 px 14
000000000000   // line 31 px 15
000000000000   // line 31 px 16
000000000000   // line 31 px 17
000000000000   // line 31 px 18
000000000000   // line 31 px 19
0fff0fff0fff   // line 31 px 20
000000000000   // line 31 px 21
000000000000   // line 31 px 22
000000000000   // line 31 px 23
000000000000   // line 31 px 24
000000000000   // line 31 px 25
000000000000   // line 31 px 26
000000000000   // line 31 px 27
000000000000   // line 31 px 28
000000000000   // line 31 px 29
000000000000   // line 31 px 30
000000000000   // line 31 px 31
000000000000   // line 31 px 32
000000000000   // line 31 px 33
000000000000   // line 31 px 34
000000000000   // line 31 px 35
000000000000   // line 31 px 36
000000000000   // line 31 px 37
000000000000   // line 31 px 38
0fff00000000   // line 31 px 39
0fff00000000   // line 32 px  0
000000000000   // line 32 px  1
000000000000   // line 32 px  2
000000000000   // line 32 px  3
000000000000   // line 32 px  4
000000000000   // line 32 px  5
000000000000   // line 32 px  6
000000000000   // line 32 px  7
000000000000   // line 32 px  8
000000000000   // line 32 px  9
000000000000   // line 32 px 10
000000000000   // line 32 px 11
000000000000   // line 32 px 12
000000000000   // line 32 px 13
000000000000   // line 32 px 14
000000000000   // line 32 px 15
000000000000   // line 32 px 16
000000000000   // line 32 px 17
000000000000   // line 32 px 18
000000000000   // line 32 px 19
0fff0fff0fff   // line 32 px 20
000000000000   // line 32 px 21
000000000000   // line 32 px 22
000000000000   // line 32 px 23
000000000000   // line 32 px 24
000000000000   // line 32 px 25
000000000000   // line 32 px 26
000000000000   // line 32 px 27
000000000000   // line 32 px 28
000000000000   // line 32 px 29
000000000000   // line 32 px 30
000000000000   // line 32 px 31
000000000000   // line 32 px 32
000000000000   // line 32 px 33
000000000000   // line 32 px 34
000000000000   // line 32 px 35
000000000000   // line 32 px 36
000000000000   // line 32 px 37
000000000000   // line 32 px 38
0fff00000000   // line 32 px 39
0fff00000000   // line 33 px  0
000000000000   // line 33 px  1
000000000000   // line 33 px  2
000000000000   // line 33 px  3
000000000000   // line 33 px  4
000000000000   // line 33 px  5
000000000000   // line 33 px  6
000000000000   // line 33 px  7
000000000000   // line 33 px  8
000000000000   // line 33 px  9
000000000000   // line 33 px 10
000000000000   // line 33 px 11
000000000000   // line 33 px 12
000000000000   // line 33 px 13
000000000000   // line 33 px 14
000000000000   // line 33 px 15
000000000000   // line 33 px 16
000000000000   // line 33 px 17
000000000000   // line 33 px 18
000000000000   // line 33 px 19
0fff0fff0fff   // line 33 px 20
000000000000   // line 33 px 21
000000000000   // line 33 px 22
000000000000   // line 33 px 23
000000000000   // line 33 px 24
000000000000   // line 33 px 25
000000000000   // line 33 px 26
000000000000   // line 33 px 27
000000000000   // line 33 px 28
000000000000   // line 33 px 29
000000000000   // line 33 px 30
000000000000   // line 33 px 31
000000000000   // line 33 px 32
000000000000   // line 33 px 33
000000000000   // line 33 px 34
000000000000   // line 33 px 35
000000000000   // line 33 px 36
000000000000   // line 33 px 37
000000000000   // line 33 px 38
0fff00000000   // line 33 px 39
0fff00000000   // line 34 px  0
000000000000   // line 34 px  1
000000000000   // line 34 px  2
000000000000   // line 34 px  3
000000000000   // line 34 px  4
000000000000   // line 34 px  5
000000000000   // line 34 px  6
000000000000   // line 34 px  7
000000000000   // line 34 px  8
000000000000   // line 34 px  9
000000000000   // line 34 px 10
000000000000   // line 34 px 11
000000000000   // line 34 px 12
000000000000   // line 34 px 13
000000000000   // line 34 px 14
000000000000   // line 34 px 15
000000000000   // line 34 px 16
000000000000   // line 34 px 17
000000000000   // line 34 px 18
000000000000   // line 34 px 19
0fff0fff0fff   // line 34 px 20
000000000000   // line 34 px 21
000000000000   // line 34 px 22
000000000000   // line 34 px 23
000000000000   // line 34 px 24
000000000000   // line 34 px 25
000000000000   // line 34 px 26
000000000000   // line 34 px 27
000000000000   // line 34 px 28
000000000000   // line 34 px 29
000000000000   // line 34 px 30
000000000000   // line 34 px 31
000000000000   // line 34 px 32
000000000000   // line 34 px 33
000000000000   // line 34 px 34
000000000000   // line 34 px 35
000000000000   // line 34 px 36
000000000000   // line 34 px 37
000000000000   // line 34 px 38
0fff00000000   // line 34 px 39
0fff00000000   // line 35 px  0
000000000000   // line 35 px  1
000000000000   // line 35 px  2
000000000000   // line 35 px  3
000000000000   // line 35 px  4
000000000000   // line 35 px  5
000000000000   // line 35 px  6
000000000000   // line 35 px  7
000000000000   // line 35 px  8
000000000000   // line 35 px  9
000000000000   // line 35 px 10
000000000000   // line 35 px 11
000000000000   // line 35 px 12
000000000000   // line 35 px 13
000000000000   // line 35 px 14
000000000000   // line 35 px 15
000000000000   // line 35 px 16
000000000000   // line 35 px 17
000000000000   // line 35 px 18
000000000000   // line 35 px 19
0fff0fff0fff   // line 35 px 20
000000000000   // line 35 px 21
000000000000   // line 35 px 22
000000000000   // line 35 px 23
000000000000   // line 35 px 24
000000000000   // line 35 px 25
000000000000   // line 35 px 26
000000000000   // line 35 px 27
000000000000   // line 35 px 28
000000000000   // line 35 px 29
000000000000   // line 35 px 30
000000000000   // line 35 px 31
000000000000   // line 35 px 32
000000000000   // line 35 px 33
000000000000   // line 35 px 34
000000000000   // line 35 px 35
000000000000   // line 35 px 36
000000000000   // line 35 px 37
000000000000   // line 35 px 38
0fff00000000   // line 35 px 39
0fff00000000   // line 36 px  0
000000000000   // line 36 px  1
000000000000   // line 36 px  2
000000000000   // line 36 px  3
000000000000   // line 36 px  4
000000000000   // line 36 px  5
000000000000   // line 36 px  6
000000000000   // line 36 px  7
000000000000   // line 36 px  8
000000000000   // line 36 px  9
000000000000   // line 36 px 10
000000000000   // line 36 px 11
000000000000   // line 36 px 12
000000000000   // line 36 px 13
000000000000   // line 36 px 14
000000000000   // line 36 px 15
000000000000   // line 36 px 16
000000000000   // line 36 px 17
000000000000   // line 36 px 18
000000000000   // line 36 px 19
0fff0fff0fff   // line 36 px 20
000000000000   // line 36 px 21
000000000000   // line 36 px 22
000000000000   // line 36 px 23
000000000000   // line 36 px 24
000000000000   // line 36 px 25
000000000000   // line 36 px 26
000000000000   // line 36 px 27
000000000000   // line 36 px 28
000000000000   // line 36 px 29
000000000000   // line 36 px 30
000000000000   // line 36 px 31
000000000000   // line 36 px 32
000000000000   // line 36 px 33
000000000000   // line 36 px 34
000000000000   // line 36 px 35
000000000000   // line 36 px 36
000000000000   // line 36 px 37
000000000000   // line 36 px 38
0fff00000000   // line 36 px 39
0fff00000000   // line 37 px  0
000000000000   // line 37 px  1
000000000000   // line 37 px  2
000000000000   // line 37 px  3
000000000000   // line 37 px  4
000000000000   // line 37 px  5
000000000000   // line 37 px  6
000000000000   // line 37 px  7
000000000000   // line 37 px  8
000000000000   // line 37 px  9
000000000000   // line 37 px 10
000000000000   // line 37 px 11
000000000000   // line 37 px 12
000000000000   // line 37 px 13
000000000000   // line 37 px 14
000000000000   // line 37 px 15
000000000000   // line 37 px 16
000000000000   // line 37 px 17
000000000000   // line 37 px 18
000000000000   // line 37 px 19
0fff0fff0fff   // line 37 px 20
000000000000   // line 37 px 21
000000000000   // line 37 px 22
000000000000   // line 37 px 23
000000000000   // line 37 px 24
000000000000   // line 37 px 25
000000000000   // line 37 px 26
000000000000   // line 37 px 27
000000000000   // line 37 px 28
000000000000   // line 37 px 29
000000000000   // line 37 px 30
000000000000   // line 37 px 31
000000000000   // line 37 px 32
000000000000   // line 37 px 33
000000000000   // line 37 px 34
000000000000   // line 37 px 35
000000000000   // line 37 px 36
000000000000   // line 37 px 37
000000000000   // line 37 px 38
0fff00000000   // line 37 px 39
0fff00000000   // line 38 px  0
000000000000   // line 38 px  1
000000000000   // line 38 px  2
000000000000   // line 38 px  3
000000000000   // line 38 px  4
000000000000   // line 38 px  5
000000000000   // line 38 px  6
000000000000   // line 38 px  7
000000000000   // line 38 px  8
000000000000   // line 38 px  9
000000000000   // line 38 px 10
000000000000   // line 38 px 11
000000000000   // line 38 px 12
000000000000   // line 38 px 13
000000000000   // line 38 px 14
000000000000   // line 38 px 15
000000000000   // line 38 px 16
000000000000   // line 38 px 17
000000000000   // line 38 px 18
000000000000   // line 38 px 19
0fff0fff0fff   // line 38 px 20
000000000000   // line 38 px 21
000000000000   // line 38 px 22
000000000000   // line 38 px 23
000000000000   // line 38 px 24
000000000000   // line 38 px 25
000000000000   // line 38 px 26
000000000000   // line 38 px 27
000000000000   // line 38 px 28
000000000000   // line 38 px 29
000000000000   // line 38 px 30
000000000000   // line 38 px 31
000000000000   // line 38 px 32
000000000000   // line 38 px 33
000000000000   // line 38 px 34
000000000000   // line 38 px 35
000000000000   // line 38 px 36
000000000000   // line 38 px 37
000000000000   // line 38 px 38
0fff00000000   // line 38 px 39
0fff00000000   // line 39 px  0
000000000000   // line 39 px  1
000000000000   // line 39 px  2
000000000000   // line 39 px  3
000000000000   // line 39 px  4
000000000000   // line 39 px  5
000000000000   // line 39 px  6
000000000000   // line 39 px  7
000000000000   // line 39 px  8
000000000000   // line 39 px  9
000000000000   // line 39 px 10
000000000000   // line 39 px 11
000000000000   // line 39 px 12
000000000000   // line 39 px 13
000000000000   // line 39 px 14
000000000000   // line 39 px 15
000000000000   // line 39 px 16
000000000000   // line 39 px 17
000000000000   // line 39 px 18
000000000000   // line 39 px 19
0fff0fff0fff   // line 39 px 20
000000000000   // line 39 px 21
000000000000   // line 39 px 22
000000000000   // line 39 px 23
000000000000   // line 39 px 24
000000000000   // line 39 px 25
000000000000   // line 39 px 26
000000000000   // line 39 px 27
000000000000   // line 39 px 28
000000000000   // line 39 px 29
000000000000   // line 39 px 30
000000000000   // line 39 px 31
000000000000   // line 39 px 32
000000000000   // line 39 px 33
000000000000   // line 39 px 34
000000000000   // line 39 px 35
000000000000   // line 39 px 36
000000000000   // line 39 px 37
000000000000   // line 39 px 38
0fff00000000   // line 39 px 39
0fff00000000   // line 40 px  0
000000000000   // line 40 px  1
000000000000   // line 40 px  2
000000000000   // line 40 px  3
000000000000   // line 40 px  4
000000000000   // line 40 px  5
000000000000   // line 40 px  6
000000000000   // line 40 px  7
000000000000   // line 40 px  8
000000000000   // line 40 px  9
000000000000   // line 40 px 10
000000000000   // line 40 px 11
000000000000   // line 40 px 12
000000000000   // line 40 px 13
000000000000   // line 40 px 14
000000000000   // line 40 px 15
000000000000   // line 40 px 16
000000000000   // line 40 px 17
000000000000   // line 40 px 18
000000000000   // line 40 px 19
0fff0fff0fff   // line 40 px 20
000000000000   // line 40 px 21
000000000000   // line 40 px 22
000000000000   // line 40 px 23
000000000000   // line 40 px 24
000000000000   // line 40 px 25
000000000000   // line 40 px 26
000000000000   // line 40 px 27
000000000000   // line 40 px 28
000000000000   // line 40 px 29
000000000000   // line 40 px 30
000000000000   // line 40 px 31
000000000000   // line 40 px 32
000000000000   // line 40 px 33
000000000000   // line 40 px 34
000000000000   // line 40 px 35
000000000000   // line 40 px 36
000000000000   // line 40 px 37
000000000000   // line 40 px 38
0fff00000000   // line 40 px 39
0fff00000000   // line 41 px  0
000000000000   // line 41 px  1
000000000000   // line 41 px  2
000000000000   // line 41 px  3
000000000000   // line 41 px  4
000000000000   // line 41 px  5
000000000000   // line 41 px  6
000000000000   // line 41 px  7
000000000000   // line 41 px  8
000000000000   // line 41 px  9
000000000000   // line 41 px 10
000000000000   // line 41 px 11
000000000000   // line 41 px 12
000000000000   // line 41 px 13
000000000000   // line 41 px 14
000000000000   // line 41 px 15
000000000000   // line 41 px 16
000000000000   // line 41 px 17
000000000000   // line 41 px 18
000000000000   // line 41 px 19
0fff0fff0fff   // line 41 px 20
000000000000   // line 41 px 21
000000000000   // line 41 px 22
000000000000   // line 41 px 23
000000000000   // line 41 px 24
000000000000   // line 41 px 25
000000000000   // line 41 px 26
000000000000   // line 41 px 27
000000000000   // line 41 px 28
000000000000   // line 41 px 29
000000000000   // line 41 px 30
000000000000   // line 41 px 31
000000000000   // line 41 px 32
000000000000   // line 41 px 33
000000000000   // line 41 px 34
000000000000   // line 41 px 35
000000000000   // line 41 px 36
000000000000   // line 41 px 37
000000000000   // line 41 px 38
0fff00000000   // line 41 px 39
0fff00000000   // line 42 px  0
000000000000   // line 42 px  1
000000000000   // line 42 px  2
000000000000   // line 42 px  3
000000000000   // line 42 px  4
000000000000   // line 42 px  5
000000000000   // line 42 px  6
000000000000   // line 42 px  7
000000000000   // line 42 px  8
000000000000   // line 42 px  9
000000000000   // line 42 px 10
000000000000   // line 42 px 11
000000000000   // line 42 px 12
000000000000   // line 42 px 13
000000000000   // line 42 px 14
000000000000   // line 42 px 15
000000000000   // line 42 px 16
000000000000   // line 42 px 17
000000000000   // line 42 px 18
000000000000   // line 42 px 19
0fff0fff0fff   // line 42 px 20
000000000000   // line 42 px 21
000000000000   // line 42 px 22
000000000000   // line 42 px 23
000000000000   // line 42 px 24
000000000000   // line 42 px 25
000000000000   // line 42 px 26
000000000000   // line 42 px 27
000000000000   // line 42 px 28
000000000000   // line 42 px 29
000000000000   // line 42 px 30
000000000000   // line 42 px 31
000000000000   // line 42 px 32
000000000000   // line 42 px 33
000000000000   // line 42 px 34
000000000000   // line 42 px 35
000000000000   // line 42 px 36
000000000000   // line 42 px 37
000000000000   // line 42 px 38
0fff00000000   // line 42 px 39
0fff00000000   // line 43 px  0
000000000000   // line 43 px  1
000000000000   // line 43 px  2
000000000000   // line 43 px  3
000000000000   // line 43 px  4
000000000000   // line 43 px  5
000000000000   // line 43 px  6
000000000000   // line 43 px  7
000000000000   // line 43 px  8
000000000000   // line 43 px  9
000000000000   // line 43 px 10
000000000000   // line 43 px 11
000000000000   // line 43 px 12
000000000000   // line 43 px 13
000000000000   // line 43 px 14
000000000000   // line 43 px 15
000000000000   // line 43 px 16
000000000000   // line 43 px 17
000000000000   // line 43 px 18
000000000000   // line 43 px 19
0fff0fff0fff   // line 43 px 20
000000000000   // line 43 px 21
000000000000   // line 43 px 22
000000000000   // line 43 px 23
000000000000   // line 43 px 24
000000000000   // line 43 px 25
000000000000   // line 43 px 26
000000000000   // line 43 px 27
000000000000   // line 43 px 28
000000000000   // line 43 px 29
000000000000   // line 43 px 30
000000000000   // line 43 px 31
000000000000   // line 43 px 32
000000000000   // line 43 px 33
000000000000   // line 43 px 34
000000000000   // line 43 px 35
000000000000   // line 43 px 36
000000000000   // line 43 px 37
000000000000   // line 43 px 38
0fff00000000   // line 43 px 39
0fff00000000   // line 44 px  0
0fff00000000   // line 44 px  1
0fff00000000   // line 44 px  2
0fff00000000   // line 44 px  3
0fff00000000   // line 44 px  4
0fff00000000   // line 44 px  5
0fff00000000   // line 44 px  6
0fff00000000   // line 44 px  7
0fff00000000   // line 44 px  8
0fff00000000   // line 44 px  9
0fff00000000   // line 44 px 10
0fff00000000   // line 44 px 11
0fff00000000   // line 44 px 12
0fff00000000   // line 44 px 13
0fff00000000   // line 44 px 14
0fff00000000   // line 44 px 15
0fff00000000   // line 44 px 16
0fff00000000   // line 44 px 17
0fff00000000   // line 44 px 18
0fff00000000   // line 44 px 19
0fff0fff0fff   // line 44 px 20
0fff00000000   // line 44 px 21
0fff00000000   // line 44 px 22
0fff00000000   // line 44 px 23
0fff00000000   // line 44 px 24
0fff00000000   // line 44 px 25
0fff00000000   // line 44 px 26
0fff00000000   // line 44 px 27
0fff00000000   // line 44 px 28
0fff00000000   // line 44 px 29
0fff00000000   // line 44 px 30
0fff00000000   // line 44 px 31
0fff00000000   // line 44 px 32
0fff00000000   // line 44 px 33
0fff00000000   // line 44 px 34
0fff00000000   // line 44 px 35
0fff00000000   // line 44 px 36
0fff00000000   // line 44 px 37
0fff00000000   // line 44 px 38
0fff00000000   // line 44 px 39
0fff00000000   // line  0 px  0
0fff00000000   // line  0 px  1
0fff00000000   // line  0 px  2
0fff00000000   // line  0 px  3
0fff00000000   // line  0 px  4
0fff00000000   // line  0 px  5
0fff00000000   // line  0 px  6
0fff00000000   // line  0 px  7
0fff00000000   // line  0 px  8
0fff00000000   // line  0 px  9
0fff00000000   // line  0 px 10
0fff00000000   // line  0 px 11
0fff00000000   // line  0 px 12
0fff00000000   // line  0 px 13
0fff00000000   // line  0 px 14
0fff00000000   // line  0 px 15
0fff00000000   // line  0 px 16
0fff00000000   // line  0 px 17
0fff00000000   // line  0 px 18
0fff00000000   // line  0 px 19
0fff0fff0fff   // line  0 px 20
0fff00000000   // line  0 px 21
0fff00000000   // line  0 px 22
0fff00000000   // line  0 px 23
0fff00000000   // line  0 px 24
0fff00000000   // line  0 px 25
0fff00000000   // line  0 px 26
0fff00000000   // line  0 px 27
0fff00000000   // line  0 px 28
0fff00000000   // line  0 px 29
0fff00000000   // line  0 px 30
0fff00000000   // line  0 px 31
0fff00000000   // line  0 px 32
0fff00000000   // line  0 px 33
0fff00000000   // line  0 px 34
0fff00000000   // line  0 px 35
0fff00000000   // line  0 px 36
0fff00000000   // line  0 px 37
0fff00000000   // line  0 px 38
0fff00000000   // line  0 px 39
0fff00000000   // line  1 px  0
000000000000   // line  1 px  1
000000000000   // line  1 px  2
000000000000   // line  1 px  3
000000000000   // line  1 px  4
000000000000   // line  1 px  5
000000000000   // line  1 px  6
000000000000   // line  1 px  7
000000000000   // line  1 px  8
000000000000   // line  1 px  9
000000000000   // line  1 px 10
000000000000   // line  1 px 11
000000000000   // line  1 px 12
000000000000   // line  1 px 13
000000000000   // line  1 px 14
000000000000   // line  1 px 15
000000000000   // line  1 px 16
000000000000   // line  1 px 17
000000000000   // line  1 px 18
000000000000   // line  1 px 19
0fff0fff0fff   // line  1 px 20
000000000000   // line  1 px 21
000000000000   // line  1 px 22
000000000000   // line  1 px 23
000000000000   // line  1 px 24
000000000000   // line  1 px 25
000000000000   // line  1 px 26
000000000000   // line  1 px 27
000000000000   // line  1 px 28
000000000000   // line  1 px 29
000000000000   // line  1 px 30
000000000000   // line  1 px 31
000000000000   // line  1 px 32
000000000000   // line  1 px 33
000000000000   // line  1 px 34
000000000000   // line  1 px 35
000000000000   // line  1 px 36
000000000000   // line  1 px 37
000000000000   // line  1 px 38
0fff00000000   // line  1 px 39
0fff00000000   // line  2 px  0
000000000000   // line  2 px  1
000000000000   // line  2 px  2
000000000000   // line  2 px  3
000000000000   // line  2 px  4
000000000000   // line  2 px  5
000000000000   // line  2 px  6
000000000000   // line  2 px  7
000000000000   // line  2 px  8
000000000000   // line  2 px  9
000000000000   // line  2 px 10
000000000000   // line  2 px 11
000000000000   // line  2 px 12
000000000000   // line  2 px 13
000000000000   // line  2 px 14
000000000000   // line  2 px 15
000000000000   // line  2 px 16
000000000000   // line  2 px 17
000000000000   // line  2 px 18
000000000000   // line  2 px 19
0fff0fff0fff   // line  2 px 20
000000000000   // line  2 px 21
000000000000   // line  2 px 22
000000000000   // line  2 px 23
000000000000   // line  2 px 24
000000000000   // line  2 px 25
000000000000   // line  2 px 26
000000000000   // line  2 px 27
000000000000   // line  2 px 28
000000000000   // line  2 px 29
000000000000   // line  2 px 30
000000000000   // line  2 px 31
000000000000   // line  2 px 32
000000000000   // line  2 px 33
000000000000   // line  2 px 34
000000000000   // line  2 px 35
000000000000   // line  2 px 36
000000000000   // line  2 px 37
000000000000   // line  2 px 38
0fff00000000   // line  2 px 39
0fff00000000   // line  3 px  0
000000000000   // line  3 px  1
000000000000   // line  3 px  2
000000000000   // line  3 px  3
000000000000   // line  3 px  4
000000000000   // line  3 px  5
000000000000   // line  3 px  6
000000000000   // line  3 px  7
000000000000   // line  3 px  8
000000000000   // line  3 px  9
000000000000   // line  3 px 10
000000000000   // line  3 px 11
000000000000   // line  3 px 12
000000000000   // line  3 px 13
000000000000   // line  3 px 14
000000000000   // line  3 px 15
000000000000   // line  3 px 16
000000000000   // line  3 px 17
000000000000   // line  3 px 18
000000000000   // line  3 px 19
0fff0fff0fff   // line  3 px 20
000000000000   // line  3 px 21
000000000000   // line  3 px 22
000000000000   // line  3 px 23
000000000000   // line  3 px 24
000000000000   // line  3 px 25
000000000000   // line  3 px 26
000000000000   // line  3 px 27
000000000000   // line  3 px 28
000000000000   // line  3 px 29
000000000000   // line  3 px 30
000000000000   // line  3 px 31
000000000000   // line  3 px 32
000000000000   // line  3 px 33
000000000000   // line  3 px 34
000000000000   // line  3 px 35
000000000000   // line  3 px 36
000000000000   // line  3 px 37
000000000000   // line  3 px 38
0fff00000000   // line  3 px 39
0fff00000000   // line  4 px  0
000000000000   // line  4 px  1
000000000000   // line  4 px  2
000000000000   // line  4 px  3
000000000000   // line  4 px  4
000000000000   // line  4 px  5
000000000000   // line  4 px  6
000000000000   // line  4 px  7
000000000000   // line  4 px  8
000000000000   // line  4 px  9
000000000000   // line  4 px 10
000000000000   // line  4 px 11
000000000000   // line  4 px 12
000000000000   // line  4 px 13
000000000000   // line  4 px 14
000000000000   // line  4 px 15
000000000000   // line  4 px 16
000000000000   // line  4 px 17
000000000000   // line  4 px 18
000000000000   // line  4 px 19
0fff0fff0fff   // line  4 px 20
000000000000   // line  4 px 21
000000000000   // line  4 px 22
000000000000   // line  4 px 23
000000000000   // line  4 px 24
000000000000   // line  4 px 25
000000000000   // line  4 px 26
000000000000   // line  4 px 27
000000000000   // line  4 px 28
000000000000   // line  4 px 29
000000000000   // line  4 px 30
000000000000   // line  4 px 31
000000000000   // line  4 px 32
000000000000   // line  4 px 33
000000000000   // line  4 px 34
000000000000   // line  4 px 35
000000000000   // line  4 px 36
000000000000   // line  4 px 37
000000000000   // line  4 px 38
0fff00000000   // line  4 px 39
0fff00000000   // line  5 px  0
000000000000   // line  5 px  1
000000000000   // line  5 px  2
000000000000   // line  5 px  3
000000000000   // line  5 px  4
000000000000   // line  5 px  5
000000000000   // line  5 px  6
000000000000   // line  5 px  7
000000000000   // line  5 px  8
000000000000   // line  5 px  9
000000000000   // line  5 px 10
000000000000   // line  5 px 11
000000000000   // line  5 px 12
000000000000   // line  5 px 13
000000000000   // line  5 px 14
000000000000   // line  5 px 15
000000000000   // line  5 px 16
000000000000   // line  5 px 17
000000000000   // line  5 px 18
000000000000   // line  5 px 19
0fff0fff0fff   // line  5 px 20
000000000000   // line  5 px 21
000000000000   // line  5 px 22
000000000000   // line  5 px 23
000000000000   // line  5 px 24
000000000000   // line  5 px 25
000000000000   // line  5 px 26
000000000000   // line  5 px 27
000000000000   // line  5 px 28
000000000000   // line  5 px 29
000000000000   // line  5 px 30
000000000000   // line  5 px 31
000000000000   // line  5 px 32
000000000000   // line  5 px 33
000000000000   // line  5 px 34
000000000000   // line  5 px 35
000000000000   // line  5 px 36
000000000000   // line  5 px 37
000000000000   // line  5 px 38
0fff00000000   // line  5 px 39
0fff00000000   // line  6 px  0
000000000000   // line  6 px  1
000000000000   // line  6 px  2
000000000000   // line  6 px  3
000000000000   // line  6 px  4
000000000000   // line  6 px  5
000000000000   // line  6 px  6
000000000000   // line  6 px  7
000000000000   // line  6 px  8
000000000000   // line  6 px  9
000000000000   // line  6 px 10
000000000000   // line  6 px 11
000000000000   // line  6 px 12
000000000000   // line  6 px 13
000000000000   // line  6 px 14
000000000000   // line  6 px 15
000000000000   // line  6 px 16
000000000000   // line  6 px 17
000000000000   // line  6 px 18
000000000000   // line  6 px 19
0fff0fff0fff   // line  6 px 20
000000000000   // line  6 px 21
000000000000   // line  6 px 22
000000000000   // line  6 px 23
000000000000   // line  6 px 24
000000000000   // line  6 px 25
000000000000   // line  6 px 26
000000000000   // line  6 px 27
000000000000   // line  6 px 28
000000000000   // line  6 px 29
000000000000   // line  6 px 30
000000000000   // line  6 px 31
000000000000   // line  6 px 32
000000000000   // line  6 px 33
000000000000   // line  6 px 34
000000000000   // line  6 px 35
000000000000   // line  6 px 36
000000000000   // line  6 px 37
000000000000   // line  6 px 38
0fff00000000   // line  6 px 39
0fff00000000   // line  7 px  0
000000000000   // line  7 px  1
000000000000   // line  7 px  2
000000000000   // line  7 px  3
000000000000   // line  7 px  4
000000000000   // line  7 px  5
000000000000   // line  7 px  6
000000000000   // line  7 px  7
000000000000   // line  7 px  8
000000000000   // line  7 px  9
000000000000   // line  7 px 10
000000000000   // line  7 px 11
000000000000   // line  7 px 12
000000000000   // line  7 px 13
000000000000   // line  7 px 14
000000000000   // line  7 px 15
000000000000   // line  7 px 16
000000000000   // line  7 px 17
000000000000   // line  7 px 18
000000000000   // line  7 px 19
0fff0fff0fff   // line  7 px 20
000000000000   // line  7 px 21
000000000000   // line  7 px 22
000000000000   // line  7 px 23
000000000000   // line  7 px 24
000000000000   // line  7 px 25
000000000000   // line  7 px 26
000000000000   // line  7 px 27
000000000000   // line  7 px 28
000000000000   // line  7 px 29
000000000000   // line  7 px 30
000000000000   // line  7 px 31
000000000000   // line  7 px 32
000000000000   // line  7 px 33
000000000000   // line  7 px 34
000000000000   // line  7 px 35
000000000000   // line  7 px 36
000000000000   // line  7 px 37
000000000000   // line  7 px 38
0fff00000000   // line  7 px 39
0fff00000000   // line  8 px  0
000000000000   // line  8 px  1
000000000000   // line  8 px  2
000000000000   // line  8 px  3
000000000000   // line  8 px  4
000000000000   // line  8 px  5
000000000000   // line  8 px  6
000000000000   // line  8 px  7
000000000000   // line  8 px  8
000000000000   // line  8 px  9
000000000000   // line  8 px 10
000000000000   // line  8 px 11
000000000000   // line  8 px 12
000000000000   // line  8 px 13
000000000000   // line  8 px 14
000000000000   // line  8 px 15
000000000000   // line  8 px 16
000000000000   // line  8 px 17
000000000000   // line  8 px 18
000000000000   // line  8 px 19
0fff0fff0fff   // line  8 px 20
000000000000   // line  8 px 21
000000000000   // line  8 px 22
000000000000   // line  8 px 23
000000000000   // line  8 px 24
000000000000   // line  8 px 25
000000000000   // line  8 px 26
000000000000   // line  8 px 27
000000000000   // line  8 px 28
000000000000   // line  8 px 29
000000000000   // line  8 px 30
000000000000   // line  8 px 31
000000000000   // line  8 px 32
000000000000   // line  8 px 33
000000000000   // line  8 px 34
000000000000   // line  8 px 35
000000000000   // line  8 px 36
000000000000   // line  8 px 37
000000000000   // line  8 px 38
0fff00000000   // line  8 px 39
0fff00000000   // line  9 px  0
000000000000   // line  9 px  1
000000000000   // line  9 px  2
000000000000   // line  9 px  3
000000000000   // line  9 px  4
000000000000   // line  9 px  5
000000000000   // line  9 px  6
000000000000   // line  9 px  7
000000000000   // line  9 px  8
000000000000   // line  9 px  9
000000000000   // line  9 px 10
000000000000   // line  9 px 11
000000000000   // line  9 px 12
000000000000   // line  9 px 13
000000000000   // line  9 px 14
000000000000   // line  9 px 15
000000000000   // line  9 px 16
000000000000   // line  9 px 17
000000000000   // line  9 px 18
000000000000   // line  9 px 19
0fff0fff0fff   // line  9 px 20
000000000000   // line  9 px 21
000000000000   // line  9 px 22
000000000000   // line  9 px 23
000000000000   // line  9 px 24
000000000000   // line  9 px 25
000000000000   // line  9 px 26
000000000000   // line  9 px 27
000000000000   // line  9 px 28
000000000000   // line  9 px 29
000000000000   // line  9 px 30
000000000000   // line  9 px 31
000000000000   // line  9 px 32
000000000000   // line  9 px 33
000000000000   // line  9 px 34
000000000000   // line  9 px 35
000000000000   // line  9 px 36
000000000000   // line  9 px 37
000000000000   // line  9 px 38
0fff00000000   // line  9 px 39
0fff00000000   // line 10 px  0
000000000000   // line 10 px  1
000000000000   // line 10 px  2
000000000000   // line 10 px  3
000000000000   // line 10 px  4
000000000000   // line 10 px  5
000000000000   // line 10 px  6
000000000000   // line 10 px  7
000000000000   // line 10 px  8
000000000000   // line 10 px  9
000000000000   // line 10 px 10
000000000000   // line 10 px 11
000000000000   // line 10 px 12
000000000000   // line 10 px 13
000000000000   // line 10 px 14
000000000000   // line 10 px 15
000000000000   // line 10 px 16
000000000000   // line 10 px 17
000000000000   // line 10 px 18
000000000000   // line 10 px 19
0fff0fff0fff   // line 10 px 20
000000000000   // line 10 px 21
000000000000   // line 10 px 22
000000000000   // line 10 px 23
000000000000   // line 10 px 24
000000000000   // line 10 px 25
000000000000   // line 10 px 26
000000000000   // line 10 px 27
000000000000   // line 10 px 28
000000000000   // line 10 px 29
000000000000   // line 10 px 30
000000000000   // line 10 px 31
000000000000   // line 10 px 32
000000000000   // line 10 px 33
000000000000   // line 10 px 34
000000000000   // line 10 px 35
000000000000   // line 10 px 36
000000000000   // line 10 px 37
000000000000   // line 10 px 38
0fff00000000   // line 10 px 39
0fff00000000   // line 11 px  0
000000000000   // line 11 px  1
000000000000   // line 11 px  2
000000000000   // line 11 px  3
000000000000   // line 11 px  4
000000000000   // line 11 px  5
000000000000   // line 11 px  6
000000000000   // line 11 px  7
000000000000   // line 11 px  8
000000000000   // line 11 px  9
000000000000   // line 11 px 10
000000000000   // line 11 px 11
000000000000   // line 11 px 12
000000000000   // line 11 px 13
000000000000   // line 11 px 14
000000000000   // line 11 px 15
000000000000   // line 11 px 16
000000000000   // line 11 px 17
000000000000   // line 11 px 18
000000000000   // line 11 px 19
0fff0fff0fff   // line 11 px 20
000000000000   // line 11 px 21
000000000000   // line 11 px 22
000000000000   // line 11 px 23
000000000000   // line 11 px 24
000000000000   // line 11 px 25
000000000000   // line 11 px 26
000000000000   // line 11 px 27
000000000000   // line 11 px 28
000000000000   // line 11 px 29
000000000000   // line 11 px 30
000000000000   // line 11 px 31
000000000000   // line 11 px 32
000000000000   // line 11 px 33
000000000000   // line 11 px 34
000000000000   // line 11 px 35
000000000000   // line 11 px 36
000000000000   // line 11 px 37
000000000000   // line 11 px 38
0fff00000000   // line 11 px 39
0fff00000000   // line 12 px  0
000000000000   // line 12 px  1
000000000000   // line 12 px  2
000000000000   // line 12 px  3
000000000000   // line 12 px  4
000000000000   // line 12 px  5
000000000000   // line 12 px  6
000000000000   // line 12 px  7
000000000000   // line 12 px  8
000000000000   // line 12 px  9
000000000000   // line 12 px 10
000000000000   // line 12 px 11
000000000000   // line 12 px 12
000000000000   // line 12 px 13
000000000000   // line 12 px 14
000000000000   // line 12 px 15
000000000000   // line 12 px 16
000000000000   // line 12 px 17
000000000000   // line 12 px 18
000000000000   // line 12 px 19
0fff0fff0fff   // line 12 px 20
000000000000   // line 12 px 21
000000000000   // line 12 px 22
000000000000   // line 12 px 23
000000000000   // line 12 px 24
000000000000   // line 12 px 25
000000000000   // line 12 px 26
000000000000   // line 12 px 27
000000000000   // line 12 px 28
000000000000   // line 12 px 29
000000000000   // line 12 px 30
000000000000   // line 12 px 31
000000000000   // line 12 px 32
000000000000   // line 12 px 33
000000000000   // line 12 px 34
000000000000   // line 12 px 35
000000000000   // line 12 px 36
000000000000   // line 12 px 37
000000000000   // line 12 px 38
0fff00000000   // line 12 px 39
0fff00000000   // line 13 px  0
000000000000   // line 13 px  1
000000000000   // line 13 px  2
000000000000   // line 13 px  3
000000000000   // line 13 px  4
000000000000   // line 13 px  5
000000000000   // line 13 px  6
000000000000   // line 13 px  7
000000000000   // line 13 px  8
000000000000   // line 13 px  9
000000000000   // line 13 px 10
000000000000   // line 13 px 11
000000000000   // line 13 px 12
000000000000   // line 13 px 13
000000000000   // line 13 px 14
000000000000   // line 13 px 15
000000000000   // line 13 px 16
000000000000   // line 13 px 17
000000000000   // line 13 px 18
000000000000   // line 13 px 19
0fff0fff0fff   // line 13 px 20
000000000000   // line 13 px 21
000000000000   // line 13 px 22
000000000000   // line 13 px 23
000000000000   // line 13 px 24
000000000000   // line 13 px 25
000000000000   // line 13 px 26
000000000000   // line 13 px 27
000000000000   // line 13 px 28
000000000000   // line 13 px 29
000000000000   // line 13 px 30
000000000000   // line 13 px 31
000000000000   // line 13 px 32
000000000000   // line 13 px 33
000000000000   // line 13 px 34
000000000000   // line 13 px 35
000000000000   // line 13 px 36
000000000000   // line 13 px 37
000000000000   // line 13 px 38
0fff00000000   // line 13 px 39
0fff00000000   // line 14 px  0
000000000000   // line 14 px  1
000000000000   // line 14 px  2
000000000000   // line 14 px  3
000000000000   // line 14 px  4
000000000000   // line 14 px  5
000000000000   // line 14 px  6
000000000000   // line 14 px  7
000000000000   // line 14 px  8
000000000000   // line 14 px  9
000000000000   // line 14 px 10
000000000000   // line 14 px 11
000000000000   // line 14 px 12
000000000000   // line 14 px 13
000000000000   // line 14 px 14
000000000000   // line 14 px 15
000000000000   // line 14 px 16
000000000000   // line 14 px 17
000000000000   // line 14 px 18
000000000000   // line 14 px 19
0fff0fff0fff   // line 14 px 20
000000000000   // line 14 px 21
000000000000   // line 14 px 22
000000000000   // line 14 px 23
000000000000   // line 14 px 24
000000000000   // line 14 px 25
000000000000   // line 14 px 26
000000000000   // line 14 px 27
000000000000   // line 14 px 28
000000000000   // line 14 px 29
000000000000   // line 14 px 30
000000000000   // line 14 px 31
000000000000   // line 14 px 32
000000000000   // line 14 px 33
000000000000   // line 14 px 34
000000000000   // line 14 px 35
000000000000   // line 14 px 36
000000000000   // line 14 px 37
000000000000   // line 14 px 38
0fff00000000   // line 14 px 39
0fff00000000   // line 15 px  0
000000000000   // line 15 px  1
000000000000   // line 15 px  2
000000000000   // line 15 px  3
000000000000   // line 15 px  4
000000000000   // line 15 px  5
000000000000   // line 15 px  6
000000000000   // line 15 px  7
000000000000   // line 15 px  8
000000000000   // line 15 px  9
000000000000   // line 15 px 10
000000000000   // line 15 px 11
000000000000   // line 15 px 12
000000000000   // line 15 px 13
000000000000   // line 15 px 14
000000000000   // line 15 px 15
000000000000   // line 15 px 16
000000000000   // line 15 px 17
000000000000   // line 15 px 18
000000000000   // line 15 px 19
0fff0fff0fff   // line 15 px 20
000000000000   // line 15 px 21
000000000000   // line 15 px 22
000000000000   // line 15 px 23
000000000000   // line 15 px 24
000000000000   // line 15 px 25
000000000000   // line 15 px 26
000000000000   // line 15 px 27
000000000000   // line 15 px 28
000000000000   // line 15 px 29
000000000000   // line 15 px 30
000000000000   // line 15 px 31
000000000000   // line 15 px 32
000000000000   // line 15 px 33
000000000000   // line 15 px 34
000000000000   // line 15 px 35
000000000000   // line 15 px 36
000000000000   // line 15 px 37
000000000000   // line 15 px 38
0fff00000000   // line 15 px 39
0fff00000000   // line 16 px  0
000000000000   // line 16 px  1
000000000000   // line 16 px  2
000000000000   // line 16 px  3
000000000000   // line 16 px  4
000000000000   // line 16 px  5
000000000000   // line 16 px  6
000000000000   // line 16 px  7
000000000000   // line 16 px  8
000000000000   // line 16 px  9
000000000000   // line 16 px 10
000000000000   // line 16 px 11
000000000000   // line 16 px 12
000000000000   // line 16 px 13
000000000000   // line 16 px 14
000000000000   // line 16 px 15
000000000000   // line 16 px 16
000000000000   // line 16 px 17
000000000000   // line 16 px 18
000000000000   // line 16 px 19
0fff0fff0fff   // line 16 px 20
000000000000   // line 16 px 21
000000000000   // line 16 px 22
000000000000   // line 16 px 23
000000000000   // line 16 px 24
000000000000   // line 16 px 25
000000000000   // line 16 px 26
000000000000   // line 16 px 27
000000000000   // line 16 px 28
000000000000   // line 16 px 29
000000000000   // line 16 px 30
000000000000   // line 16 px 31
000000000000   // line 16 px 32
000000000000   // line 16 px 33
000000000000   // line 16 px 34
000000000000   // line 16 px 35
000000000000   // line 16 px 36
000000000000   // line 16 px 37
000000000000   // line 16 px 38
0fff00000000   // line 16 px 39
0fff00000000   // line 17 px  0
000000000000   // line 17 px  1
000000000000   // line 17 px  2
000000000000   // line 17 px  3
000000000000   // line 17 px  4
000000000000   // line 17 px  5
000000000000   // line 17 px  6
000000000000   // line 17 px  7
000000000000   // line 17 px  8
000000000000   // line 17 px  9
000000000000   // line 17 px 10
000000000000   // line 17 px 11
000000000000   // line 17 px 12
000000000000   // line 17 px 13
000000000000   // line 17 px 14
000000000000   // line 17 px 15
000000000000   // line 17 px 16
000000000000   // line 17 px 17
000000000000   // line 17 px 18
000000000000   // line 17 px 19
0fff0fff0fff   // line 17 px 20
000000000000   // line 17 px 21
000000000000   // line 17 px 22
000000000000   // line 17 px 23
000000000000   // line 17 px 24
000000000000   // line 17 px 25
000000000000   // line 17 px 26
000000000000   // line 17 px 27
000000000000   // line 17 px 28
000000000000   // line 17 px 29
000000000000   // line 17 px 30
000000000000   // line 17 px 31
000000000000   // line 17 px 32
000000000000   // line 17 px 33
000000000000   // line 17 px 34
000000000000   // line 17 px 35
000000000000   // line 17 px 36
000000000000   // line 17 px 37
000000000000   // line 17 px 38
0fff00000000   // line 17 px 39
0fff00000000   // line 18 px  0
000000000000   // line 18 px  1
000000000000   // line 18 px  2
000000000000   // line 18 px  3
000000000000   // line 18 px  4
000000000000   // line 18 px  5
000000000000   // line 18 px  6
000000000000   // line 18 px  7
000000000000   // line 18 px  8
000000000000   // line 18 px  9
000000000000   // line 18 px 10
000000000000   // line 18 px 11
000000000000   // line 18 px 12
000000000000   // line 18 px 13
000000000000   // line 18 px 14
000000000000   // line 18 px 15
000000000000   // line 18 px 16
000000000000   // line 18 px 17
000000000000   // line 18 px 18
000000000000   // line 18 px 19
0fff0fff0fff   // line 18 px 20
000000000000   // line 18 px 21
000000000000   // line 18 px 22
000000000000   // line 18 px 23
000000000000   // line 18 px 24
000000000000   // line 18 px 25
000000000000   // line 18 px 26
000000000000   // line 18 px 27
000000000000   // line 18 px 28
000000000000   // line 18 px 29
000000000000   // line 18 px 30
000000000000   // line 18 px 31
000000000000   // line 18 px 32
000000000000   // line 18 px 33
000000000000   // line 18 px 34
000000000000   // line 18 px 35
000000000000   // line 18 px 36
000000000000   // line 18 px 37
000000000000   // line 18 px 38
0fff00000000   // line 18 px 39
0fff00000000   // line 19 px  0
000000000000   // line 19 px  1
000000000000   // line 19 px  2
000000000000   // line 19 px  3
000000000000   // line 19 px  4
000000000000   // line 19 px  5
000000000000   // line 19 px  6
000000000000   // line 19 px  7
000000000000   // line 19 px  8
000000000000   // line 19 px  9
000000000000   // line 19 px 10
000000000000   // line 19 px 11
000000000000   // line 19 px 12
000000000000   // line 19 px 13
000000000000   // line 19 px 14
000000000000   // line 19 px 15
000000000000   // line 19 px 16
000000000000   // line 19 px 17
000000000000   // line 19 px 18
000000000000   // line 19 px 19
0fff0fff0fff   // line 19 px 20
000000000000   // line 19 px 21
000000000000   // line 19 px 22
000000000000   // line 19 px 23
000000000000   // line 19 px 24
000000000000   // line 19 px 25
000000000000   // line 19 px 26
000000000000   // line 19 px 27
000000000000   // line 19 px 28
000000000000   // line 19 px 29
000000000000   // line 19 px 30
000000000000   // line 19 px 31
000000000000   // line 19 px 32
000000000000   // line 19 px 33
000000000000   // line 19 px 34
000000000000   // line 19 px 35
000000000000   // line 19 px 36
000000000000   // line 19 px 37
000000000000   // line 19 px 38
0fff00000000   // line 19 px 39
0fff00000000   // line 20 px  0
000000000000   // line 20 px  1
000000000000   // line 20 px  2
000000000000   // line 20 px  3
000000000000   // line 20 px  4
000000000000   // line 20 px  5
000000000000   // line 20 px  6
000000000000   // line 20 px  7
000000000000   // line 20 px  8
000000000000   // line 20 px  9
000000000000   // line 20 px 10
000000000000   // line 20 px 11
000000000000   // line 20 px 12
000000000000   // line 20 px 13
000000000000   // line 20 px 14
000000000000   // line 20 px 15
000000000000   // line 20 px 16
000000000000   // line 20 px 17
000000000000   // line 20 px 18
000000000000   // line 20 px 19
0fff0fff0fff   // line 20 px 20
000000000000   // line 20 px 21
000000000000   // line 20 px 22
000000000000   // line 20 px 23
000000000000   // line 20 px 24
000000000000   // line 20 px 25
000000000000   // line 20 px 26
000000000000   // line 20 px 27
000000000000   // line 20 px 28
000000000000   // line 20 px 29
000000000000   // line 20 px 30
000000000000   // line 20 px 31
000000000000   // line 20 px 32
000000000000   // line 20 px 33
000000000000   // line 20 px 34
000000000000   // line 20 px 35
000000000000   // line 20 px 36
000000000000   // line 20 px 37
000000000000   // line 20 px 38
0fff00000000   // line 20 px 39
0fff00000000   // line 21 px  0
000000000000   // line 21 px  1
000000000000   // line 21 px  2
000000000000   // line 21 px  3
000000000000   // line 21 px  4
000000000000   // line 21 px  5
000000000000   // line 21 px  6
000000000000   // line 21 px  7
000000000000   // line 21 px  8
000000000000   // line 21 px  9
000000000000   // line 21 px 10
000000000000   // line 21 px 11
000000000000   // line 21 px 12
000000000000   // line 21 px 13
000000000000   // line 21 px 14
000000000000   // line 21 px 15
000000000000   // line 21 px 16
000000000000   // line 21 px 17
000000000000   // line 21 px 18
000000000000   // line 21 px 19
0fff0fff0fff   // line 21 px 20
000000000000   // line 21 px 21
000000000000   // line 21 px 22
000000000000   // line 21 px 23
000000000000   // line 21 px 24
000000000000   // line 21 px 25
000000000000   // line 21 px 26
000000000000   // line 21 px 27
000000000000   // line 21 px 28
000000000000   // line 21 px 29
000000000000   // line 21 px 30
000000000000   // line 21 px 31
000000000000   // line 21 px 32
000000000000   // line 21 px 33
000000000000   // line 21 px 34
000000000000   // line 21 px 35
000000000000   // line 21 px 36
000000000000   // line 21 px 37
000000000000   // line 21 px 38
0fff00000000   // line 21 px 39
0fff0fff0fff   // line 22 px  0
0fff0fff0fff   // line 22 px  1
0fff0fff0fff   // line 22 px  2
0fff0fff0fff   // line 22 px  3
0fff0fff0fff   // line 22 px  4
0fff0fff0fff   // line 22 px  5
0fff0fff0fff   // line 22 px  6
0fff0fff0fff   // line 22 px  7
0fff0fff0fff   // line 22 px  8
0fff0fff0fff   // line 22 px  9
0fff0fff0fff   // line 22 px 10
0fff0fff0fff   // line 22 px 11
0fff0fff0fff   // line 22 px 12
0fff0fff0fff   // line 22 px 13
0fff0fff0fff   // line 22 px 14
0fff0fff0fff   // line 22 px 15
0fff0fff0fff   // line 22 px 16
0fff0fff0fff   // line 22 px 17
0fff0fff0fff   // line 22 px 18
0fff0fff0fff   // line 22 px 19
0fff0fff0fff   // line 22 px 20
0fff0fff0fff   // line 22 px 21
0fff0fff0fff   // line 22 px 22
0fff0fff0fff   // line 22 px 23
0fff0fff0fff   // line 22 px 24
0fff0fff0fff   // line 22 px 25
0fff0fff0fff   // line 22 px 26
0fff0fff0fff   // line 22 px 27
0fff0fff0fff   // line 22 px 28
0fff0fff0fff   // line 22 px 29
0fff0fff0fff   // line 22 px 30
0fff0fff0fff   // line 22 px 31
0fff0fff0fff   // line 22 px 32
0fff0fff0fff   // line 22 px 33
0fff0fff0fff   // line 22 px 34
0fff0fff0fff   // line 22 px 35
0fff0fff0fff   // line 22 px 36
0fff0fff0fff   // line 22 px 37
0fff0fff0fff   // line 22 px 38
0fff0fff0fff   // line 22 px 39
0fff00000000   // line 23 px  0
000000000000   // line 23 px  1
000000000000   // line 23 px  2
000000000000   // line 23 px  3
000000000000   // line 23 px  4
000000000000   // line 23 px  5
000000000000   // line 23 px  6
000000000000   // line 23 px  7
000000000000   // line 23 px  8
000000000000   // line 23 px  9
000000000000   // line 23 px 10
000000000000   // line 23 px 11
000000000000   // line 23 px 12
000000000000   // line 23 px 13
000000000000   // line 23 px 14
000000000000   // line 23 px 15
000000000000   // line 23 px 16
000000000000   // line 23 px 17
000000000000   // line 23 px 18
000000000000   // line 23 px 19
0fff0fff0fff   // line 23 px 20
000000000000   // line 23 px 21
000000000000   // line 23 px 22
000000000000   // line 23 px 23
000000000000   // line 23 px 24
000000000000   // line 23 px 25
000000000000   // line 23 px 26
000000000000   // line 23 px 27
000000000000   // line 23 px 28
000000000000   // line 23 px 29
000000000000   // line 23 px 30
000000000000   // line 23 px 31
000000000000   // line 23 px 32
000000000000   // line 23 px 33
000000000000   // line 23 px 34
000000000000   // line 23 px 35
000000000000   // line 23 px 36
000000000000   // line 23 px 37
000000000000   // line 23 px 38
0fff00000000   // line 23 px 39
0fff00000000   // line 24 px  0
000000000000   // line 24 px  1
000000000000   // line 24 px  2
000000000000   // line 24 px  3
000000000000   // line 24 px  4
000000000000   // line 24 px  5
000000000000   // line 24 px  6
000000000000   // line 24 px  7
000000000000   // line 24 px  8
000000000000   // line 24 px  9
000000000000   // line 24 px 10
000000000000   // line 24 px 11
000000000000   // line 24 px 12
000000000000   // line 24 px 13
000000000000   // line 24 px 14
000000000000   // line 24 px 15
000000000000   // line 24 px 16
000000000000   // line 24 px 17
000000000000   // line 24 px 18
000000000000   // line 24 px 19
0fff0fff0fff   // line 24 px 20
000000000000   // line 24 px 21
000000000000   // line 24 px 22
000000000000   // line 24 px 23
000000000000   // line 24 px 24
000000000000   // line 24 px 25
000000000000   // line 24 px 26
000000000000   // line 24 px 27
000000000000   // line 24 px 28
000000000000   // line 24 px 29
000000000000   // line 24 px 30
000000000000   // line 24 px 31
000000000000   // line 24 px 32
000000000000   // line 24 px 33
000000000000   // line 24 px 34
000000000000   // line 24 px 35
000000000000   // line 24 px 36
000000000000   // line 24 px 37
000000000000   // line 24 px 38
0fff00000000   // line 24 px 39
0fff00000000   // line 25 px  0
000000000000   // line 25 px  1
000000000000   // line 25 px  2
000000000000   // line 25 px  3
000000000000   // line 25 px  4
000000000000   // line 25 px  5
000000000000   // line 25 px  6
000000000000   // line 25 px  7
000000000000   // line 25 px  8
000000000000   // line 25 px  9
000000000000   // line 25 px 10
000000000000   // line 25 px 11
000000000000   // line 25 px 12
000000000000   // line 25 px 13
000000000000   // line 25 px 14
000000000000   // line 25 px 15
000000000000   // line 25 px 16
000000000000   // line 25 px 17
000000000000   // line 25 px 18
000000000000   // line 25 px 19
0fff0fff0fff   // line 25 px 20
000000000000   // line 25 px 21
000000000000   // line 25 px 22
000000000000   // line 25 px 23
000000000000   // line 25 px 24
000000000000   // line 25 px 25
000000000000   // line 25 px 26
000000000000   // line 25 px 27
000000000000   // line 25 px 28
000000000000   // line 25 px 29
000000000000   // line 25 px 30
000000000000   // line 25 px 31
000000000000   // line 25 px 32
000000000000   // line 25 px 33
000000000000   // line 25 px 34
000000000000   // line 25 px 35
000000000000   // line 25 px 36
000000000000   // line 25 px 37
000000000000   // line 25 px 38
0fff00000000   // line 25 px 39
0fff00000000   // line 26 px  0
000000000000   // line 26 px  1
000000000000   // line 26 px  2
000000000000   // line 26 px  3
000000000000   // line 26 px  4
000000000000   // line 26 px  5
000000000000   // line 26 px  6
000000000000   // line 26 px  7
000000000000   // line 26 px  8
000000000000   // line 26 px  9
000000000000   // line 26 px 10
000000000000   // line 26 px 11
000000000000   // line 26 px 12
000000000000   // line 26 px 13
000000000000   // line 26 px 14
000000000000   // line 26 px 15
000000000000   // line 26 px 16
000000000000   // line 26 px 17
000000000000   // line 26 px 18
000000000000   // line 26 px 19
0fff0fff0fff   // line 26 px 20
000000000000   // line 26 px 21
000000000000   // line 26 px 22
000000000000   // line 26 px 23
000000000000   // line 26 px 24
000000000000   // line 26 px 25
000000000000   // line 26 px 26
000000000000   // line 26 px 27
000000000000   // line 26 px 28
000000000000   // line 26 px 29
000000000000   // line 26 px 30
000000000000   // line 26 px 31
000000000000   // line 26 px 32
000000000000   // line 26 px 33
000000000000   // line 26 px 34
000000000000   // line 26 px 35
000000000000   // line 26 px 36
000000000000   // line 26 px 37
000000000000   // line 26 px 38
0fff00000000   // line 26 px 39
0fff00000000   // line 27 px  0
000000000000   // line 27 px  1
000000000000   // line 27 px  2
000000000000   // line 27 px  3
000000000000   // line 27 px  4
000000000000   // line 27 px  5
000000000000   // line 27 px  6
000000000000   // line 27 px  7
000000000000   // line 27 px  8
000000000000   // line 27 px  9
000000000000   // line 27 px 10
000000000000   // line 27 px 11
000000000000   // line 27 px 12
000000000000   // line 27 px 13
000000000000   // line 27 px 14
000000000000   // line 27 px 15
000000000000   // line 27 px 16
000000000000   // line 27 px 17
000000000000   // line 27 px 18
000000000000   // line 27 px 19
0fff0fff0fff   // line 27 px 20
000000000000   // line 27 px 21
000000000000   // line 27 px 22
000000000000   // line 27 px 23
000000000000   // line 27 px 24
000000000000   // line 27 px 25
000000000000   // line 27 px 26
000000000000   // line 27 px 27
000000000000   // line 27 px 28
000000000000   // line 27 px 29
000000000000   // line 27 px 30
000000000000   // line 27 px 31
000000000000   // line 27 px 32
000000000000   // line 27 px 33
000000000000   // line 27 px 34
000000000000   // line 27 px 35
000000000000   // line 27 px 36
000000000000   // line 27 px 37
000000000000   // line 27 px 38
0fff00000000   // line 27 px 39
0fff00000000   // line 28 px  0
000000000000   // line 28 px  1
000000000000   // line 28 px  2
000000000000   // line 28 px  3
000000000000   // line 28 px  4
000000000000   // line 28 px  5
000000000000   // line 28 px  6
000000000000   // line 28 px  7
000000000000   // line 28 px  8
000000000000   // line 28 px  9
000000000000   // line 28 px 10
000000000000   // line 28 px 11
000000000000   // line 28 px 12
000000000000   // line 28 px 13
000000000000   // line 28 px 14
000000000000   // line 28 px 15
000000000000   // line 28 px 16
000000000000   // line 28 px 17
000000000000   // line 28 px 18
000000000000   // line 28 px 19
0fff0fff0fff   // line 28 px 20
000000000000   // line 28 px 21
000000000000   // line 28 px 22
000000000000   // line 28 px 23
000000000000   // line 28 px 24
000000000000   // line 28 px 25
000000000000   // line 28 px 26
000000000000   // line 28 px 27
000000000000   // line 28 px 28
000000000000   // line 28 px 29
000000000000   // line 28 px 30
000000000000   // line 28 px 31
000000000000   // line 28 px 32
000000000000   // line 28 px 33
000000000000   // line 28 px 34
000000000000   // line 28 px 35
000000000000   // line 28 px 36
000000000000   // line 28 px 37
000000000000   // line 28 px 38
0fff00000000   // line 28 px 39
0fff00000000   // line 29 px  0
000000000000   // line 29 px  1
000000000000   // line 29 px  2
000000000000   // line 29 px  3
000000000000   // line 29 px  4
000000000000   // line 29 px  5
000000000000   // line 29 px  6
000000000000   // line 29 px  7
000000000000   // line 29 px  8
000000000000   // line 29 px  9
000000000000   // line 29 px 10
000000000000   // line 29 px 11
000000000000   // line 29 px 12
000000000000   // line 29 px 13
000000000000   // line 29 px 14
000000000000   // line 29 px 15
000000000000   // line 29 px 16
000000000000   // line 29 px 17
000000000000   // line 29 px 18
000000000000   // line 29 px 19
0fff0fff0fff   // line 29 px 20
000000000000   // line 29 px 21
000000000000   // line 29 px 22
000000000000   // line 29 px 23
000000000000   // line 29 px 24
000000000000   // line 29 px 25
000000000000   // line 29 px 26
000000000000   // line 29 px 27
000000000000   // line 29 px 28
000000000000   // line 29 px 29
000000000000   // line 29 px 30
000000000000   // line 29 px 31
000000000000   // line 29 px 32
000000000000   // line 29 px 33
000000000000   // line 29 px 34
000000000000   // line 29 px 35
000000000000   // line 29 px 36
000000000000   // line 29 px 37
000000000000   // line 29 px 38
0fff00000000   // line 29 px 39
0fff00000000   // line 30 px  0
000000000000   // line 30 px  1
000000000000   // line 30 px  2
000000000000   // line 30 px  3
000000000000   // line 30 px  4
000000000000   // line 30 px  5
000000000000   // line 30 px  6
000000000000   // line 30 px  7
000000000000   // line 30 px  8
000000000000   // line 30 px  9
000000000000   // line 30 px 10
000000000000   // line 30 px 11
000000000000   // line 30 px 12
000000000000   // line 30 px 13
000000000000   // line 30 px 14
000000000000   // line 30 px 15
000000000000   // line 30 px 16
000000000000   // line 30 px 17
000000000000   // line 30 px 18
000000000000   // line 30 px 19
0fff0fff0fff   // line 30 px 20
000000000000   // line 30 px 21
000000000000   // line 30 px 22
000000000000   // line 30 px 23
000000000000   // line 30 px 24
000000000000   // line 30 px 25
000000000000   // line 30 px 26
000000000000   // line 30 px 27
000000000000   // line 30 px 28
000000000000   // line 30 px 29
000000000000   // line 30 px 30
000000000000   // line 30 px 31
000000000000   // line 30 px 32
000000000000   // line 30 px 33
000000000000   // line 30 px 34
000000000000   // line 30 px 35
000000000000   // line 30 px 36
000000000000   // line 30 px 37
000000000000   // line 30 px 38
0fff00000000   // line 30 px 39
0fff00000000   // line 31 px  0
000000000000   // line 31 px  1
000000000000   // line 31 px  2
000000000000   // line 31 px  3
000000000000   // line 31 px  4
000000000000   // line 31 px  5
000000000000   // line 31 px  6
000000000000   // line 31 px  7
000000000000   // line 31 px  8
000000000000   // line 31 px  9
000000000000   // line 31 px 10
000000000000   // line 31 px 11
000000000000   // line 31 px 12
000000000000   // line 31 px 13
000000000000   // line 31 px 14
000000000000   // line 31 px 15
000000000000   // line 31 px 16
000000000000   // line 31 px 17
000000000000   // line 31 px 18
000000000000   // line 31 px 19
0fff0fff0fff   // line 31 px 20
000000000000   // line 31 px 21
000000000000   // line 31 px 22
000000000000   // line 31 px 23
000000000000   // line 31 px 24
000000000000   // line 31 px 25
000000000000   // line 31 px 26
000000000000   // line 31 px 27
000000000000   // line 31 px 28
000000000000   // line 31 px 29
000000000000   // line 31 px 30
000000000000   // line 31 px 31
000000000000   // line 31 px 32
000000000000   // line 31 px 33
000000000000   // line 31 px 34
000000000000   // line 31 px 35
000000000000   // line 31 px 36
000000000000   // line 31 px 37
000000000000   // line 31 px 38
0fff00000000   // line 31 px 39
0fff00000000   // line 32 px  0
000000000000   // line 32 px  1
000000000000   // line 32 px  2
000000000000   // line 32 px  3
000000000000   // line 32 px  4
000000000000   // line 32 px  5
000000000000   // line 32 px  6
000000000000   // line 32 px  7
000000000000   // line 32 px  8
000000000000   // line 32 px  9
000000000000   // line 32 px 10
000000000000   // line 32 px 11
000000000000   // line 32 px 12
000000000000   // line 32 px 13
000000000000   // line 32 px 14
000000000000   // line 32 px 15
000000000000   // line 32 px 16
000000000000   // line 32 px 17
000000000000   // line 32 px 18
000000000000   // line 32 px 19
0fff0fff0fff   // line 32 px 20
000000000000   // line 32 px 21
000000000000   // line 32 px 22
000000000000   // line 32 px 23
000000000000   // line 32 px 24
000000000000   // line 32 px 25
000000000000   // line 32 px 26
000000000000   // line 32 px 27
000000000000   // line 32 px 28
000000000000   // line 32 px 29
000000000000   // line 32 px 30
000000000000   // line 32 px 31
000000000000   // line 32 px 32
000000000000   // line 32 px 33
000000000000   // line 32 px 34
000000000000   // line 32 px 35
000000000000   // line 32 px 36
000000000000   // line 32 px 37
000000000000   // line 32 px 38
0fff00000000   // line 32 px 39
0fff00000000   // line 33 px  0
000000000000   // line 33 px  1
000000000000   // line 33 px  2
000000000000   // line 33 px  3
000000000000   // line 33 px  4
000000000000   // line 33 px  5
000000000000   // line 33 px  6
000000000000   // line 33 px  7
000000000000   // line 33 px  8
000000000000   // line 33 px  9
000000000000   // line 33 px 10
000000000000   // line 33 px 11
000000000000   // line 33 px 12
000000000000   // line 33 px 13
000000000000   // line 33 px 14
000000000000   // line 33 px 15
000000000000   // line 33 px 16
000000000000   // line 33 px 17
000000000000   // line 33 px 18
000000000000   // line 33 px 19
0fff0fff0fff   // line 33 px 20
000000000000   // line 33 px 21
000000000000   // line 33 px 22
000000000000   // line 33 px 23
000000000000   // line 33 px 24
000000000000   // line 33 px 25
000000000000   // line 33 px 26
000000000000   // line 33 px 27
000000000000   // line 33 px 28
000000000000   // line 33 px 29
000000000000   // line 33 px 30
000000000000   // line 33 px 31
000000000000   // line 33 px 32
000000000000   // line 33 px 33
000000000000   // line 33 px 34
000000000000   // line 33 px 35
000000000000   // line 33 px 36
000000000000   // line 33 px 37
000000000000   // line 33 px 38
0fff00000000   // line 33 px 39
0fff00000000   // line 34 px  0
000000000000   // line 34 px  1
000000000000   // line 34 px  2
000000000000   // line 34 px  3
000000000000   // line 34 px  4
000000000000   // line 34 px  5
000000000000   // line 34 px  6
000000000000   // line 34 px  7
000000000000   // line 34 px  8
000000000000   // line 34 px  9
000000000000   // line 34 px 10
000000000000   // line 34 px 11
000000000000   // line 34 px 12
000000000000   // line 34 px 13
000000000000   // line 34 px 14
000000000000   // line 34 px 15
000000000000   // line 34 px 16
000000000000   // line 34 px 17
000000000000   // line 34 px 18
000000000000   // line 34 px 19
0fff0fff0fff   // line 34 px 20
000000000000   // line 34 px 21
000000000000   // line 34 px 22
000000000000   // line 34 px 23
000000000000   // line 34 px 24
000000000000   // line 34 px 25
000000000000   // line 34 px 26
000000000000   // line 34 px 27
000000000000   // line 34 px 28
000000000000   // line 34 px 29
000000000000   // line 34 px 30
000000000000   // line 34 px 31
000000000000   // line 34 px 32
000000000000   // line 34 px 33
000000000000   // line 34 px 34
000000000000   // line 34 px 35
000000000000   // line 34 px 36
000000000000   // line 34 px 37
000000000000   // line 34 px 38
0fff00000000   // line 34 px 39
0fff00000000   // line 35 px  0
000000000000   // line 35 px  1
000000000000   // line 35 px  2
000000000000   // line 35 px  3
000000000000   // line 35 px  4
000000000000   // line 35 px  5
000000000000   // line 35 px  6
000000000000   // line 35 px  7
000000000000   // line 35 px  8
000000000000   // line 35 px  9
000000000000   // line 35 px 10
000000000000   // line 35 px 11
000000000000   // line 35 px 12
000000000000   // line 35 px 13
000000000000   // line 35 px 14
000000000000   // line 35 px 15
000000000000   // line 35 px 16
000000000000   // line 35 px 17
000000000000   // line 35 px 18
000000000000   // line 35 px 19
0fff0fff0fff   // line 35 px 20
000000000000   // line 35 px 21
000000000000   // line 35 px 22
000000000000   // line 35 px 23
000000000000   // line 35 px 24
000000000000   // line 35 px 25
000000000000   // line 35 px 26
000000000000   // line 35 px 27
000000000000   // line 35 px 28
000000000000   // line 35 px 29
000000000000   // line 35 px 30
000000000000   // line 35 px 31
000000000000   // line 35 px 32
000000000000   // line 35 px 33
000000000000   // line 35 px 34
000000000000   // line 35 px 35
000000000000   // line 35 px 36
000000000000   // line 35 px 37
000000000000   // line 35 px 38
0fff00000000   // line 35 px 39
0fff00000000   // line 36 px  0
000000000000   // line 36 px  1
000000000000   // line 36 px  2
000000000000   // line 36 px  3
000000000000   // line 36 px  4
000000000000   // line 36 px  5
000000000000   // line 36 px  6
000000000000   // line 36 px  7
000000000000   // line 36 px  8
000000000000   // line 36 px  9
000000000000   // line 36 px 10
000000000000   // line 36 px 11
000000000000   // line 36 px 12
000000000000   // line 36 px 13
000000000000   // line 36 px 14
000000000000   // line 36 px 15
000000000000   // line 36 px 16
000000000000   // line 36 px 17
000000000000   // line 36 px 18
000000000000   // line 36 px 19
0fff0fff0fff   // line 36 px 20
000000000000   // line 36 px 21
000000000000   // line 36 px 22
000000000000   // line 36 px 23
000000000000   // line 36 px 24
000000000000   // line 36 px 25
000000000000   // line 36 px 26
000000000000   // line 36 px 27
000000000000   // line 36 px 28
000000000000   // line 36 px 29
000000000000   // line 36 px 30
000000000000   // line 36 px 31
000000000000   // line 36 px 32
000000000000   // line 36 px 33
000000000000   // line 36 px 34
000000000000   // line 36 px 35
000000000000   // line 36 px 36
000000000000   // line 36 px 37
000000000000   // line 36 px 38
0fff00000000   // line 36 px 39
0fff00000000   // line 37 px  0
000000000000   // line 37 px  1
000000000000   // line 37 px  2
000000000000   // line 37 px  3
000000000000   // line 37 px  4
000000000000   // line 37 px  5
000000000000   // line 37 px  6
000000000000   // line 37 px  7
000000000000   // line 37 px  8
000000000000   // line 37 px  9
000000000000   // line 37 px 10
000000000000   // line 37 px 11
000000000000   // line 37 px 12
000000000000   // line 37 px 13
000000000000   // line 37 px 14
000000000000   // line 37 px 15
000000000000   // line 37 px 16
000000000000   // line 37 px 17
000000000000   // line 37 px 18
000000000000   // line 37 px 19
0fff0fff0fff   // line 37 px 20
000000000000   // line 37 px 21
000000000000   // line 37 px 22
000000000000   // line 37 px 23
000000000000   // line 37 px 24
000000000000   // line 37 px 25
000000000000   // line 37 px 26
000000000000   // line 37 px 27
000000000000   // line 37 px 28
000000000000   // line 37 px 29
000000000000   // line 37 px 30
000000000000   // line 37 px 31
000000000000   // line 37 px 32
000000000000   // line 37 px 33
000000000000   // line 37 px 34
000000000000   // line 37 px 35
000000000000   // line 37 px 36
000000000000   // line 37 px 37
000000000000   // line 37 px 38
0fff00000000   // line 37 px 39
0fff00000000   // line 38 px  0
000000000000   // line 38 px  1
000000000000   // line 38 px  2
000000000000   // line 38 px  3
000000000000   // line 38 px  4
000000000000   // line 38 px  5
000000000000   // line 38 px  6
000000000000   // line 38 px  7
000000000000   // line 38 px  8
000000000000   // line 38 px  9
000000000000   // line 38 px 10
000000000000   // line 38 px 11
000000000000   // line 38 px 12
000000000000   // line 38 px 13
000000000000   // line 38 px 14
000000000000   // line 38 px 15
000000000000   // line 38 px 16
000000000000   // line 38 px 17
000000000000   // line 38 px 18
000000000000   // line 38 px 19
0fff0fff0fff   // line 38 px 20
000000000000   // line 38 px 21
000000000000   // line 38 px 22
000000000000   // line 38 px 23
000000000000   // line 38 px 24
000000000000   // line 38 px 25
000000000000   // line 38 px 26
000000000000   // line 38 px 27
000000000000   // line 38 px 28
000000000000   // line 38 px 29
000000000000   // line 38 px 30
000000000000   // line 38 px 31
000000000000   // line 38 px 32
000000000000   // line 38 px 33
000000000000   // line 38 px 34
000000000000   // line 38 px 35
000000000000   // line 38 px 36
000000000000   // line 38 px 37
000000000000   // line 38 px 38
0fff00000000   // line 38 px 39
0fff00000000   // line 39 px  0
000000000000   // line 39 px  1
000000000000   // line 39 px  2
000000000000   // line 39 px  3
000000000000   // line 39 px  4
000000000000   // line 39 px  5
000000000000   // line 39 px  6
000000000000   // line 39 px  7
000000000000   // line 39 px  8
000000000000   // line 39 px  9
000000000000   // line 39 px 10
000000000000   // line 39 px 11
000000000000   // line 39 px 12
000000000000   // line 39 px 13
000000000000   // line 39 px 14
000000000000   // line 39 px 15
000000000000   // line 39 px 16
000000000000   // line 39 px 17
000000000000   // line 39 px 18
000000000000   // line 39 px 19
0fff0fff0fff   // line 39 px 20
000000000000   // line 39 px 21
000000000000   // line 39 px 22
000000000000   // line 39 px 23
000000000000   // line 39 px 24
000000000000   // line 39 px 25
000000000000   // line 39 px 26
000000000000   // line 39 px 27
000000000000   // line 39 px 28
000000000000   // line 39 px 29
000000000000   // line 39 px 30
000000000000   // line 39 px 31
000000000000   // line 39 px 32
000000000000   // line 39 px 33
000000000000   // line 39 px 34
000000000000   // line 39 px 35
000000000000   // line 39 px 36
000000000000   // line 39 px 37
000000000000   // line 39 px 38
0fff00000000   // line 39 px 39
0fff00000000   // line 40 px  0
000000000000   // line 40 px  1
000000000000   // line 40 px  2
000000000000   // line 40 px  3
000000000000   // line 40 px  4
000000000000   // line 40 px  5
000000000000   // line 40 px  6
000000000000   // line 40 px  7
000000000000   // line 40 px  8
000000000000   // line 40 px  9
000000000000   // line 40 px 10
000000000000   // line 40 px 11
000000000000   // line 40 px 12
000000000000   // line 40 px 13
000000000000   // line 40 px 14
000000000000   // line 40 px 15
000000000000   // line 40 px 16
000000000000   // line 40 px 17
000000000000   // line 40 px 18
000000000000   // line 40 px 19
0fff0fff0fff   // line 40 px 20
000000000000   // line 40 px 21
000000000000   // line 40 px 22
000000000000   // line 40 px 23
000000000000   // line 40 px 24
000000000000   // line 40 px 25
000000000000   // line 40 px 26
000000000000   // line 40 px 27
000000000000   // line 40 px 28
000000000000   // line 40 px 29
000000000000   // line 40 px 30
000000000000   // line 40 px 31
000000000000   // line 40 px 32
000000000000   // line 40 px 33
000000000000   // line 40 px 34
000000000000   // line 40 px 35
000000000000   // line 40 px 36
000000000000   // line 40 px 37
000000000000   // line 40 px 38
0fff00000000   // line 40 px 39
0fff00000000   // line 41 px  0
000000000000   // line 41 px  1
000000000000   // line 41 px  2
000000000000   // line 41 px  3
000000000000   // line 41 px  4
000000000000   // line 41 px  5
000000000000   // line 41 px  6
000000000000   // line 41 px  7
000000000000   // line 41 px  8
000000000000   // line 41 px  9
000000000000   // line 41 px 10
000000000000   // line 41 px 11
000000000000   // line 41 px 12
000000000000   // line 41 px 13
000000000000   // line 41 px 14
000000000000   // line 41 px 15
000000000000   // line 41 px 16
000000000000   // line 41 px 17
000000000000   // line 41 px 18
000000000000   // line 41 px 19
0fff0fff0fff   // line 41 px 20
000000000000   // line 41 px 21
000000000000   // line 41 px 22
000000000000   // line 41 px 23
000000000000   // line 41 px 24
000000000000   // line 41 px 25
000000000000   // line 41 px 26
000000000000   // line 41 px 27
000000000000   // line 41 px 28
000000000000   // line 41 px 29
000000000000   // line 41 px 30
000000000000   // line 41 px 31
000000000000   // line 41 px 32
000000000000   // line 41 px 33
000000000000   // line 41 px 34
000000000000   // line 41 px 35
000000000000   // line 41 px 36
000000000000   // line 41 px 37
000000000000   // line 41 px 38
0fff00000000   // line 41 px 39
0fff00000000   // line 42 px  0
000000000000   // line 42 px  1
000000000000   // line 42 px  2
000000000000   // line 42 px  3
000000000000   // line 42 px  4
000000000000   // line 42 px  5
000000000000   // line 42 px  6
000000000000   // line 42 px  7
000000000000   // line 42 px  8
000000000000   // line 42 px  9
000000000000   // line 42 px 10
000000000000   // line 42 px 11
000000000000   // line 42 px 12
000000000000   // line 42 px 13
000000000000   // line 42 px 14
000000000000   // line 42 px 15
000000000000   // line 42 px 16
000000000000   // line 42 px 17
000000000000   // line 42 px 18
000000000000   // line 42 px 19
0fff0fff0fff   // line 42 px 20
000000000000   // line 42 px 21
000000000000   // line 42 px 22
000000000000   // line 42 px 23
000000000000   // line 42 px 24
000000000000   // line 42 px 25
000000000000   // line 42 px 26
000000000000   // line 42 px 27
000000000000   // line 42 px 28
000000000000   // line 42 px 29
000000000000   // line 42 px 30
000000000000   // line 42 px 31
000000000000   // line 42 px 32
000000000000   // line 42 px 33
000000000000   // line 42 px 34
000000000000   // line 42 px 35
000000000000   // line 42 px 36
000000000000   // line 42 px 37
000000000000   // line 42 px 38
0fff00000000   // line 42 px 39
0fff00000000   // line 43 px  0
000000000000   // line 43 px  1
000000000000   // line 43 px  2
000000000000   // line 43 px  3
000000000000   // line 43 px  4
000000000000   // line 43 px  5
000000000000   // line 43 px  6
000000000000   // line 43 px  7
000000000000   // line 43 px  8
000000000000   // line 43 px  9
000000000000   // line 43 px 10
000000000000   // line 43 px 11
000000000000   // line 43 px 12
000000000000   // line 43 px 13
000000000000   // line 43 px 14
000000000000   // line 43 px 15
000000000000   // line 43 px 16
000000000000   // line 43 px 17
000000000000   // line 43 px 18
000000000000   // line 43 px 19
0fff0fff0fff   // line 43 px 20
000000000000   // line 43 px 21
000000000000   // line 43 px 22
000000000000   // line 43 px 23
000000000000   // line 43 px 24
000000000000   // line 43 px 25
000000000000   // line 43 px 26
000000000000   // line 43 px 27
000000000000   // line 43 px 28
000000000000   // line 43 px 29
000000000000   // line 43 px 30
000000000000   // line 43 px 31
000000000000   // line 43 px 32
000000000000   // line 43 px 33
000000000000   // line 43 px 34
000000000000   // line 43 px 35
000000000000   // line 43 px 36
000000000000   // line 43 px 37
000000000000   // line 43 px 38
0fff00000000   // line 43 px 39
0fff00000000   // line 44 px  0
0fff00000000   // line 44 px  1
0fff00000000   // line 44 px  2
0fff00000000   // line 44 px  3
0fff00000000   // line 44 px  4
0fff00000000   // line 44 px  5
0fff00000000   // line 44 px  6
0fff00000000   // line 44 px  7
0fff00000000   // line 44 px  8
0fff00000000   // line 44 px  9
0fff00000000   // line 44 px 10
0fff00000000   // line 44 px 11
0fff00000000   // line 44 px 12
0fff00000000   // line 44 px 13
0fff00000000   // line 44 px 14
0fff00000000   // line 44 px 15
0fff00000000   // line 44 px 16
0fff00000000   // line 44 px 17
0fff00000000   // line 44 px 18
0fff00000000   // line 44 px 19
0fff0fff0fff   // line 44 px 20
0fff00000000   // line 44 px 21
0fff00000000   // line 44 px 22
0fff00000000   // line 44 px 23
0fff00000000   // line 44 px 24
0fff00000000   // line 44 px 25
0fff00000000   // line 44 px 26
0fff00000000   // line 44 px 27
0fff00000000   // line 44 px 28
0fff00000000   // line 44 px 29
0fff00000000   // line 44 px 30
0fff00000000   // line 44 px 31
0fff00000000   // line 44 px 32
0fff00000000   // line 44 px 33
0fff00000000   // line 44 px 34
0fff00000000   // line 44 px 35
0fff00000000   // line 44 px 36
0fff00000000   // line 44 px 37
0fff00000000   // line 44 px 38
0fff00000000   // line 44 px 39
0fff00000000   // line  0 px  0
0fff00000000   // line  0 px  1
0fff00000000   // line  0 px  2
0fff00000000   // line  0 px  3
0fff00000000   // line  0 px  4
0fff00000000   // line  0 px  5
0fff00000000   // line  0 px  6
0fff00000000   // line  0 px  7
0fff00000000   // line  0 px  8
0fff00000000   // line  0 px  9
0fff00000000   // line  0 px 10
0fff00000000   // line  0 px 11
0fff00000000   // line  0 px 12
0fff00000000   // line  0 px 13
0fff00000000   // line  0 px 14
0fff00000000   // line  0 px 15
0fff00000000   // line  0 px 16
0fff00000000   // line  0 px 17
0fff00000000   // line  0 px 18
0fff00000000   // line  0 px 19
0fff0fff0fff   // line  0 px 20
0fff00000000   // line  0 px 21
0fff00000000   // line  0 px 22
0fff00000000   // line  0 px 23
0fff00000000   // line  0 px 24
0fff00000000   // line  0 px 25
0fff00000000   // line  0 px 26
0fff00000000   // line  0 px 27
0fff00000000   // line  0 px 28
0fff00000000   // line  0 px 29
0fff00000000   // line  0 px 30
0fff00000000   // line  0 px 31
0fff00000000   // line  0 px 32
0fff00000000   // line  0 px 33
0fff00000000   // line  0 px 34
0fff00000000   // line  0 px 35
0fff00000000   // line  0 px 36
0fff00000000   // line  0 px 37
0fff00000000   // line  0 px 38
0fff00000000   // line  0 px 39
0fff00000000   // line  1 px  0
000000000000   // line  1 px  1
000000000000   // line  1 px  2
000000000000   // line  1 px  3
000000000000   // line  1 px  4
000000000000   // line  1 px  5
000000000000   // line  1 px  6
000000000000   // line  1 px  7
000000000000   // line  1 px  8
000000000000   // line  1 px  9
000000000000   // line  1 px 10
000000000000   // line  1 px 11
000000000000   // line  1 px 12
000000000000   // line  1 px 13
000000000000   // line  1 px 14
000000000000   // line  1 px 15
000000000000   // line  1 px 16
000000000000   // line  1 px 17
000000000000   // line  1 px 18
000000000000   // line  1 px 19
0fff0fff0fff   // line  1 px 20
000000000000   // line  1 px 21
000000000000   // line  1 px 22
000000000000   // line  1 px 23
000000000000   // line  1 px 24
000000000000   // line  1 px 25
000000000000   // line  1 px 26
000000000000   // line  1 px 27
000000000000   // line  1 px 28
000000000000   // line  1 px 29
000000000000   // line  1 px 30
000000000000   // line  1 px 31
000000000000   // line  1 px 32
000000000000   // line  1 px 33
000000000000   // line  1 px 34
000000000000   // line  1 px 35
000000000000   // line  1 px 36
000000000000   // line  1 px 37
000000000000   // line  1 px 38
0fff00000000   // line  1 px 39
0fff00000000   // line  2 px  0
000000000000   // line  2 px  1
000000000000   // line  2 px  2
000000000000   // line  2 px  3
000000000000   // line  2 px  4
000000000000   // line  2 px  5
000000000000   // line  2 px  6
000000000000   // line  2 px  7
000000000000   // line  2 px  8
000000000000   // line  2 px  9
000000000000   // line  2 px 10
000000000000   // line  2 px 11
000000000000   // line  2 px 12
000000000000   // line  2 px 13
000000000000   // line  2 px 14
000000000000   // line  2 px 15
000000000000   // line  2 px 16
000000000000   // line  2 px 17
000000000000   // line  2 px 18
000000000000   // line  2 px 19
0fff0fff0fff   // line  2 px 20
000000000000   // line  2 px 21
000000000000   // line  2 px 22
000000000000   // line  2 px 23
000000000000   // line  2 px 24
000000000000   // line  2 px 25
000000000000   // line  2 px 26
000000000000   // line  2 px 27
000000000000   // line  2 px 28
000000000000   // line  2 px 29
000000000000   // line  2 px 30
000000000000   // line  2 px 31
000000000000   // line  2 px 32
000000000000   // line  2 px 33
000000000000   // line  2 px 34
000000000000   // line  2 px 35
000000000000   // line  2 px 36
000000000000   // line  2 px 37
000000000000   // line  2 px 38
0fff00000000   // line  2 px 39
0fff00000000   // line  3 px  0
000000000000   // line  3 px  1
000000000000   // line  3 px  2
000000000000   // line  3 px  3
000000000000   // line  3 px  4
000000000000   // line  3 px  5
000000000000   // line  3 px  6
000000000000   // line  3 px  7
000000000000   // line  3 px  8
000000000000   // line  3 px  9
000000000000   // line  3 px 10
000000000000   // line  3 px 11
000000000000   // line  3 px 12
000000000000   // line  3 px 13
000000000000   // line  3 px 14
000000000000   // line  3 px 15
000000000000   // line  3 px 16
000000000000   // line  3 px 17
000000000000   // line  3 px 18
000000000000   // line  3 px 19
0fff0fff0fff   // line  3 px 20
000000000000   // line  3 px 21
000000000000   // line  3 px 22
000000000000   // line  3 px 23
000000000000   // line  3 px 24
000000000000   // line  3 px 25
000000000000   // line  3 px 26
000000000000   // line  3 px 27
000000000000   // line  3 px 28
000000000000   // line  3 px 29
000000000000   // line  3 px 30
000000000000   // line  3 px 31
000000000000   // line  3 px 32
000000000000   // line  3 px 33
000000000000   // line  3 px 34
000000000000   // line  3 px 35
000000000000   // line  3 px 36
000000000000   // line  3 px 37
000000000000   // line  3 px 38
0fff00000000   // line  3 px 39
0fff00000000   // line  4 px  0
000000000000   // line  4 px  1
000000000000   // line  4 px  2
000000000000   // line  4 px  3
000000000000   // line  4 px  4
000000000000   // line  4 px  5
000000000000   // line  4 px  6
000000000000   // line  4 px  7
000000000000   // line  4 px  8
000000000000   // line  4 px  9
000000000000   // line  4 px 10
000000000000   // line  4 px 11
000000000000   // line  4 px 12
000000000000   // line  4 px 13
000000000000   // line  4 px 14
000000000000   // line  4 px 15
000000000000   // line  4 px 16
000000000000   // line  4 px 17
000000000000   // line  4 px 18
000000000000   // line  4 px 19
0fff0fff0fff   // line  4 px 20
000000000000   // line  4 px 21
000000000000   // line  4 px 22
000000000000   // line  4 px 23
000000000000   // line  4 px 24
000000000000   // line  4 px 25
000000000000   // line  4 px 26
000000000000   // line  4 px 27
000000000000   // line  4 px 28
000000000000   // line  4 px 29
000000000000   // line  4 px 30
000000000000   // line  4 px 31
000000000000   // line  4 px 32
000000000000   // line  4 px 33
000000000000   // line  4 px 34
000000000000   // line  4 px 35
000000000000   // line  4 px 36
000000000000   // line  4 px 37
000000000000   // line  4 px 38
0fff00000000   // line  4 px 39
0fff00000000   // line  5 px  0
000000000000   // line  5 px  1
000000000000   // line  5 px  2
000000000000   // line  5 px  3
000000000000   // line  5 px  4
000000000000   // line  5 px  5
000000000000   // line  5 px  6
000000000000   // line  5 px  7
000000000000   // line  5 px  8
000000000000   // line  5 px  9
000000000000   // line  5 px 10
000000000000   // line  5 px 11
000000000000   // line  5 px 12
000000000000   // line  5 px 13
000000000000   // line  5 px 14
000000000000   // line  5 px 15
000000000000   // line  5 px 16
000000000000   // line  5 px 17
000000000000   // line  5 px 18
000000000000   // line  5 px 19
0fff0fff0fff   // line  5 px 20
000000000000   // line  5 px 21
000000000000   // line  5 px 22
000000000000   // line  5 px 23
000000000000   // line  5 px 24
000000000000   // line  5 px 25
000000000000   // line  5 px 26
000000000000   // line  5 px 27
000000000000   // line  5 px 28
000000000000   // line  5 px 29
000000000000   // line  5 px 30
000000000000   // line  5 px 31
000000000000   // line  5 px 32
000000000000   // line  5 px 33
000000000000   // line  5 px 34
000000000000   // line  5 px 35
000000000000   // line  5 px 36
000000000000   // line  5 px 37
000000000000   // line  5 px 38
0fff00000000   // line  5 px 39
0fff00000000   // line  6 px  0
000000000000   // line  6 px  1
000000000000   // line  6 px  2
000000000000   // line  6 px  3
000000000000   // line  6 px  4
000000000000   // line  6 px  5
000000000000   // line  6 px  6
000000000000   // line  6 px  7
000000000000   // line  6 px  8
000000000000   // line  6 px  9
000000000000   // line  6 px 10
000000000000   // line  6 px 11
000000000000   // line  6 px 12
000000000000   // line  6 px 13
000000000000   // line  6 px 14
000000000000   // line  6 px 15
000000000000   // line  6 px 16
000000000000   // line  6 px 17
000000000000   // line  6 px 18
000000000000   // line  6 px 19
0fff0fff0fff   // line  6 px 20
000000000000   // line  6 px 21
000000000000   // line  6 px 22
000000000000   // line  6 px 23
000000000000   // line  6 px 24
000000000000   // line  6 px 25
000000000000   // line  6 px 26
000000000000   // line  6 px 27
000000000000   // line  6 px 28
000000000000   // line  6 px 29
000000000000   // line  6 px 30
000000000000   // line  6 px 31
000000000000   // line  6 px 32
000000000000   // line  6 px 33
000000000000   // line  6 px 34
000000000000   // line  6 px 35
000000000000   // line  6 px 36
000000000000   // line  6 px 37
000000000000   // line  6 px 38
0fff00000000   // line  6 px 39
0fff00000000   // line  7 px  0
000000000000   // line  7 px  1
000000000000   // line  7 px  2
000000000000   // line  7 px  3
000000000000   // line  7 px  4
000000000000   // line  7 px  5
000000000000   // line  7 px  6
000000000000   // line  7 px  7
000000000000   // line  7 px  8
000000000000   // line  7 px  9
000000000000   // line  7 px 10
000000000000   // line  7 px 11
000000000000   // line  7 px 12
000000000000   // line  7 px 13
000000000000   // line  7 px 14
000000000000   // line  7 px 15
000000000000   // line  7 px 16
000000000000   // line  7 px 17
000000000000   // line  7 px 18
000000000000   // line  7 px 19
0fff0fff0fff   // line  7 px 20
000000000000   // line  7 px 21
000000000000   // line  7 px 22
000000000000   // line  7 px 23
000000000000   // line  7 px 24
000000000000   // line  7 px 25
000000000000   // line  7 px 26
000000000000   // line  7 px 27
000000000000   // line  7 px 28
000000000000   // line  7 px 29
000000000000   // line  7 px 30
000000000000   // line  7 px 31
000000000000   // line  7 px 32
000000000000   // line  7 px 33
000000000000   // line  7 px 34
000000000000   // line  7 px 35
000000000000   // line  7 px 36
000000000000   // line  7 px 37
000000000000   // line  7 px 38
0fff00000000   // line  7 px 39
0fff00000000   // line  8 px  0
000000000000   // line  8 px  1
000000000000   // line  8 px  2
000000000000   // line  8 px  3
000000000000   // line  8 px  4
000000000000   // line  8 px  5
000000000000   // line  8 px  6
000000000000   // line  8 px  7
000000000000   // line  8 px  8
000000000000   // line  8 px  9
000000000000   // line  8 px 10
000000000000   // line  8 px 11
000000000000   // line  8 px 12
000000000000   // line  8 px 13
000000000000   // line  8 px 14
000000000000   // line  8 px 15
000000000000   // line  8 px 16
000000000000   // line  8 px 17
000000000000   // line  8 px 18
000000000000   // line  8 px 19
0fff0fff0fff   // line  8 px 20
000000000000   // line  8 px 21
000000000000   // line  8 px 22
000000000000   // line  8 px 23
000000000000   // line  8 px 24
000000000000   // line  8 px 25
000000000000   // line  8 px 26
000000000000   // line  8 px 27
000000000000   // line  8 px 28
000000000000   // line  8 px 29
000000000000   // line  8 px 30
000000000000   // line  8 px 31
000000000000   // line  8 px 32
000000000000   // line  8 px 33
000000000000   // line  8 px 34
000000000000   // line  8 px 35
000000000000   // line  8 px 36
000000000000   // line  8 px 37
000000000000   // line  8 px 38
0fff00000000   // line  8 px 39
0fff00000000   // line  9 px  0
000000000000   // line  9 px  1
000000000000   // line  9 px  2
000000000000   // line  9 px  3
000000000000   // line  9 px  4
000000000000   // line  9 px  5
000000000000   // line  9 px  6
000000000000   // line  9 px  7
000000000000   // line  9 px  8
000000000000   // line  9 px  9
000000000000   // line  9 px 10
000000000000   // line  9 px 11
000000000000   // line  9 px 12
000000000000   // line  9 px 13
000000000000   // line  9 px 14
000000000000   // line  9 px 15
000000000000   // line  9 px 16
000000000000   // line  9 px 17
000000000000   // line  9 px 18
000000000000   // line  9 px 19
0fff0fff0fff   // line  9 px 20
000000000000   // line  9 px 21
000000000000   // line  9 px 22
000000000000   // line  9 px 23
000000000000   // line  9 px 24
000000000000   // line  9 px 25
000000000000   // line  9 px 26
000000000000   // line  9 px 27
000000000000   // line  9 px 28
000000000000   // line  9 px 29
000000000000   // line  9 px 30
000000000000   // line  9 px 31
000000000000   // line  9 px 32
000000000000   // line  9 px 33
000000000000   // line  9 px 34
000000000000   // line  9 px 35
000000000000   // line  9 px 36
000000000000   // line  9 px 37
000000000000   // line  9 px 38
0fff00000000   // line  9 px 39
0fff00000000   // line 10 px  0
000000000000   // line 10 px  1
000000000000   // line 10 px  2
000000000000   // line 10 px  3
000000000000   // line 10 px  4
000000000000   // line 10 px  5
000000000000   // line 10 px  6
000000000000   // line 10 px  7
000000000000   // line 10 px  8
000000000000   // line 10 px  9
000000000000   // line 10 px 10
000000000000   // line 10 px 11
000000000000   // line 10 px 12
000000000000   // line 10 px 13
000000000000   // line 10 px 14
000000000000   // line 10 px 15
000000000000   // line 10 px 16
000000000000   // line 10 px 17
000000000000   // line 10 px 18
000000000000   // line 10 px 19
0fff0fff0fff   // line 10 px 20
000000000000   // line 10 px 21
000000000000   // line 10 px 22
000000000000   // line 10 px 23
000000000000   // line 10 px 24
000000000000   // line 10 px 25
000000000000   // line 10 px 26
000000000000   // line 10 px 27
000000000000   // line 10 px 28
000000000000   // line 10 px 29
000000000000   // line 10 px 30
000000000000   // line 10 px 31
000000000000   // line 10 px 32
000000000000   // line 10 px 33
000000000000   // line 10 px 34
000000000000   // line 10 px 35
000000000000   // line 10 px 36
000000000000   // line 10 px 37
000000000000   // line 10 px 38
0fff00000000   // line 10 px 39
0fff00000000   // line 11 px  0
000000000000   // line 11 px  1
000000000000   // line 11 px  2
000000000000   // line 11 px  3
000000000000   // line 11 px  4
000000000000   // line 11 px  5
000000000000   // line 11 px  6
000000000000   // line 11 px  7
000000000000   // line 11 px  8
000000000000   // line 11 px  9
000000000000   // line 11 px 10
000000000000   // line 11 px 11
000000000000   // line 11 px 12
000000000000   // line 11 px 13
000000000000   // line 11 px 14
000000000000   // line 11 px 15
000000000000   // line 11 px 16
000000000000   // line 11 px 17
000000000000   // line 11 px 18
000000000000   // line 11 px 19
0fff0fff0fff   // line 11 px 20
000000000000   // line 11 px 21
000000000000   // line 11 px 22
000000000000   // line 11 px 23
000000000000   // line 11 px 24
000000000000   // line 11 px 25
000000000000   // line 11 px 26
000000000000   // line 11 px 27
000000000000   // line 11 px 28
000000000000   // line 11 px 29
000000000000   // line 11 px 30
000000000000   // line 11 px 31
000000000000   // line 11 px 32
000000000000   // line 11 px 33
000000000000   // line 11 px 34
000000000000   // line 11 px 35
000000000000   // line 11 px 36
000000000000   // line 11 px 37
000000000000   // line 11 px 38
0fff00000000   // line 11 px 39
0fff00000000   // line 12 px  0
000000000000   // line 12 px  1
000000000000   // line 12 px  2
000000000000   // line 12 px  3
000000000000   // line 12 px  4
000000000000   // line 12 px  5
000000000000   // line 12 px  6
000000000000   // line 12 px  7
000000000000   // line 12 px  8
000000000000   // line 12 px  9
000000000000   // line 12 px 10
000000000000   // line 12 px 11
000000000000   // line 12 px 12
000000000000   // line 12 px 13
000000000000   // line 12 px 14
000000000000   // line 12 px 15
000000000000   // line 12 px 16
000000000000   // line 12 px 17
000000000000   // line 12 px 18
000000000000   // line 12 px 19
0fff0fff0fff   // line 12 px 20
000000000000   // line 12 px 21
000000000000   // line 12 px 22
000000000000   // line 12 px 23
000000000000   // line 12 px 24
000000000000   // line 12 px 25
000000000000   // line 12 px 26
000000000000   // line 12 px 27
000000000000   // line 12 px 28
000000000000   // line 12 px 29
000000000000   // line 12 px 30
000000000000   // line 12 px 31
000000000000   // line 12 px 32
000000000000   // line 12 px 33
000000000000   // line 12 px 34
000000000000   // line 12 px 35
000000000000   // line 12 px 36
000000000000   // line 12 px 37
000000000000   // line 12 px 38
0fff00000000   // line 12 px 39
0fff00000000   // line 13 px  0
000000000000   // line 13 px  1
000000000000   // line 13 px  2
000000000000   // line 13 px  3
000000000000   // line 13 px  4
000000000000   // line 13 px  5
000000000000   // line 13 px  6
000000000000   // line 13 px  7
000000000000   // line 13 px  8
000000000000   // line 13 px  9
000000000000   // line 13 px 10
000000000000   // line 13 px 11
000000000000   // line 13 px 12
000000000000   // line 13 px 13
000000000000   // line 13 px 14
000000000000   // line 13 px 15
000000000000   // line 13 px 16
000000000000   // line 13 px 17
000000000000   // line 13 px 18
000000000000   // line 13 px 19
0fff0fff0fff   // line 13 px 20
000000000000   // line 13 px 21
000000000000   // line 13 px 22
000000000000   // line 13 px 23
000000000000   // line 13 px 24
000000000000   // line 13 px 25
000000000000   // line 13 px 26
000000000000   // line 13 px 27
000000000000   // line 13 px 28
000000000000   // line 13 px 29
000000000000   // line 13 px 30
000000000000   // line 13 px 31
000000000000   // line 13 px 32
000000000000   // line 13 px 33
000000000000   // line 13 px 34
000000000000   // line 13 px 35
000000000000   // line 13 px 36
000000000000   // line 13 px 37
000000000000   // line 13 px 38
0fff00000000   // line 13 px 39
0fff00000000   // line 14 px  0
000000000000   // line 14 px  1
000000000000   // line 14 px  2
000000000000   // line 14 px  3
000000000000   // line 14 px  4
000000000000   // line 14 px  5
000000000000   // line 14 px  6
000000000000   // line 14 px  7
000000000000   // line 14 px  8
000000000000   // line 14 px  9
000000000000   // line 14 px 10
000000000000   // line 14 px 11
000000000000   // line 14 px 12
000000000000   // line 14 px 13
000000000000   // line 14 px 14
000000000000   // line 14 px 15
000000000000   // line 14 px 16
000000000000   // line 14 px 17
000000000000   // line 14 px 18
000000000000   // line 14 px 19
0fff0fff0fff   // line 14 px 20
000000000000   // line 14 px 21
000000000000   // line 14 px 22
000000000000   // line 14 px 23
000000000000   // line 14 px 24
000000000000   // line 14 px 25
000000000000   // line 14 px 26
000000000000   // line 14 px 27
000000000000   // line 14 px 28
000000000000   // line 14 px 29
000000000000   // line 14 px 30
000000000000   // line 14 px 31
000000000000   // line 14 px 32
000000000000   // line 14 px 33
000000000000   // line 14 px 34
000000000000   // line 14 px 35
000000000000   // line 14 px 36
000000000000   // line 14 px 37
000000000000   // line 14 px 38
0fff00000000   // line 14 px 39
0fff00000000   // line 15 px  0
000000000000   // line 15 px  1
000000000000   // line 15 px  2
000000000000   // line 15 px  3
000000000000   // line 15 px  4
000000000000   // line 15 px  5
000000000000   // line 15 px  6
000000000000   // line 15 px  7
000000000000   // line 15 px  8
000000000000   // line 15 px  9
000000000000   // line 15 px 10
000000000000   // line 15 px 11
000000000000   // line 15 px 12
000000000000   // line 15 px 13
000000000000   // line 15 px 14
000000000000   // line 15 px 15
000000000000   // line 15 px 16
000000000000   // line 15 px 17
000000000000   // line 15 px 18
000000000000   // line 15 px 19
0fff0fff0fff   // line 15 px 20
000000000000   // line 15 px 21
000000000000   // line 15 px 22
000000000000   // line 15 px 23
000000000000   // line 15 px 24
000000000000   // line 15 px 25
000000000000   // line 15 px 26
000000000000   // line 15 px 27
000000000000   // line 15 px 28
000000000000   // line 15 px 29
000000000000   // line 15 px 30
000000000000   // line 15 px 31
000000000000   // line 15 px 32
000000000000   // line 15 px 33
000000000000   // line 15 px 34
000000000000   // line 15 px 35
000000000000   // line 15 px 36
000000000000   // line 15 px 37
000000000000   // line 15 px 38
0fff00000000   // line 15 px 39
0fff00000000   // line 16 px  0
000000000000   // line 16 px  1
000000000000   // line 16 px  2
000000000000   // line 16 px  3
000000000000   // line 16 px  4
000000000000   // line 16 px  5
000000000000   // line 16 px  6
000000000000   // line 16 px  7
000000000000   // line 16 px  8
000000000000   // line 16 px  9
000000000000   // line 16 px 10
000000000000   // line 16 px 11
000000000000   // line 16 px 12
000000000000   // line 16 px 13
000000000000   // line 16 px 14
000000000000   // line 16 px 15
000000000000   // line 16 px 16
000000000000   // line 16 px 17
000000000000   // line 16 px 18
000000000000   // line 16 px 19
0fff0fff0fff   // line 16 px 20
000000000000   // line 16 px 21
000000000000   // line 16 px 22
000000000000   // line 16 px 23
000000000000   // line 16 px 24
000000000000   // line 16 px 25
000000000000   // line 16 px 26
000000000000   // line 16 px 27
000000000000   // line 16 px 28
000000000000   // line 16 px 29
000000000000   // line 16 px 30
000000000000   // line 16 px 31
000000000000   // line 16 px 32
000000000000   // line 16 px 33
000000000000   // line 16 px 34
000000000000   // line 16 px 35
000000000000   // line 16 px 36
000000000000   // line 16 px 37
000000000000   // line 16 px 38
0fff00000000   // line 16 px 39
0fff00000000   // line 17 px  0
000000000000   // line 17 px  1
000000000000   // line 17 px  2
000000000000   // line 17 px  3
000000000000   // line 17 px  4
000000000000   // line 17 px  5
000000000000   // line 17 px  6
000000000000   // line 17 px  7
000000000000   // line 17 px  8
000000000000   // line 17 px  9
000000000000   // line 17 px 10
000000000000   // line 17 px 11
000000000000   // line 17 px 12
000000000000   // line 17 px 13
000000000000   // line 17 px 14
000000000000   // line 17 px 15
000000000000   // line 17 px 16
000000000000   // line 17 px 17
000000000000   // line 17 px 18
000000000000   // line 17 px 19
0fff0fff0fff   // line 17 px 20
000000000000   // line 17 px 21
000000000000   // line 17 px 22
000000000000   // line 17 px 23
000000000000   // line 17 px 24
000000000000   // line 17 px 25
000000000000   // line 17 px 26
000000000000   // line 17 px 27
000000000000   // line 17 px 28
000000000000   // line 17 px 29
000000000000   // line 17 px 30
000000000000   // line 17 px 31
000000000000   // line 17 px 32
000000000000   // line 17 px 33
000000000000   // line 17 px 34
000000000000   // line 17 px 35
000000000000   // line 17 px 36
000000000000   // line 17 px 37
000000000000   // line 17 px 38
0fff00000000   // line 17 px 39
0fff00000000   // line 18 px  0
000000000000   // line 18 px  1
000000000000   // line 18 px  2
000000000000   // line 18 px  3
000000000000   // line 18 px  4
000000000000   // line 18 px  5
000000000000   // line 18 px  6
000000000000   // line 18 px  7
000000000000   // line 18 px  8
000000000000   // line 18 px  9
000000000000   // line 18 px 10
000000000000   // line 18 px 11
000000000000   // line 18 px 12
000000000000   // line 18 px 13
000000000000   // line 18 px 14
000000000000   // line 18 px 15
000000000000   // line 18 px 16
000000000000   // line 18 px 17
000000000000   // line 18 px 18
000000000000   // line 18 px 19
0fff0fff0fff   // line 18 px 20
000000000000   // line 18 px 21
000000000000   // line 18 px 22
000000000000   // line 18 px 23
000000000000   // line 18 px 24
000000000000   // line 18 px 25
000000000000   // line 18 px 26
000000000000   // line 18 px 27
000000000000   // line 18 px 28
000000000000   // line 18 px 29
000000000000   // line 18 px 30
000000000000   // line 18 px 31
000000000000   // line 18 px 32
000000000000   // line 18 px 33
000000000000   // line 18 px 34
000000000000   // line 18 px 35
000000000000   // line 18 px 36
000000000000   // line 18 px 37
000000000000   // line 18 px 38
0fff00000000   // line 18 px 39
0fff00000000   // line 19 px  0
000000000000   // line 19 px  1
000000000000   // line 19 px  2
000000000000   // line 19 px  3
000000000000   // line 19 px  4
000000000000   // line 19 px  5
000000000000   // line 19 px  6
000000000000   // line 19 px  7
000000000000   // line 19 px  8
000000000000   // line 19 px  9
000000000000   // line 19 px 10
000000000000   // line 19 px 11
000000000000   // line 19 px 12
000000000000   // line 19 px 13
000000000000   // line 19 px 14
000000000000   // line 19 px 15
000000000000   // line 19 px 16
000000000000   // line 19 px 17
000000000000   // line 19 px 18
000000000000   // line 19 px 19
0fff0fff0fff   // line 19 px 20
000000000000   // line 19 px 21
000000000000   // line 19 px 22
000000000000   // line 19 px 23
000000000000   // line 19 px 24
000000000000   // line 19 px 25
000000000000   // line 19 px 26
000000000000   // line 19 px 27
000000000000   // line 19 px 28
000000000000   // line 19 px 29
000000000000   // line 19 px 30
000000000000   // line 19 px 31
000000000000   // line 19 px 32
000000000000   // line 19 px 33
000000000000   // line 19 px 34
000000000000   // line 19 px 35
000000000000   // line 19 px 36
000000000000   // line 19 px 37
000000000000   // line 19 px 38
0fff00000000   // line 19 px 39
0fff00000000   // line 20 px  0
000000000000   // line 20 px  1
000000000000   // line 20 px  2
000000000000   // line 20 px  3
000000000000   // line 20 px  4
000000000000   // line 20 px  5
000000000000   // line 20 px  6
000000000000   // line 20 px  7
000000000000   // line 20 px  8
000000000000   // line 20 px  9
000000000000   // line 20 px 10
000000000000   // line 20 px 11
000000000000   // line 20 px 12
000000000000   // line 20 px 13
000000000000   // line 20 px 14
000000000000   // line 20 px 15
000000000000   // line 20 px 16
000000000000   // line 20 px 17
000000000000   // line 20 px 18
000000000000   // line 20 px 19
0fff0fff0fff   // line 20 px 20
000000000000   // line 20 px 21
000000000000   // line 20 px 22
000000000000   // line 20 px 23
000000000000   // line 20 px 24
000000000000   // line 20 px 25
000000000000   // line 20 px 26
000000000000   // line 20 px 27
000000000000   // line 20 px 28
000000000000   // line 20 px 29
000000000000   // line 20 px 30
000000000000   // line 20 px 31
000000000000   // line 20 px 32
000000000000   // line 20 px 33
000000000000   // line 20 px 34
000000000000   // line 20 px 35
000000000000   // line 20 px 36
000000000000   // line 20 px 37
000000000000   // line 20 px 38
0fff00000000   // line 20 px 39
0fff00000000   // line 21 px  0
000000000000   // line 21 px  1
000000000000   // line 21 px  2
000000000000   // line 21 px  3
000000000000   // line 21 px  4
000000000000   // line 21 px  5
000000000000   // line 21 px  6
000000000000   // line 21 px  7
000000000000   // line 21 px  8
000000000000   // line 21 px  9
000000000000   // line 21 px 10
000000000000   // line 21 px 11
000000000000   // line 21 px 12
000000000000   // line 21 px 13
000000000000   // line 21 px 14
000000000000   // line 21 px 15
000000000000   // line 21 px 16
000000000000   // line 21 px 17
000000000000   // line 21 px 18
000000000000   // line 21 px 19
0fff0fff0fff   // line 21 px 20
000000000000   // line 21 px 21
000000000000   // line 21 px 22
000000000000   // line 21 px 23
000000000000   // line 21 px 24
000000000000   // line 21 px 25
000000000000   // line 21 px 26
000000000000   // line 21 px 27
000000000000   // line 21 px 28
000000000000   // line 21 px 29
000000000000   // line 21 px 30
000000000000   // line 21 px 31
000000000000   // line 21 px 32
000000000000   // line 21 px 33
000000000000   // line 21 px 34
000000000000   // line 21 px 35
000000000000   // line 21 px 36
000000000000   // line 21 px 37
000000000000   // line 21 px 38
0fff00000000   // line 21 px 39
0fff0fff0fff   // line 22 px  0
0fff0fff0fff   // line 22 px  1
0fff0fff0fff   // line 22 px  2
0fff0fff0fff   // line 22 px  3
0fff0fff0fff   // line 22 px  4
0fff0fff0fff   // line 22 px  5
0fff0fff0fff   // line 22 px  6
0fff0fff0fff   // line 22 px  7
0fff0fff0fff   // line 22 px  8
0fff0fff0fff   // line 22 px  9
0fff0fff0fff   // line 22 px 10
0fff0fff0fff   // line 22 px 11
0fff0fff0fff   // line 22 px 12
0fff0fff0fff   // line 22 px 13
0fff0fff0fff   // line 22 px 14
0fff0fff0fff   // line 22 px 15
0fff0fff0fff   // line 22 px 16
0fff0fff0fff   // line 22 px 17
0fff0fff0fff   // line 22 px 18
0fff0fff0fff   // line 22 px 19
0fff0fff0fff   // line 22 px 20
0fff0fff0fff   // line 22 px 21
0fff0fff0fff   // line 22 px 22
0fff0fff0fff   // line 22 px 23
0fff0fff0fff   // line 22 px 24
0fff0fff0fff   // line 22 px 25
0fff0fff0fff   // line 22 px 26
0fff0fff0fff   // line 22 px 27
0fff0fff0fff   // line 22 px 28
0fff0fff0fff   // line 22 px 29
0fff0fff0fff   // line 22 px 30
0fff0fff0fff   // line 22 px 31
0fff0fff0fff   // line 22 px 32
0fff0fff0fff   // line 22 px 33
0fff0fff0fff   // line 22 px 34
0fff0fff0fff   // line 22 px 35
0fff0fff0fff   // line 22 px 36
0fff0fff0fff   // line 22 px 37
0fff0fff0fff   // line 22 px 38
0fff0fff0fff   // line 22 px 39
0fff00000000   // line 23 px  0
000000000000   // line 23 px  1
000000000000   // line 23 px  2
000000000000   // line 23 px  3
000000000000   // line 23 px  4
000000000000   // line 23 px  5
000000000000   // line 23 px  6
000000000000   // line 23 px  7
000000000000   // line 23 px  8
000000000000   // line 23 px  9
000000000000   // line 23 px 10
000000000000   // line 23 px 11
000000000000   // line 23 px 12
000000000000   // line 23 px 13
000000000000   // line 23 px 14
000000000000   // line 23 px 15
000000000000   // line 23 px 16
000000000000   // line 23 px 17
000000000000   // line 23 px 18
000000000000   // line 23 px 19
0fff0fff0fff   // line 23 px 20
000000000000   // line 23 px 21
000000000000   // line 23 px 22
000000000000   // line 23 px 23
000000000000   // line 23 px 24
000000000000   // line 23 px 25
000000000000   // line 23 px 26
000000000000   // line 23 px 27
000000000000   // line 23 px 28
000000000000   // line 23 px 29
000000000000   // line 23 px 30
000000000000   // line 23 px 31
000000000000   // line 23 px 32
000000000000   // line 23 px 33
000000000000   // line 23 px 34
000000000000   // line 23 px 35
000000000000   // line 23 px 36
000000000000   // line 23 px 37
000000000000   // line 23 px 38
0fff00000000   // line 23 px 39
0fff00000000   // line 24 px  0
000000000000   // line 24 px  1
000000000000   // line 24 px  2
000000000000   // line 24 px  3
000000000000   // line 24 px  4
000000000000   // line 24 px  5
000000000000   // line 24 px  6
000000000000   // line 24 px  7
000000000000   // line 24 px  8
000000000000   // line 24 px  9
000000000000   // line 24 px 10
000000000000   // line 24 px 11
000000000000   // line 24 px 12
000000000000   // line 24 px 13
000000000000   // line 24 px 14
000000000000   // line 24 px 15
000000000000   // line 24 px 16
000000000000   // line 24 px 17
000000000000   // line 24 px 18
000000000000   // line 24 px 19
0fff0fff0fff   // line 24 px 20
000000000000   // line 24 px 21
000000000000   // line 24 px 22
000000000000   // line 24 px 23
000000000000   // line 24 px 24
000000000000   // line 24 px 25
000000000000   // line 24 px 26
000000000000   // line 24 px 27
000000000000   // line 24 px 28
000000000000   // line 24 px 29
000000000000   // line 24 px 30
000000000000   // line 24 px 31
000000000000   // line 24 px 32
000000000000   // line 24 px 33
000000000000   // line 24 px 34
000000000000   // line 24 px 35
000000000000   // line 24 px 36
000000000000   // line 24 px 37
000000000000   // line 24 px 38
0fff00000000   // line 24 px 39
0fff00000000   // line 25 px  0
000000000000   // line 25 px  1
000000000000   // line 25 px  2
000000000000   // line 25 px  3
000000000000   // line 25 px  4
000000000000   // line 25 px  5
000000000000   // line 25 px  6
000000000000   // line 25 px  7
000000000000   // line 25 px  8
000000000000   // line 25 px  9
000000000000   // line 25 px 10
000000000000   // line 25 px 11
000000000000   // line 25 px 12
000000000000   // line 25 px 13
000000000000   // line 25 px 14
000000000000   // line 25 px 15
000000000000   // line 25 px 16
000000000000   // line 25 px 17
000000000000   // line 25 px 18
000000000000   // line 25 px 19
0fff0fff0fff   // line 25 px 20
000000000000   // line 25 px 21
000000000000   // line 25 px 22
000000000000   // line 25 px 23
000000000000   // line 25 px 24
000000000000   // line 25 px 25
000000000000   // line 25 px 26
000000000000   // line 25 px 27
000000000000   // line 25 px 28
000000000000   // line 25 px 29
000000000000   // line 25 px 30
000000000000   // line 25 px 31
000000000000   // line 25 px 32
000000000000   // line 25 px 33
000000000000   // line 25 px 34
000000000000   // line 25 px 35
000000000000   // line 25 px 36
000000000000   // line 25 px 37
000000000000   // line 25 px 38
0fff00000000   // line 25 px 39
0fff00000000   // line 26 px  0
000000000000   // line 26 px  1
000000000000   // line 26 px  2
000000000000   // line 26 px  3
000000000000   // line 26 px  4
000000000000   // line 26 px  5
000000000000   // line 26 px  6
000000000000   // line 26 px  7
000000000000   // line 26 px  8
000000000000   // line 26 px  9
000000000000   // line 26 px 10
000000000000   // line 26 px 11
000000000000   // line 26 px 12
000000000000   // line 26 px 13
000000000000   // line 26 px 14
000000000000   // line 26 px 15
000000000000   // line 26 px 16
000000000000   // line 26 px 17
000000000000   // line 26 px 18
000000000000   // line 26 px 19
0fff0fff0fff   // line 26 px 20
000000000000   // line 26 px 21
000000000000   // line 26 px 22
000000000000   // line 26 px 23
000000000000   // line 26 px 24
000000000000   // line 26 px 25
000000000000   // line 26 px 26
000000000000   // line 26 px 27
000000000000   // line 26 px 28
000000000000   // line 26 px 29
000000000000   // line 26 px 30
000000000000   // line 26 px 31
000000000000   // line 26 px 32
000000000000   // line 26 px 33
000000000000   // line 26 px 34
000000000000   // line 26 px 35
000000000000   // line 26 px 36
000000000000   // line 26 px 37
000000000000   // line 26 px 38
0fff00000000   // line 26 px 39
0fff00000000   // line 27 px  0
000000000000   // line 27 px  1
000000000000   // line 27 px  2
000000000000   // line 27 px  3
000000000000   // line 27 px  4
000000000000   // line 27 px  5
000000000000   // line 27 px  6
000000000000   // line 27 px  7
000000000000   // line 27 px  8
000000000000   // line 27 px  9
000000000000   // line 27 px 10
000000000000   // line 27 px 11
000000000000   // line 27 px 12
000000000000   // line 27 px 13
000000000000   // line 27 px 14
000000000000   // line 27 px 15
000000000000   // line 27 px 16
000000000000   // line 27 px 17
000000000000   // line 27 px 18
000000000000   // line 27 px 19
0fff0fff0fff   // line 27 px 20
000000000000   // line 27 px 21
000000000000   // line 27 px 22
000000000000   // line 27 px 23
000000000000   // line 27 px 24
000000000000   // line 27 px 25
000000000000   // line 27 px 26
000000000000   // line 27 px 27
000000000000   // line 27 px 28
000000000000   // line 27 px 29
000000000000   // line 27 px 30
000000000000   // line 27 px 31
000000000000   // line 27 px 32
000000000000   // line 27 px 33
000000000000   // line 27 px 34
000000000000   // line 27 px 35
000000000000   // line 27 px 36
000000000000   // line 27 px 37
000000000000   // line 27 px 38
0fff00000000   // line 27 px 39
0fff00000000   // line 28 px  0
000000000000   // line 28 px  1
000000000000   // line 28 px  2
000000000000   // line 28 px  3
000000000000   // line 28 px  4
000000000000   // line 28 px  5
000000000000   // line 28 px  6
000000000000   // line 28 px  7
000000000000   // line 28 px  8
000000000000   // line 28 px  9
000000000000   // line 28 px 10
000000000000   // line 28 px 11
000000000000   // line 28 px 12
000000000000   // line 28 px 13
000000000000   // line 28 px 14
000000000000   // line 28 px 15
000000000000   // line 28 px 16
000000000000   // line 28 px 17
000000000000   // line 28 px 18
000000000000   // line 28 px 19
0fff0fff0fff   // line 28 px 20
000000000000   // line 28 px 21
000000000000   // line 28 px 22
000000000000   // line 28 px 23
000000000000   // line 28 px 24
000000000000   // line 28 px 25
000000000000   // line 28 px 26
000000000000   // line 28 px 27
000000000000   // line 28 px 28
000000000000   // line 28 px 29
000000000000   // line 28 px 30
000000000000   // line 28 px 31
000000000000   // line 28 px 32
000000000000   // line 28 px 33
000000000000   // line 28 px 34
000000000000   // line 28 px 35
000000000000   // line 28 px 36
000000000000   // line 28 px 37
000000000000   // line 28 px 38
0fff00000000   // line 28 px 39
0fff00000000   // line 29 px  0
000000000000   // line 29 px  1
000000000000   // line 29 px  2
000000000000   // line 29 px  3
000000000000   // line 29 px  4
000000000000   // line 29 px  5
000000000000   // line 29 px  6
000000000000   // line 29 px  7
000000000000   // line 29 px  8
000000000000   // line 29 px  9
000000000000   // line 29 px 10
000000000000   // line 29 px 11
000000000000   // line 29 px 12
000000000000   // line 29 px 13
000000000000   // line 29 px 14
000000000000   // line 29 px 15
000000000000   // line 29 px 16
000000000000   // line 29 px 17
000000000000   // line 29 px 18
000000000000   // line 29 px 19
0fff0fff0fff   // line 29 px 20
000000000000   // line 29 px 21
000000000000   // line 29 px 22
000000000000   // line 29 px 23
000000000000   // line 29 px 24
000000000000   // line 29 px 25
000000000000   // line 29 px 26
000000000000   // line 29 px 27
000000000000   // line 29 px 28
000000000000   // line 29 px 29
000000000000   // line 29 px 30
000000000000   // line 29 px 31
000000000000   // line 29 px 32
000000000000   // line 29 px 33
000000000000   // line 29 px 34
000000000000   // line 29 px 35
000000000000   // line 29 px 36
000000000000   // line 29 px 37
000000000000   // line 29 px 38
0fff00000000   // line 29 px 39
0fff00000000   // line 30 px  0
000000000000   // line 30 px  1
000000000000   // line 30 px  2
000000000000   // line 30 px  3
000000000000   // line 30 px  4
000000000000   // line 30 px  5
000000000000   // line 30 px  6
000000000000   // line 30 px  7
000000000000   // line 30 px  8
000000000000   // line 30 px  9
000000000000   // line 30 px 10
000000000000   // line 30 px 11
000000000000   // line 30 px 12
000000000000   // line 30 px 13
000000000000   // line 30 px 14
000000000000   // line 30 px 15
000000000000   // line 30 px 16
000000000000   // line 30 px 17
000000000000   // line 30 px 18
000000000000   // line 30 px 19
0fff0fff0fff   // line 30 px 20
000000000000   // line 30 px 21
000000000000   // line 30 px 22
000000000000   // line 30 px 23
000000000000   // line 30 px 24
000000000000   // line 30 px 25
000000000000   // line 30 px 26
000000000000   // line 30 px 27
000000000000   // line 30 px 28
000000000000   // line 30 px 29
000000000000   // line 30 px 30
000000000000   // line 30 px 31
000000000000   // line 30 px 32
000000000000   // line 30 px 33
000000000000   // line 30 px 34
000000000000   // line 30 px 35
000000000000   // line 30 px 36
000000000000   // line 30 px 37
000000000000   // line 30 px 38
0fff00000000   // line 30 px 39
0fff00000000   // line 31 px  0
000000000000   // line 31 px  1
000000000000   // line 31 px  2
000000000000   // line 31 px  3
000000000000   // line 31 px  4
000000000000   // line 31 px  5
000000000000   // line 31 px  6
000000000000   // line 31 px  7
000000000000   // line 31 px  8
000000000000   // line 31 px  9
000000000000   // line 31 px 10
000000000000   // line 31 px 11
000000000000   // line 31 px 12
000000000000   // line 31 px 13
000000000000   // line 31 px 14
000000000000   // line 31 px 15
000000000000   // line 31 px 16
000000000000   // line 31 px 17
000000000000   // line 31 px 18
000000000000   // line 31 px 19
0fff0fff0fff   // line 31 px 20
000000000000   // line 31 px 21
000000000000   // line 31 px 22
000000000000   // line 31 px 23
000000000000   // line 31 px 24
000000000000   // line 31 px 25
000000000000   // line 31 px 26
000000000000   // line 31 px 27
000000000000   // line 31 px 28
000000000000   // line 31 px 29
000000000000   // line 31 px 30
000000000000   // line 31 px 31
000000000000   // line 31 px 32
000000000000   // line 31 px 33
000000000000   // line 31 px 34
000000000000   // line 31 px 35
000000000000   // line 31 px 36
000000000000   // line 31 px 37
000000000000   // line 31 px 38
0fff00000000   // line 31 px 39
0fff00000000   // line 32 px  0
000000000000   // line 32 px  1
000000000000   // line 32 px  2
000000000000   // line 32 px  3
000000000000   // line 32 px  4
000000000000   // line 32 px  5
000000000000   // line 32 px  6
000000000000   // line 32 px  7
000000000000   // line 32 px  8
000000000000   // line 32 px  9
000000000000   // line 32 px 10
000000000000   // line 32 px 11
000000000000   // line 32 px 12
000000000000   // line 32 px 13
000000000000   // line 32 px 14
000000000000   // line 32 px 15
000000000000   // line 32 px 16
000000000000   // line 32 px 17
000000000000   // line 32 px 18
000000000000   // line 32 px 19
0fff0fff0fff   // line 32 px 20
000000000000   // line 32 px 21
000000000000   // line 32 px 22
000000000000   // line 32 px 23
000000000000   // line 32 px 24
000000000000   // line 32 px 25
000000000000   // line 32 px 26
000000000000   // line 32 px 27
000000000000   // line 32 px 28
000000000000   // line 32 px 29
000000000000   // line 32 px 30
000000000000   // line 32 px 31
000000000000   // line 32 px 32
000000000000   // line 32 px 33
000000000000   // line 32 px 34
000000000000   // line 32 px 35
000000000000   // line 32 px 36
000000000000   // line 32 px 37
000000000000   // line 32 px 38
0fff00000000   // line 32 px 39
0fff00000000   // line 33 px  0
000000000000   // line 33 px  1
000000000000   // line 33 px  2
000000000000   // line 33 px  3
000000000000   // line 33 px  4
000000000000   // line 33 px  5
000000000000   // line 33 px  6
000000000000   // line 33 px  7
000000000000   // line 33 px  8
000000000000   // line 33 px  9
000000000000   // line 33 px 10
000000000000   // line 33 px 11
000000000000   // line 33 px 12
000000000000   // line 33 px 13
000000000000   // line 33 px 14
000000000000   // line 33 px 15
000000000000   // line 33 px 16
000000000000   // line 33 px 17
000000000000   // line 33 px 18
000000000000   // line 33 px 19
0fff0fff0fff   // line 33 px 20
000000000000   // line 33 px 21
000000000000   // line 33 px 22
000000000000   // line 33 px 23
000000000000   // line 33 px 24
000000000000   // line 33 px 25
000000000000   // line 33 px 26
000000000000   // line 33 px 27
000000000000   // line 33 px 28
000000000000   // line 33 px 29
000000000000   // line 33 px 30
000000000000   // line 33 px 31
000000000000   // line 33 px 32
000000000000   // line 33 px 33
000000000000   // line 33 px 34
000000000000   // line 33 px 35
000000000000   // line 33 px 36
000000000000   // line 33 px 37
000000000000   // line 33 px 38
0fff00000000   // line 33 px 39
0fff00000000   // line 34 px  0
000000000000   // line 34 px  1
000000000000   // line 34 px  2
000000000000   // line 34 px  3
000000000000   // line 34 px  4
000000000000   // line 34 px  5
000000000000   // line 34 px  6
000000000000   // line 34 px  7
000000000000   // line 34 px  8
000000000000   // line 34 px  9
000000000000   // line 34 px 10
000000000000   // line 34 px 11
000000000000   // line 34 px 12
000000000000   // line 34 px 13
000000000000   // line 34 px 14
000000000000   // line 34 px 15
000000000000   // line 34 px 16
000000000000   // line 34 px 17
000000000000   // line 34 px 18
000000000000   // line 34 px 19
0fff0fff0fff   // line 34 px 20
000000000000   // line 34 px 21
000000000000   // line 34 px 22
000000000000   // line 34 px 23
000000000000   // line 34 px 24
000000000000   // line 34 px 25
000000000000   // line 34 px 26
000000000000   // line 34 px 27
000000000000   // line 34 px 28
000000000000   // line 34 px 29
000000000000   // line 34 px 30
000000000000   // line 34 px 31
000000000000   // line 34 px 32
000000000000   // line 34 px 33
000000000000   // line 34 px 34
000000000000   // line 34 px 35
000000000000   // line 34 px 36
000000000000   // line 34 px 37
000000000000   // line 34 px 38
0fff00000000   // line 34 px 39
0fff00000000   // line 35 px  0
000000000000   // line 35 px  1
000000000000   // line 35 px  2
000000000000   // line 35 px  3
000000000000   // line 35 px  4
000000000000   // line 35 px  5
000000000000   // line 35 px  6
000000000000   // line 35 px  7
000000000000   // line 35 px  8
000000000000   // line 35 px  9
000000000000   // line 35 px 10
000000000000   // line 35 px 11
000000000000   // line 35 px 12
000000000000   // line 35 px 13
000000000000   // line 35 px 14
000000000000   // line 35 px 15
000000000000   // line 35 px 16
000000000000   // line 35 px 17
000000000000   // line 35 px 18
000000000000   // line 35 px 19
0fff0fff0fff   // line 35 px 20
000000000000   // line 35 px 21
000000000000   // line 35 px 22
000000000000   // line 35 px 23
000000000000   // line 35 px 24
000000000000   // line 35 px 25
000000000000   // line 35 px 26
000000000000   // line 35 px 27
000000000000   // line 35 px 28
000000000000   // line 35 px 29
000000000000   // line 35 px 30
000000000000   // line 35 px 31
000000000000   // line 35 px 32
000000000000   // line 35 px 33
000000000000   // line 35 px 34
000000000000   // line 35 px 35
000000000000   // line 35 px 36
000000000000   // line 35 px 37
000000000000   // line 35 px 38
0fff00000000   // line 35 px 39
0fff00000000   // line 36 px  0
000000000000   // line 36 px  1
000000000000   // line 36 px  2
000000000000   // line 36 px  3
000000000000   // line 36 px  4
000000000000   // line 36 px  5
000000000000   // line 36 px  6
000000000000   // line 36 px  7
000000000000   // line 36 px  8
000000000000   // line 36 px  9
000000000000   // line 36 px 10
000000000000   // line 36 px 11
000000000000   // line 36 px 12
000000000000   // line 36 px 13
000000000000   // line 36 px 14
000000000000   // line 36 px 15
000000000000   // line 36 px 16
000000000000   // line 36 px 17
000000000000   // line 36 px 18
000000000000   // line 36 px 19
0fff0fff0fff   // line 36 px 20
000000000000   // line 36 px 21
000000000000   // line 36 px 22
000000000000   // line 36 px 23
000000000000   // line 36 px 24
000000000000   // line 36 px 25
000000000000   // line 36 px 26
000000000000   // line 36 px 27
000000000000   // line 36 px 28
000000000000   // line 36 px 29
000000000000   // line 36 px 30
000000000000   // line 36 px 31
000000000000   // line 36 px 32
000000000000   // line 36 px 33
000000000000   // line 36 px 34
000000000000   // line 36 px 35
000000000000   // line 36 px 36
000000000000   // line 36 px 37
000000000000   // line 36 px 38
0fff00000000   // line 36 px 39
0fff00000000   // line 37 px  0
000000000000   // line 37 px  1
000000000000   // line 37 px  2
000000000000   // line 37 px  3
000000000000   // line 37 px  4
000000000000   // line 37 px  5
000000000000   // line 37 px  6
000000000000   // line 37 px  7
000000000000   // line 37 px  8
000000000000   // line 37 px  9
000000000000   // line 37 px 10
000000000000   // line 37 px 11
000000000000   // line 37 px 12
000000000000   // line 37 px 13
000000000000   // line 37 px 14
000000000000   // line 37 px 15
000000000000   // line 37 px 16
000000000000   // line 37 px 17
000000000000   // line 37 px 18
000000000000   // line 37 px 19
0fff0fff0fff   // line 37 px 20
000000000000   // line 37 px 21
000000000000   // line 37 px 22
000000000000   // line 37 px 23
000000000000   // line 37 px 24
000000000000   // line 37 px 25
000000000000   // line 37 px 26
000000000000   // line 37 px 27
000000000000   // line 37 px 28
000000000000   // line 37 px 29
000000000000   // line 37 px 30
000000000000   // line 37 px 31
000000000000   // line 37 px 32
000000000000   // line 37 px 33
000000000000   // line 37 px 34
000000000000   // line 37 px 35
000000000000   // line 37 px 36
000000000000   // line 37 px 37
000000000000   // line 37 px 38
0fff00000000   // line 37 px 39
0fff00000000   // line 38 px  0
000000000000   // line 38 px  1
000000000000   // line 38 px  2
000000000000   // line 38 px  3
000000000000   // line 38 px  4
000000000000   // line 38 px  5
000000000000   // line 38 px  6
000000000000   // line 38 px  7
000000000000   // line 38 px  8
000000000000   // line 38 px  9
000000000000   // line 38 px 10
000000000000   // line 38 px 11
000000000000   // line 38 px 12
000000000000   // line 38 px 13
000000000000   // line 38 px 14
000000000000   // line 38 px 15
000000000000   // line 38 px 16
000000000000   // line 38 px 17
000000000000   // line 38 px 18
000000000000   // line 38 px 19
0fff0fff0fff   // line 38 px 20
000000000000   // line 38 px 21
000000000000   // line 38 px 22
000000000000   // line 38 px 23
000000000000   // line 38 px 24
000000000000   // line 38 px 25
000000000000   // line 38 px 26
000000000000   // line 38 px 27
000000000000   // line 38 px 28
000000000000   // line 38 px 29
000000000000   // line 38 px 30
000000000000   // line 38 px 31
000000000000   // line 38 px 32
000000000000   // line 38 px 33
000000000000   // line 38 px 34
000000000000   // line 38 px 35
000000000000   // line 38 px 36
000000000000   // line 38 px 37
000000000000   // line 38 px 38
0fff00000000   // line 38 px 39
0fff00000000   // line 39 px  0
000000000000   // line 39 px  1
000000000000   // line 39 px  2
000000000000   // line 39 px  3
000000000000   // line 39 px  4
000000000000   // line 39 px  5
000000000000   // line 39 px  6
000000000000   // line 39 px  7
000000000000   // line 39 px  8
000000000000   // line 39 px  9
000000000000   // line 39 px 10
000000000000   // line 39 px 11
000000000000   // line 39 px 12
000000000000   // line 39 px 13
000000000000   // line 39 px 14
000000000000   // line 39 px 15
000000000000   // line 39 px 16
000000000000   // line 39 px 17
000000000000   // line 39 px 18
000000000000   // line 39 px 19
0fff0fff0fff   // line 39 px 20
000000000000   // line 39 px 21
000000000000   // line 39 px 22
000000000000   // line 39 px 23
000000000000   // line 39 px 24
000000000000   // line 39 px 25
000000000000   // line 39 px 26
000000000000   // line 39 px 27
000000000000   // line 39 px 28
000000000000   // line 39 px 29
000000000000   // line 39 px 30
000000000000   // line 39 px 31
000000000000   // line 39 px 32
000000000000   // line 39 px 33
000000000000   // line 39 px 34
000000000000   // line 39 px 35
000000000000   // line 39 px 36
000000000000   // line 39 px 37
000000000000   // line 39 px 38
0fff00000000   // line 39 px 39
0fff00000000   // line 40 px  0
000000000000   // line 40 px  1
000000000000   // line 40 px  2
000000000000   // line 40 px  3
000000000000   // line 40 px  4
000000000000   // line 40 px  5
000000000000   // line 40 px  6
000000000000   // line 40 px  7
000000000000   // line 40 px  8
000000000000   // line 40 px  9
000000000000   // line 40 px 10
000000000000   // line 40 px 11
000000000000   // line 40 px 12
000000000000   // line 40 px 13
000000000000   // line 40 px 14
000000000000   // line 40 px 15
000000000000   // line 40 px 16
000000000000   // line 40 px 17
000000000000   // line 40 px 18
000000000000   // line 40 px 19
0fff0fff0fff   // line 40 px 20
000000000000   // line 40 px 21
000000000000   // line 40 px 22
000000000000   // line 40 px 23
000000000000   // line 40 px 24
000000000000   // line 40 px 25
000000000000   // line 40 px 26
000000000000   // line 40 px 27
000000000000   // line 40 px 28
000000000000   // line 40 px 29
000000000000   // line 40 px 30
000000000000   // line 40 px 31
000000000000   // line 40 px 32
000000000000   // line 40 px 33
000000000000   // line 40 px 34
000000000000   // line 40 px 35
000000000000   // line 40 px 36
000000000000   // line 40 px 37
000000000000   // line 40 px 38
0fff00000000   // line 40 px 39
0fff00000000   // line 41 px  0
000000000000   // line 41 px  1
000000000000   // line 41 px  2
000000000000   // line 41 px  3
000000000000   // line 41 px  4
000000000000   // line 41 px  5
000000000000   // line 41 px  6
000000000000   // line 41 px  7
000000000000   // line 41 px  8
000000000000   // line 41 px  9
000000000000   // line 41 px 10
000000000000   // line 41 px 11
000000000000   // line 41 px 12
000000000000   // line 41 px 13
000000000000   // line 41 px 14
000000000000   // line 41 px 15
000000000000   // line 41 px 16
000000000000   // line 41 px 17
000000000000   // line 41 px 18
000000000000   // line 41 px 19
0fff0fff0fff   // line 41 px 20
000000000000   // line 41 px 21
000000000000   // line 41 px 22
000000000000   // line 41 px 23
000000000000   // line 41 px 24
000000000000   // line 41 px 25
000000000000   // line 41 px 26
000000000000   // line 41 px 27
000000000000   // line 41 px 28
000000000000   // line 41 px 29
000000000000   // line 41 px 30
000000000000   // line 41 px 31
000000000000   // line 41 px 32
000000000000   // line 41 px 33
000000000000   // line 41 px 34
000000000000   // line 41 px 35
000000000000   // line 41 px 36
000000000000   // line 41 px 37
000000000000   // line 41 px 38
0fff00000000   // line 41 px 39
0fff00000000   // line 42 px  0
000000000000   // line 42 px  1
000000000000   // line 42 px  2
000000000000   // line 42 px  3
000000000000   // line 42 px  4
000000000000   // line 42 px  5
000000000000   // line 42 px  6
000000000000   // line 42 px  7
000000000000   // line 42 px  8
000000000000   // line 42 px  9
000000000000   // line 42 px 10
000000000000   // line 42 px 11
000000000000   // line 42 px 12
000000000000   // line 42 px 13
000000000000   // line 42 px 14
000000000000   // line 42 px 15
000000000000   // line 42 px 16
000000000000   // line 42 px 17
000000000000   // line 42 px 18
000000000000   // line 42 px 19
0fff0fff0fff   // line 42 px 20
000000000000   // line 42 px 21
000000000000   // line 42 px 22
000000000000   // line 42 px 23
000000000000   // line 42 px 24
000000000000   // line 42 px 25
000000000000   // line 42 px 26
000000000000   // line 42 px 27
000000000000   // line 42 px 28
000000000000   // line 42 px 29
000000000000   // line 42 px 30
000000000000   // line 42 px 31
000000000000   // line 42 px 32
000000000000   // line 42 px 33
000000000000   // line 42 px 34
000000000000   // line 42 px 35
000000000000   // line 42 px 36
000000000000   // line 42 px 37
000000000000   // line 42 px 38
0fff00000000   // line 42 px 39
0fff00000000   // line 43 px  0
000000000000   // line 43 px  1
000000000000   // line 43 px  2
000000000000   // line 43 px  3
000000000000   // line 43 px  4
000000000000   // line 43 px  5
000000000000   // line 43 px  6
000000000000   // line 43 px  7
000000000000   // line 43 px  8
000000000000   // line 43 px  9
000000000000   // line 43 px 10
000000000000   // line 43 px 11
000000000000   // line 43 px 12
000000000000   // line 43 px 13
000000000000   // line 43 px 14
000000000000   // line 43 px 15
000000000000   // line 43 px 16
000000000000   // line 43 px 17
000000000000   // line 43 px 18
000000000000   // line 43 px 19
0fff0fff0fff   // line 43 px 20
000000000000   // line 43 px 21
000000000000   // line 43 px 22
000000000000   // line 43 px 23
000000000000   // line 43 px 24
000000000000   // line 43 px 25
000000000000   // line 43 px 26
000000000000   // line 43 px 27
000000000000   // line 43 px 28
000000000000   // line 43 px 29
000000000000   // line 43 px 30
000000000000   // line 43 px 31
000000000000   // line 43 px 32
000000000000   // line 43 px 33
000000000000   // line 43 px 34
000000000000   // line 43 px 35
000000000000   // line 43 px 36
000000000000   // line 43 px 37
000000000000   // line 43 px 38
0fff00000000   // line 43 px 39
0fff00000000   // line 44 px  0
0fff00000000   // line 44 px  1
0fff00000000   // line 44 px  2
0fff00000000   // line 44 px  3
0fff00000000   // line 44 px  4
0fff00000000   // line 44 px  5
0fff00000000   // line 44 px  6
0fff00000000   // line 44 px  7
0fff00000000   // line 44 px  8
0fff00000000   // line 44 px  9
0fff00000000   // line 44 px 10
0fff00000000   // line 44 px 11
0fff00000000   // line 44 px 12
0fff00000000   // line 44 px 13
0fff00000000   // line 44 px 14
0fff00000000   // line 44 px 15
0fff00000000   // line 44 px 16
0fff00000000   // line 44 px 17
0fff00000000   // line 44 px 18
0fff00000000   // line 44 px 19
0fff0fff0fff   // line 44 px 20
0fff00000000   // line 44 px 21
0fff00000000   // line 44 px 22
0fff00000000   // line 44 px 23
0fff00000000   // line 44 px 24
0fff00000000   // line 44 px 25
0fff00000000   // line 44 px 26
0fff00000000   // line 44 px 27
0fff00000000   // line 44 px 28
0fff00000000   // line 44 px 29
0fff00000000   // line 44 px 30
0fff00000000   // line 44 px 31
0fff00000000   // line 44 px 32
0fff00000000   // line 44 px 33
0fff00000000   // line 44 px 34
0fff00000000   // line 44 px 35
0fff00000000   // line 44 px 36
0fff00000000   // line 44 px 37
0fff00000000   // line 44 px 38
0fff00000000   // line 44 px 39
0fff00000000   // line  0 px  0
0fff00000000   // line  0 px  1
0fff00000000   // line  0 px  2
0fff00000000   // line  0 px  3
0fff00000000   // line  0 px  4
0fff00000000   // line  0 px  5
0fff00000000   // line  0 px  6
0fff00000000   // line  0 px  7
0fff00000000   // line  0 px  8
0fff00000000   // line  0 px  9
0fff00000000   // line  0 px 10
0fff00000000   // line  0 px 11
0fff00000000   // line  0 px 12
0fff00000000   // line  0 px 13
0fff00000000   // line  0 px 14
0fff00000000   // line  0 px 15
0fff00000000   // line  0 px 16
0fff00000000   // line  0 px 17
0fff00000000   // line  0 px 18
0fff00000000   // line  0 px 19
0fff0fff0fff   // line  0 px 20
0fff00000000   // line  0 px 21
0fff00000000   // line  0 px 22
0fff00000000   // line  0 px 23
0fff00000000   // line  0 px 24
0fff00000000   // line  0 px 25
0fff00000000   // line  0 px 26
0fff00000000   // line  0 px 27
0fff00000000   // line  0 px 28
0fff00000000   // line  0 px 29
0fff00000000   // line  0 px 30
0fff00000000   // line  0 px 31
0fff00000000   // line  0 px 32
0fff00000000   // line  0 px 33
0fff00000000   // line  0 px 34
0fff00000000   // line  0 px 35
0fff00000000   // line  0 px 36
0fff00000000   // line  0 px 37
0fff00000000   // line  0 px 38
0fff00000000   // line  0 px 39
0fff00000000   // line  1 px  0
000000000000   // line  1 px  1
000000000000   // line  1 px  2
000000000000   // line  1 px  3
000000000000   // line  1 px  4
000000000000   // line  1 px  5
000000000000   // line  1 px  6
000000000000   // line  1 px  7
000000000000   // line  1 px  8
000000000000   // line  1 px  9
000000000000   // line  1 px 10
000000000000   // line  1 px 11
000000000000   // line  1 px 12
000000000000   // line  1 px 13
000000000000   // line  1 px 14
000000000000   // line  1 px 15
000000000000   // line  1 px 16
000000000000   // line  1 px 17
000000000000   // line  1 px 18
000000000000   // line  1 px 19
0fff0fff0fff   // line  1 px 20
000000000000   // line  1 px 21
000000000000   // line  1 px 22
000000000000   // line  1 px 23
000000000000   // line  1 px 24
000000000000   // line  1 px 25
000000000000   // line  1 px 26
000000000000   // line  1 px 27
000000000000   // line  1 px 28
000000000000   // line  1 px 29
000000000000   // line  1 px 30
000000000000   // line  1 px 31
000000000000   // line  1 px 32
000000000000   // line  1 px 33
000000000000   // line  1 px 34
000000000000   // line  1 px 35
000000000000   // line  1 px 36
000000000000   // line  1 px 37
000000000000   // line  1 px 38
0fff00000000   // line  1 px 39
0fff00000000   // line  2 px  0
000000000000   // line  2 px  1
000000000000   // line  2 px  2
000000000000   // line  2 px  3
000000000000   // line  2 px  4
000000000000   // line  2 px  5
000000000000   // line  2 px  6
000000000000   // line  2 px  7
000000000000   // line  2 px  8
000000000000   // line  2 px  9
000000000000   // line  2 px 10
000000000000   // line  2 px 11
000000000000   // line  2 px 12
000000000000   // line  2 px 13
000000000000   // line  2 px 14
000000000000   // line  2 px 15
000000000000   // line  2 px 16
000000000000   // line  2 px 17
000000000000   // line  2 px 18
000000000000   // line  2 px 19
0fff0fff0fff   // line  2 px 20
000000000000   // line  2 px 21
000000000000   // line  2 px 22
000000000000   // line  2 px 23
000000000000   // line  2 px 24
000000000000   // line  2 px 25
000000000000   // line  2 px 26
000000000000   // line  2 px 27
000000000000   // line  2 px 28
000000000000   // line  2 px 29
000000000000   // line  2 px 30
000000000000   // line  2 px 31
000000000000   // line  2 px 32
000000000000   // line  2 px 33
000000000000   // line  2 px 34
000000000000   // line  2 px 35
000000000000   // line  2 px 36
000000000000   // line  2 px 37
000000000000   // line  2 px 38
0fff00000000   // line  2 px 39
0fff00000000   // line  3 px  0
000000000000   // line  3 px  1
000000000000   // line  3 px  2
000000000000   // line  3 px  3
000000000000   // line  3 px  4
000000000000   // line  3 px  5
000000000000   // line  3 px  6
000000000000   // line  3 px  7
000000000000   // line  3 px  8
000000000000   // line  3 px  9
000000000000   // line  3 px 10
000000000000   // line  3 px 11
000000000000   // line  3 px 12
000000000000   // line  3 px 13
000000000000   // line  3 px 14
000000000000   // line  3 px 15
000000000000   // line  3 px 16
000000000000   // line  3 px 17
000000000000   // line  3 px 18
000000000000   // line  3 px 19
0fff0fff0fff   // line  3 px 20
000000000000   // line  3 px 21
000000000000   // line  3 px 22
000000000000   // line  3 px 23
000000000000   // line  3 px 24
000000000000   // line  3 px 25
000000000000   // line  3 px 26
000000000000   // line  3 px 27
000000000000   // line  3 px 28
000000000000   // line  3 px 29
000000000000   // line  3 px 30
000000000000   // line  3 px 31
000000000000   // line  3 px 32
000000000000   // line  3 px 33
000000000000   // line  3 px 34
000000000000   // line  3 px 35
000000000000   // line  3 px 36
000000000000   // line  3 px 37
000000000000   // line  3 px 38
0fff00000000   // line  3 px 39
0fff00000000   // line  4 px  0
000000000000   // line  4 px  1
000000000000   // line  4 px  2
000000000000   // line  4 px  3
000000000000   // line  4 px  4
000000000000   // line  4 px  5
000000000000   // line  4 px  6
000000000000   // line  4 px  7
000000000000   // line  4 px  8
000000000000   // line  4 px  9
000000000000   // line  4 px 10
000000000000   // line  4 px 11
000000000000   // line  4 px 12
000000000000   // line  4 px 13
000000000000   // line  4 px 14
000000000000   // line  4 px 15
000000000000   // line  4 px 16
000000000000   // line  4 px 17
000000000000   // line  4 px 18
000000000000   // line  4 px 19
0fff0fff0fff   // line  4 px 20
000000000000   // line  4 px 21
000000000000   // line  4 px 22
000000000000   // line  4 px 23
000000000000   // line  4 px 24
000000000000   // line  4 px 25
000000000000   // line  4 px 26
000000000000   // line  4 px 27
000000000000   // line  4 px 28
000000000000   // line  4 px 29
000000000000   // line  4 px 30
000000000000   // line  4 px 31
000000000000   // line  4 px 32
000000000000   // line  4 px 33
000000000000   // line  4 px 34
000000000000   // line  4 px 35
000000000000   // line  4 px 36
000000000000   // line  4 px 37
000000000000   // line  4 px 38
0fff00000000   // line  4 px 39
0fff00000000   // line  5 px  0
000000000000   // line  5 px  1
000000000000   // line  5 px  2
000000000000   // line  5 px  3
000000000000   // line  5 px  4
000000000000   // line  5 px  5
000000000000   // line  5 px  6
000000000000   // line  5 px  7
000000000000   // line  5 px  8
000000000000   // line  5 px  9
000000000000   // line  5 px 10
000000000000   // line  5 px 11
000000000000   // line  5 px 12
000000000000   // line  5 px 13
000000000000   // line  5 px 14
000000000000   // line  5 px 15
000000000000   // line  5 px 16
000000000000   // line  5 px 17
000000000000   // line  5 px 18
000000000000   // line  5 px 19
0fff0fff0fff   // line  5 px 20
000000000000   // line  5 px 21
000000000000   // line  5 px 22
000000000000   // line  5 px 23
000000000000   // line  5 px 24
000000000000   // line  5 px 25
000000000000   // line  5 px 26
000000000000   // line  5 px 27
000000000000   // line  5 px 28
000000000000   // line  5 px 29
000000000000   // line  5 px 30
000000000000   // line  5 px 31
000000000000   // line  5 px 32
000000000000   // line  5 px 33
000000000000   // line  5 px 34
000000000000   // line  5 px 35
000000000000   // line  5 px 36
000000000000   // line  5 px 37
000000000000   // line  5 px 38
0fff00000000   // line  5 px 39
0fff00000000   // line  6 px  0
000000000000   // line  6 px  1
000000000000   // line  6 px  2
000000000000   // line  6 px  3
000000000000   // line  6 px  4
000000000000   // line  6 px  5
000000000000   // line  6 px  6
000000000000   // line  6 px  7
000000000000   // line  6 px  8
000000000000   // line  6 px  9
000000000000   // line  6 px 10
000000000000   // line  6 px 11
000000000000   // line  6 px 12
000000000000   // line  6 px 13
000000000000   // line  6 px 14
000000000000   // line  6 px 15
000000000000   // line  6 px 16
000000000000   // line  6 px 17
000000000000   // line  6 px 18
000000000000   // line  6 px 19
0fff0fff0fff   // line  6 px 20
000000000000   // line  6 px 21
000000000000   // line  6 px 22
000000000000   // line  6 px 23
000000000000   // line  6 px 24
000000000000   // line  6 px 25
000000000000   // line  6 px 26
000000000000   // line  6 px 27
000000000000   // line  6 px 28
000000000000   // line  6 px 29
000000000000   // line  6 px 30
000000000000   // line  6 px 31
000000000000   // line  6 px 32
000000000000   // line  6 px 33
000000000000   // line  6 px 34
000000000000   // line  6 px 35
000000000000   // line  6 px 36
000000000000   // line  6 px 37
000000000000   // line  6 px 38
0fff00000000   // line  6 px 39
0fff00000000   // line  7 px  0
000000000000   // line  7 px  1
000000000000   // line  7 px  2
000000000000   // line  7 px  3
000000000000   // line  7 px  4
000000000000   // line  7 px  5
000000000000   // line  7 px  6
000000000000   // line  7 px  7
000000000000   // line  7 px  8
000000000000   // line  7 px  9
000000000000   // line  7 px 10
000000000000   // line  7 px 11
000000000000   // line  7 px 12
000000000000   // line  7 px 13
000000000000   // line  7 px 14
000000000000   // line  7 px 15
000000000000   // line  7 px 16
000000000000   // line  7 px 17
000000000000   // line  7 px 18
000000000000   // line  7 px 19
0fff0fff0fff   // line  7 px 20
000000000000   // line  7 px 21
000000000000   // line  7 px 22
000000000000   // line  7 px 23
000000000000   // line  7 px 24
000000000000   // line  7 px 25
000000000000   // line  7 px 26
000000000000   // line  7 px 27
000000000000   // line  7 px 28
000000000000   // line  7 px 29
000000000000   // line  7 px 30
000000000000   // line  7 px 31
000000000000   // line  7 px 32
000000000000   // line  7 px 33
000000000000   // line  7 px 34
000000000000   // line  7 px 35
000000000000   // line  7 px 36
000000000000   // line  7 px 37
000000000000   // line  7 px 38
0fff00000000   // line  7 px 39
0fff00000000   // line  8 px  0
000000000000   // line  8 px  1
000000000000   // line  8 px  2
000000000000   // line  8 px  3
000000000000   // line  8 px  4
000000000000   // line  8 px  5
000000000000   // line  8 px  6
000000000000   // line  8 px  7
000000000000   // line  8 px  8
000000000000   // line  8 px  9
000000000000   // line  8 px 10
000000000000   // line  8 px 11
000000000000   // line  8 px 12
000000000000   // line  8 px 13
000000000000   // line  8 px 14
000000000000   // line  8 px 15
000000000000   // line  8 px 16
000000000000   // line  8 px 17
000000000000   // line  8 px 18
000000000000   // line  8 px 19
0fff0fff0fff   // line  8 px 20
000000000000   // line  8 px 21
000000000000   // line  8 px 22
000000000000   // line  8 px 23
000000000000   // line  8 px 24
000000000000   // line  8 px 25
000000000000   // line  8 px 26
000000000000   // line  8 px 27
000000000000   // line  8 px 28
000000000000   // line  8 px 29
000000000000   // line  8 px 30
000000000000   // line  8 px 31
000000000000   // line  8 px 32
000000000000   // line  8 px 33
000000000000   // line  8 px 34
000000000000   // line  8 px 35
000000000000   // line  8 px 36
000000000000   // line  8 px 37
000000000000   // line  8 px 38
0fff00000000   // line  8 px 39
0fff00000000   // line  9 px  0
000000000000   // line  9 px  1
000000000000   // line  9 px  2
000000000000   // line  9 px  3
000000000000   // line  9 px  4
000000000000   // line  9 px  5
000000000000   // line  9 px  6
000000000000   // line  9 px  7
000000000000   // line  9 px  8
000000000000   // line  9 px  9
000000000000   // line  9 px 10
000000000000   // line  9 px 11
000000000000   // line  9 px 12
000000000000   // line  9 px 13
000000000000   // line  9 px 14
000000000000   // line  9 px 15
000000000000   // line  9 px 16
000000000000   // line  9 px 17
000000000000   // line  9 px 18
000000000000   // line  9 px 19
0fff0fff0fff   // line  9 px 20
000000000000   // line  9 px 21
000000000000   // line  9 px 22
000000000000   // line  9 px 23
000000000000   // line  9 px 24
000000000000   // line  9 px 25
000000000000   // line  9 px 26
000000000000   // line  9 px 27
000000000000   // line  9 px 28
000000000000   // line  9 px 29
000000000000   // line  9 px 30
000000000000   // line  9 px 31
000000000000   // line  9 px 32
000000000000   // line  9 px 33
000000000000   // line  9 px 34
000000000000   // line  9 px 35
000000000000   // line  9 px 36
000000000000   // line  9 px 37
000000000000   // line  9 px 38
0fff00000000   // line  9 px 39
0fff00000000   // line 10 px  0
000000000000   // line 10 px  1
000000000000   // line 10 px  2
000000000000   // line 10 px  3
000000000000   // line 10 px  4
000000000000   // line 10 px  5
000000000000   // line 10 px  6
000000000000   // line 10 px  7
000000000000   // line 10 px  8
000000000000   // line 10 px  9
000000000000   // line 10 px 10
000000000000   // line 10 px 11
000000000000   // line 10 px 12
000000000000   // line 10 px 13
000000000000   // line 10 px 14
000000000000   // line 10 px 15
000000000000   // line 10 px 16
000000000000   // line 10 px 17
000000000000   // line 10 px 18
000000000000   // line 10 px 19
0fff0fff0fff   // line 10 px 20
000000000000   // line 10 px 21
000000000000   // line 10 px 22
000000000000   // line 10 px 23
000000000000   // line 10 px 24
000000000000   // line 10 px 25
000000000000   // line 10 px 26
000000000000   // line 10 px 27
000000000000   // line 10 px 28
000000000000   // line 10 px 29
000000000000   // line 10 px 30
000000000000   // line 10 px 31
000000000000   // line 10 px 32
000000000000   // line 10 px 33
000000000000   // line 10 px 34
000000000000   // line 10 px 35
000000000000   // line 10 px 36
000000000000   // line 10 px 37
000000000000   // line 10 px 38
0fff00000000   // line 10 px 39
0fff00000000   // line 11 px  0
000000000000   // line 11 px  1
000000000000   // line 11 px  2
000000000000   // line 11 px  3
000000000000   // line 11 px  4
000000000000   // line 11 px  5
000000000000   // line 11 px  6
000000000000   // line 11 px  7
000000000000   // line 11 px  8
000000000000   // line 11 px  9
000000000000   // line 11 px 10
000000000000   // line 11 px 11
000000000000   // line 11 px 12
000000000000   // line 11 px 13
000000000000   // line 11 px 14
000000000000   // line 11 px 15
000000000000   // line 11 px 16
000000000000   // line 11 px 17
000000000000   // line 11 px 18
000000000000   // line 11 px 19
0fff0fff0fff   // line 11 px 20
000000000000   // line 11 px 21
000000000000   // line 11 px 22
000000000000   // line 11 px 23
000000000000   // line 11 px 24
000000000000   // line 11 px 25
000000000000   // line 11 px 26
000000000000   // line 11 px 27
000000000000   // line 11 px 28
000000000000   // line 11 px 29
000000000000   // line 11 px 30
000000000000   // line 11 px 31
000000000000   // line 11 px 32
000000000000   // line 11 px 33
000000000000   // line 11 px 34
000000000000   // line 11 px 35
000000000000   // line 11 px 36
000000000000   // line 11 px 37
000000000000   // line 11 px 38
0fff00000000   // line 11 px 39
0fff00000000   // line 12 px  0
000000000000   // line 12 px  1
000000000000   // line 12 px  2
000000000000   // line 12 px  3
000000000000   // line 12 px  4
000000000000   // line 12 px  5
000000000000   // line 12 px  6
000000000000   // line 12 px  7
000000000000   // line 12 px  8
000000000000   // line 12 px  9
000000000000   // line 12 px 10
000000000000   // line 12 px 11
000000000000   // line 12 px 12
000000000000   // line 12 px 13
000000000000   // line 12 px 14
000000000000   // line 12 px 15
000000000000   // line 12 px 16
000000000000   // line 12 px 17
000000000000   // line 12 px 18
000000000000   // line 12 px 19
0fff0fff0fff   // line 12 px 20
000000000000   // line 12 px 21
000000000000   // line 12 px 22
000000000000   // line 12 px 23
000000000000   // line 12 px 24
000000000000   // line 12 px 25
000000000000   // line 12 px 26
000000000000   // line 12 px 27
000000000000   // line 12 px 28
000000000000   // line 12 px 29
000000000000   // line 12 px 30
000000000000   // line 12 px 31
000000000000   // line 12 px 32
000000000000   // line 12 px 33
000000000000   // line 12 px 34
000000000000   // line 12 px 35
000000000000   // line 12 px 36
000000000000   // line 12 px 37
000000000000   // line 12 px 38
0fff00000000   // line 12 px 39
0fff00000000   // line 13 px  0
000000000000   // line 13 px  1
000000000000   // line 13 px  2
000000000000   // line 13 px  3
000000000000   // line 13 px  4
000000000000   // line 13 px  5
000000000000   // line 13 px  6
000000000000   // line 13 px  7
000000000000   // line 13 px  8
000000000000   // line 13 px  9
000000000000   // line 13 px 10
000000000000   // line 13 px 11
000000000000   // line 13 px 12
000000000000   // line 13 px 13
000000000000   // line 13 px 14
000000000000   // line 13 px 15
000000000000   // line 13 px 16
000000000000   // line 13 px 17
000000000000   // line 13 px 18
000000000000   // line 13 px 19
0fff0fff0fff   // line 13 px 20
000000000000   // line 13 px 21
000000000000   // line 13 px 22
000000000000   // line 13 px 23
000000000000   // line 13 px 24
000000000000   // line 13 px 25
000000000000   // line 13 px 26
000000000000   // line 13 px 27
000000000000   // line 13 px 28
000000000000   // line 13 px 29
000000000000   // line 13 px 30
000000000000   // line 13 px 31
000000000000   // line 13 px 32
000000000000   // line 13 px 33
000000000000   // line 13 px 34
000000000000   // line 13 px 35
000000000000   // line 13 px 36
000000000000   // line 13 px 37
000000000000   // line 13 px 38
0fff00000000   // line 13 px 39
0fff00000000   // line 14 px  0
000000000000   // line 14 px  1
000000000000   // line 14 px  2
000000000000   // line 14 px  3
000000000000   // line 14 px  4
000000000000   // line 14 px  5
000000000000   // line 14 px  6
000000000000   // line 14 px  7
000000000000   // line 14 px  8
000000000000   // line 14 px  9
000000000000   // line 14 px 10
000000000000   // line 14 px 11
000000000000   // line 14 px 12
000000000000   // line 14 px 13
000000000000   // line 14 px 14
000000000000   // line 14 px 15
000000000000   // line 14 px 16
000000000000   // line 14 px 17
000000000000   // line 14 px 18
000000000000   // line 14 px 19
0fff0fff0fff   // line 14 px 20
000000000000   // line 14 px 21
000000000000   // line 14 px 22
000000000000   // line 14 px 23
000000000000   // line 14 px 24
000000000000   // line 14 px 25
000000000000   // line 14 px 26
000000000000   // line 14 px 27
000000000000   // line 14 px 28
000000000000   // line 14 px 29
000000000000   // line 14 px 30
000000000000   // line 14 px 31
000000000000   // line 14 px 32
000000000000   // line 14 px 33
000000000000   // line 14 px 34
000000000000   // line 14 px 35
000000000000   // line 14 px 36
000000000000   // line 14 px 37
000000000000   // line 14 px 38
0fff00000000   // line 14 px 39
0fff00000000   // line 15 px  0
000000000000   // line 15 px  1
000000000000   // line 15 px  2
000000000000   // line 15 px  3
000000000000   // line 15 px  4
000000000000   // line 15 px  5
000000000000   // line 15 px  6
000000000000   // line 15 px  7
000000000000   // line 15 px  8
000000000000   // line 15 px  9
000000000000   // line 15 px 10
000000000000   // line 15 px 11
000000000000   // line 15 px 12
000000000000   // line 15 px 13
000000000000   // line 15 px 14
000000000000   // line 15 px 15
000000000000   // line 15 px 16
000000000000   // line 15 px 17
000000000000   // line 15 px 18
000000000000   // line 15 px 19
0fff0fff0fff   // line 15 px 20
000000000000   // line 15 px 21
000000000000   // line 15 px 22
000000000000   // line 15 px 23
000000000000   // line 15 px 24
000000000000   // line 15 px 25
000000000000   // line 15 px 26
000000000000   // line 15 px 27
000000000000   // line 15 px 28
000000000000   // line 15 px 29
000000000000   // line 15 px 30
000000000000   // line 15 px 31
000000000000   // line 15 px 32
000000000000   // line 15 px 33
000000000000   // line 15 px 34
000000000000   // line 15 px 35
000000000000   // line 15 px 36
000000000000   // line 15 px 37
000000000000   // line 15 px 38
0fff00000000   // line 15 px 39
0fff00000000   // line 16 px  0
000000000000   // line 16 px  1
000000000000   // line 16 px  2
000000000000   // line 16 px  3
000000000000   // line 16 px  4
000000000000   // line 16 px  5
000000000000   // line 16 px  6
000000000000   // line 16 px  7
000000000000   // line 16 px  8
000000000000   // line 16 px  9
000000000000   // line 16 px 10
000000000000   // line 16 px 11
000000000000   // line 16 px 12
000000000000   // line 16 px 13
000000000000   // line 16 px 14
000000000000   // line 16 px 15
000000000000   // line 16 px 16
000000000000   // line 16 px 17
000000000000   // line 16 px 18
000000000000   // line 16 px 19
0fff0fff0fff   // line 16 px 20
000000000000   // line 16 px 21
000000000000   // line 16 px 22
000000000000   // line 16 px 23
000000000000   // line 16 px 24
000000000000   // line 16 px 25
000000000000   // line 16 px 26
000000000000   // line 16 px 27
000000000000   // line 16 px 28
000000000000   // line 16 px 29
000000000000   // line 16 px 30
000000000000   // line 16 px 31
000000000000   // line 16 px 32
000000000000   // line 16 px 33
000000000000   // line 16 px 34
000000000000   // line 16 px 35
000000000000   // line 16 px 36
000000000000   // line 16 px 37
000000000000   // line 16 px 38
0fff00000000   // line 16 px 39
0fff00000000   // line 17 px  0
000000000000   // line 17 px  1
000000000000   // line 17 px  2
000000000000   // line 17 px  3
000000000000   // line 17 px  4
000000000000   // line 17 px  5
000000000000   // line 17 px  6
000000000000   // line 17 px  7
000000000000   // line 17 px  8
000000000000   // line 17 px  9
000000000000   // line 17 px 10
000000000000   // line 17 px 11
000000000000   // line 17 px 12
000000000000   // line 17 px 13
000000000000   // line 17 px 14
000000000000   // line 17 px 15
000000000000   // line 17 px 16
000000000000   // line 17 px 17
000000000000   // line 17 px 18
000000000000   // line 17 px 19
0fff0fff0fff   // line 17 px 20
000000000000   // line 17 px 21
000000000000   // line 17 px 22
000000000000   // line 17 px 23
000000000000   // line 17 px 24
000000000000   // line 17 px 25
000000000000   // line 17 px 26
000000000000   // line 17 px 27
000000000000   // line 17 px 28
000000000000   // line 17 px 29
000000000000   // line 17 px 30
000000000000   // line 17 px 31
000000000000   // line 17 px 32
000000000000   // line 17 px 33
000000000000   // line 17 px 34
000000000000   // line 17 px 35
000000000000   // line 17 px 36
000000000000   // line 17 px 37
000000000000   // line 17 px 38
0fff00000000   // line 17 px 39
0fff00000000   // line 18 px  0
000000000000   // line 18 px  1
000000000000   // line 18 px  2
000000000000   // line 18 px  3
000000000000   // line 18 px  4
000000000000   // line 18 px  5
000000000000   // line 18 px  6
000000000000   // line 18 px  7
000000000000   // line 18 px  8
000000000000   // line 18 px  9
000000000000   // line 18 px 10
000000000000   // line 18 px 11
000000000000   // line 18 px 12
000000000000   // line 18 px 13
000000000000   // line 18 px 14
000000000000   // line 18 px 15
000000000000   // line 18 px 16
000000000000   // line 18 px 17
000000000000   // line 18 px 18
000000000000   // line 18 px 19
0fff0fff0fff   // line 18 px 20
000000000000   // line 18 px 21
000000000000   // line 18 px 22
000000000000   // line 18 px 23
000000000000   // line 18 px 24
000000000000   // line 18 px 25
000000000000   // line 18 px 26
000000000000   // line 18 px 27
000000000000   // line 18 px 28
000000000000   // line 18 px 29
000000000000   // line 18 px 30
000000000000   // line 18 px 31
000000000000   // line 18 px 32
000000000000   // line 18 px 33
000000000000   // line 18 px 34
000000000000   // line 18 px 35
000000000000   // line 18 px 36
000000000000   // line 18 px 37
000000000000   // line 18 px 38
0fff00000000   // line 18 px 39
0fff00000000   // line 19 px  0
000000000000   // line 19 px  1
000000000000   // line 19 px  2
000000000000   // line 19 px  3
000000000000   // line 19 px  4
000000000000   // line 19 px  5
000000000000   // line 19 px  6
000000000000   // line 19 px  7
000000000000   // line 19 px  8
000000000000   // line 19 px  9
000000000000   // line 19 px 10
000000000000   // line 19 px 11
000000000000   // line 19 px 12
000000000000   // line 19 px 13
000000000000   // line 19 px 14
000000000000   // line 19 px 15
000000000000   // line 19 px 16
000000000000   // line 19 px 17
000000000000   // line 19 px 18
000000000000   // line 19 px 19
0fff0fff0fff   // line 19 px 20
000000000000   // line 19 px 21
000000000000   // line 19 px 22
000000000000   // line 19 px 23
000000000000   // line 19 px 24
000000000000   // line 19 px 25
000000000000   // line 19 px 26
000000000000   // line 19 px 27
000000000000   // line 19 px 28
000000000000   // line 19 px 29
000000000000   // line 19 px 30
000000000000   // line 19 px 31
000000000000   // line 19 px 32
000000000000   // line 19 px 33
000000000000   // line 19 px 34
000000000000   // line 19 px 35
000000000000   // line 19 px 36
000000000000   // line 19 px 37
000000000000   // line 19 px 38
0fff00000000   // line 19 px 39
0fff00000000   // line 20 px  0
000000000000   // line 20 px  1
000000000000   // line 20 px  2
000000000000   // line 20 px  3
000000000000   // line 20 px  4
000000000000   // line 20 px  5
000000000000   // line 20 px  6
000000000000   // line 20 px  7
000000000000   // line 20 px  8
000000000000   // line 20 px  9
000000000000   // line 20 px 10
000000000000   // line 20 px 11
000000000000   // line 20 px 12
000000000000   // line 20 px 13
000000000000   // line 20 px 14
000000000000   // line 20 px 15
000000000000   // line 20 px 16
000000000000   // line 20 px 17
000000000000   // line 20 px 18
000000000000   // line 20 px 19
0fff0fff0fff   // line 20 px 20
000000000000   // line 20 px 21
000000000000   // line 20 px 22
000000000000   // line 20 px 23
000000000000   // line 20 px 24
000000000000   // line 20 px 25
000000000000   // line 20 px 26
000000000000   // line 20 px 27
000000000000   // line 20 px 28
000000000000   // line 20 px 29
000000000000   // line 20 px 30
000000000000   // line 20 px 31
000000000000   // line 20 px 32
000000000000   // line 20 px 33
000000000000   // line 20 px 34
000000000000   // line 20 px 35
000000000000   // line 20 px 36
000000000000   // line 20 px 37
000000000000   // line 20 px 38
0fff00000000   // line 20 px 39
0fff00000000   // line 21 px  0
000000000000   // line 21 px  1
000000000000   // line 21 px  2
000000000000   // line 21 px  3
000000000000   // line 21 px  4
000000000000   // line 21 px  5
000000000000   // line 21 px  6
000000000000   // line 21 px  7
000000000000   // line 21 px  8
000000000000   // line 21 px  9
000000000000   // line 21 px 10
000000000000   // line 21 px 11
000000000000   // line 21 px 12
000000000000   // line 21 px 13
000000000000   // line 21 px 14
000000000000   // line 21 px 15
000000000000   // line 21 px 16
000000000000   // line 21 px 17
000000000000   // line 21 px 18
000000000000   // line 21 px 19
0fff0fff0fff   // line 21 px 20
000000000000   // line 21 px 21
000000000000   // line 21 px 22
000000000000   // line 21 px 23
000000000000   // line 21 px 24
000000000000   // line 21 px 25
000000000000   // line 21 px 26
000000000000   // line 21 px 27
000000000000   // line 21 px 28
000000000000   // line 21 px 29
000000000000   // line 21 px 30
000000000000   // line 21 px 31
000000000000   // line 21 px 32
000000000000   // line 21 px 33
000000000000   // line 21 px 34
000000000000   // line 21 px 35
000000000000   // line 21 px 36
000000000000   // line 21 px 37
000000000000   // line 21 px 38
0fff00000000   // line 21 px 39
0fff0fff0fff   // line 22 px  0
0fff0fff0fff   // line 22 px  1
0fff0fff0fff   // line 22 px  2
0fff0fff0fff   // line 22 px  3
0fff0fff0fff   // line 22 px  4
0fff0fff0fff   // line 22 px  5
0fff0fff0fff   // line 22 px  6
0fff0fff0fff   // line 22 px  7
0fff0fff0fff   // line 22 px  8
0fff0fff0fff   // line 22 px  9
0fff0fff0fff   // line 22 px 10
0fff0fff0fff   // line 22 px 11
0fff0fff0fff   // line 22 px 12
0fff0fff0fff   // line 22 px 13
0fff0fff0fff   // line 22 px 14
0fff0fff0fff   // line 22 px 15
0fff0fff0fff   // line 22 px 16
0fff0fff0fff   // line 22 px 17
0fff0fff0fff   // line 22 px 18
0fff0fff0fff   // line 22 px 19
0fff0fff0fff   // line 22 px 20
0fff0fff0fff   // line 22 px 21
0fff0fff0fff   // line 22 px 22
0fff0fff0fff   // line 22 px 23
0fff0fff0fff   // line 22 px 24
0fff0fff0fff   // line 22 px 25
0fff0fff0fff   // line 22 px 26
0fff0fff0fff   // line 22 px 27
0fff0fff0fff   // line 22 px 28
0fff0fff0fff   // line 22 px 29
0fff0fff0fff   // line 22 px 30
0fff0fff0fff   // line 22 px 31
0fff0fff0fff   // line 22 px 32
0fff0fff0fff   // line 22 px 33
0fff0fff0fff   // line 22 px 34
0fff0fff0fff   // line 22 px 35
0fff0fff0fff   // line 22 px 36
0fff0fff0fff   // line 22 px 37
0fff0fff0fff   // line 22 px 38
0fff0fff0fff   // line 22 px 39
0fff00000000   // line 23 px  0
000000000000   // line 23 px  1
000000000000   // line 23 px  2
000000000000   // line 23 px  3
000000000000   // line 23 px  4
000000000000   // line 23 px  5
000000000000   // line 23 px  6
000000000000   // line 23 px  7
000000000000   // line 23 px  8
000000000000   // line 23 px  9
000000000000   // line 23 px 10
000000000000   // line 23 px 11
000000000000   // line 23 px 12
000000000000   // line 23 px 13
000000000000   // line 23 px 14
000000000000   // line 23 px 15
000000000000   // line 23 px 16
000000000000   // line 23 px 17
000000000000   // line 23 px 18
000000000000   // line 23 px 19
0fff0fff0fff   // line 23 px 20
000000000000   // line 23 px 21
000000000000   // line 23 px 22
000000000000   // line 23 px 23
000000000000   // line 23 px 24
000000000000   // line 23 px 25
000000000000   // line 23 px 26
000000000000   // line 23 px 27
000000000000   // line 23 px 28
000000000000   // line 23 px 29
000000000000   // line 23 px 30
000000000000   // line 23 px 31
000000000000   // line 23 px 32
000000000000   // line 23 px 33
000000000000   // line 23 px 34
000000000000   // line 23 px 35
000000000000   // line 23 px 36
000000000000   // line 23 px 37
000000000000   // line 23 px 38
0fff00000000   // line 23 px 39
0fff00000000   // line 24 px  0
000000000000   // line 24 px  1
000000000000   // line 24 px  2
000000000000   // line 24 px  3
000000000000   // line 24 px  4
000000000000   // line 24 px  5
000000000000   // line 24 px  6
000000000000   // line 24 px  7
000000000000   // line 24 px  8
000000000000   // line 24 px  9
000000000000   // line 24 px 10
000000000000   // line 24 px 11
000000000000   // line 24 px 12
000000000000   // line 24 px 13
000000000000   // line 24 px 14
000000000000   // line 24 px 15
000000000000   // line 24 px 16
000000000000   // line 24 px 17
000000000000   // line 24 px 18
000000000000   // line 24 px 19
0fff0fff0fff   // line 24 px 20
000000000000   // line 24 px 21
000000000000   // line 24 px 22
000000000000   // line 24 px 23
000000000000   // line 24 px 24
000000000000   // line 24 px 25
000000000000   // line 24 px 26
000000000000   // line 24 px 27
000000000000   // line 24 px 28
000000000000   // line 24 px 29
000000000000   // line 24 px 30
000000000000   // line 24 px 31
000000000000   // line 24 px 32
000000000000   // line 24 px 33
000000000000   // line 24 px 34
000000000000   // line 24 px 35
000000000000   // line 24 px 36
000000000000   // line 24 px 37
000000000000   // line 24 px 38
0fff00000000   // line 24 px 39
0fff00000000   // line 25 px  0
000000000000   // line 25 px  1
000000000000   // line 25 px  2
000000000000   // line 25 px  3
000000000000   // line 25 px  4
000000000000   // line 25 px  5
000000000000   // line 25 px  6
000000000000   // line 25 px  7
000000000000   // line 25 px  8
000000000000   // line 25 px  9
000000000000   // line 25 px 10
000000000000   // line 25 px 11
000000000000   // line 25 px 12
000000000000   // line 25 px 13
000000000000   // line 25 px 14
000000000000   // line 25 px 15
000000000000   // line 25 px 16
000000000000   // line 25 px 17
000000000000   // line 25 px 18
000000000000   // line 25 px 19
0fff0fff0fff   // line 25 px 20
000000000000   // line 25 px 21
000000000000   // line 25 px 22
000000000000   // line 25 px 23
000000000000   // line 25 px 24
000000000000   // line 25 px 25
000000000000   // line 25 px 26
000000000000   // line 25 px 27
000000000000   // line 25 px 28
000000000000   // line 25 px 29
000000000000   // line 25 px 30
000000000000   // line 25 px 31
000000000000   // line 25 px 32
000000000000   // line 25 px 33
000000000000   // line 25 px 34
000000000000   // line 25 px 35
000000000000   // line 25 px 36
000000000000   // line 25 px 37
000000000000   // line 25 px 38
0fff00000000   // line 25 px 39
0fff00000000   // line 26 px  0
000000000000   // line 26 px  1
000000000000   // line 26 px  2
000000000000   // line 26 px  3
000000000000   // line 26 px  4
000000000000   // line 26 px  5
000000000000   // line 26 px  6
000000000000   // line 26 px  7
000000000000   // line 26 px  8
000000000000   // line 26 px  9
000000000000   // line 26 px 10
000000000000   // line 26 px 11
000000000000   // line 26 px 12
000000000000   // line 26 px 13
000000000000   // line 26 px 14
000000000000   // line 26 px 15
000000000000   // line 26 px 16
000000000000   // line 26 px 17
000000000000   // line 26 px 18
000000000000   // line 26 px 19
0fff0fff0fff   // line 26 px 20
000000000000   // line 26 px 21
000000000000   // line 26 px 22
000000000000   // line 26 px 23
000000000000   // line 26 px 24
000000000000   // line 26 px 25
000000000000   // line 26 px 26
000000000000   // line 26 px 27
000000000000   // line 26 px 28
000000000000   // line 26 px 29
000000000000   // line 26 px 30
000000000000   // line 26 px 31
000000000000   // line 26 px 32
000000000000   // line 26 px 33
000000000000   // line 26 px 34
000000000000   // line 26 px 35
000000000000   // line 26 px 36
000000000000   // line 26 px 37
000000000000   // line 26 px 38
0fff00000000   // line 26 px 39
0fff00000000   // line 27 px  0
000000000000   // line 27 px  1
000000000000   // line 27 px  2
000000000000   // line 27 px  3
000000000000   // line 27 px  4
000000000000   // line 27 px  5
000000000000   // line 27 px  6
000000000000   // line 27 px  7
000000000000   // line 27 px  8
000000000000   // line 27 px  9
000000000000   // line 27 px 10
000000000000   // line 27 px 11
000000000000   // line 27 px 12
000000000000   // line 27 px 13
000000000000   // line 27 px 14
000000000000   // line 27 px 15
000000000000   // line 27 px 16
000000000000   // line 27 px 17
000000000000   // line 27 px 18
000000000000   // line 27 px 19
0fff0fff0fff   // line 27 px 20
000000000000   // line 27 px 21
000000000000   // line 27 px 22
000000000000   // line 27 px 23
000000000000   // line 27 px 24
000000000000   // line 27 px 25
000000000000   // line 27 px 26
000000000000   // line 27 px 27
000000000000   // line 27 px 28
000000000000   // line 27 px 29
000000000000   // line 27 px 30
000000000000   // line 27 px 31
000000000000   // line 27 px 32
000000000000   // line 27 px 33
000000000000   // line 27 px 34
000000000000   // line 27 px 35
000000000000   // line 27 px 36
000000000000   // line 27 px 37
000000000000   // line 27 px 38
0fff00000000   // line 27 px 39
0fff00000000   // line 28 px  0
000000000000   // line 28 px  1
000000000000   // line 28 px  2
000000000000   // line 28 px  3
000000000000   // line 28 px  4
000000000000   // line 28 px  5
000000000000   // line 28 px  6
000000000000   // line 28 px  7
000000000000   // line 28 px  8
000000000000   // line 28 px  9
000000000000   // line 28 px 10
000000000000   // line 28 px 11
000000000000   // line 28 px 12
000000000000   // line 28 px 13
000000000000   // line 28 px 14
000000000000   // line 28 px 15
000000000000   // line 28 px 16
000000000000   // line 28 px 17
000000000000   // line 28 px 18
000000000000   // line 28 px 19
0fff0fff0fff   // line 28 px 20
000000000000   // line 28 px 21
000000000000   // line 28 px 22
000000000000   // line 28 px 23
000000000000   // line 28 px 24
000000000000   // line 28 px 25
000000000000   // line 28 px 26
000000000000   // line 28 px 27
000000000000   // line 28 px 28
000000000000   // line 28 px 29
000000000000   // line 28 px 30
000000000000   // line 28 px 31
000000000000   // line 28 px 32
000000000000   // line 28 px 33
000000000000   // line 28 px 34
000000000000   // line 28 px 35
000000000000   // line 28 px 36
000000000000   // line 28 px 37
000000000000   // line 28 px 38
0fff00000000   // line 28 px 39
0fff00000000   // line 29 px  0
000000000000   // line 29 px  1
000000000000   // line 29 px  2
000000000000   // line 29 px  3
000000000000   // line 29 px  4
000000000000   // line 29 px  5
000000000000   // line 29 px  6
000000000000   // line 29 px  7
000000000000   // line 29 px  8
000000000000   // line 29 px  9
000000000000   // line 29 px 10
000000000000   // line 29 px 11
000000000000   // line 29 px 12
000000000000   // line 29 px 13
000000000000   // line 29 px 14
000000000000   // line 29 px 15
000000000000   // line 29 px 16
000000000000   // line 29 px 17
000000000000   // line 29 px 18
000000000000   // line 29 px 19
0fff0fff0fff   // line 29 px 20
000000000000   // line 29 px 21
000000000000   // line 29 px 22
000000000000   // line 29 px 23
000000000000   // line 29 px 24
000000000000   // line 29 px 25
000000000000   // line 29 px 26
000000000000   // line 29 px 27
000000000000   // line 29 px 28
000000000000   // line 29 px 29
000000000000   // line 29 px 30
000000000000   // line 29 px 31
000000000000   // line 29 px 32
000000000000   // line 29 px 33
000000000000   // line 29 px 34
000000000000   // line 29 px 35
000000000000   // line 29 px 36
000000000000   // line 29 px 37
000000000000   // line 29 px 38
0fff00000000   // line 29 px 39
0fff00000000   // line 30 px  0
000000000000   // line 30 px  1
000000000000   // line 30 px  2
000000000000   // line 30 px  3
000000000000   // line 30 px  4
000000000000   // line 30 px  5
000000000000   // line 30 px  6
000000000000   // line 30 px  7
000000000000   // line 30 px  8
000000000000   // line 30 px  9
000000000000   // line 30 px 10
000000000000   // line 30 px 11
000000000000   // line 30 px 12
000000000000   // line 30 px 13
000000000000   // line 30 px 14
000000000000   // line 30 px 15
000000000000   // line 30 px 16
000000000000   // line 30 px 17
000000000000   // line 30 px 18
000000000000   // line 30 px 19
0fff0fff0fff   // line 30 px 20
000000000000   // line 30 px 21
000000000000   // line 30 px 22
000000000000   // line 30 px 23
000000000000   // line 30 px 24
000000000000   // line 30 px 25
000000000000   // line 30 px 26
000000000000   // line 30 px 27
000000000000   // line 30 px 28
000000000000   // line 30 px 29
000000000000   // line 30 px 30
000000000000   // line 30 px 31
000000000000   // line 30 px 32
000000000000   // line 30 px 33
000000000000   // line 30 px 34
000000000000   // line 30 px 35
000000000000   // line 30 px 36
000000000000   // line 30 px 37
000000000000   // line 30 px 38
0fff00000000   // line 30 px 39
0fff00000000   // line 31 px  0
000000000000   // line 31 px  1
000000000000   // line 31 px  2
000000000000   // line 31 px  3
000000000000   // line 31 px  4
000000000000   // line 31 px  5
000000000000   // line 31 px  6
000000000000   // line 31 px  7
000000000000   // line 31 px  8
000000000000   // line 31 px  9
000000000000   // line 31 px 10
000000000000   // line 31 px 11
000000000000   // line 31 px 12
000000000000   // line 31 px 13
000000000000   // line 31 px 14
000000000000   // line 31 px 15
000000000000   // line 31 px 16
000000000000   // line 31 px 17
000000000000   // line 31 px 18
000000000000   // line 31 px 19
0fff0fff0fff   // line 31 px 20
000000000000   // line 31 px 21
000000000000   // line 31 px 22
000000000000   // line 31 px 23
000000000000   // line 31 px 24
000000000000   // line 31 px 25
000000000000   // line 31 px 26
000000000000   // line 31 px 27
000000000000   // line 31 px 28
000000000000   // line 31 px 29
000000000000   // line 31 px 30
000000000000   // line 31 px 31
000000000000   // line 31 px 32
000000000000   // line 31 px 33
000000000000   // line 31 px 34
000000000000   // line 31 px 35
000000000000   // line 31 px 36
000000000000   // line 31 px 37
000000000000   // line 31 px 38
0fff00000000   // line 31 px 39
0fff00000000   // line 32 px  0
000000000000   // line 32 px  1
000000000000   // line 32 px  2
000000000000   // line 32 px  3
000000000000   // line 32 px  4
000000000000   // line 32 px  5
000000000000   // line 32 px  6
000000000000   // line 32 px  7
000000000000   // line 32 px  8
000000000000   // line 32 px  9
000000000000   // line 32 px 10
000000000000   // line 32 px 11
000000000000   // line 32 px 12
000000000000   // line 32 px 13
000000000000   // line 32 px 14
000000000000   // line 32 px 15
000000000000   // line 32 px 16
000000000000   // line 32 px 17
000000000000   // line 32 px 18
000000000000   // line 32 px 19
0fff0fff0fff   // line 32 px 20
000000000000   // line 32 px 21
000000000000   // line 32 px 22
000000000000   // line 32 px 23
000000000000   // line 32 px 24
000000000000   // line 32 px 25
000000000000   // line 32 px 26
000000000000   // line 32 px 27
000000000000   // line 32 px 28
000000000000   // line 32 px 29
000000000000   // line 32 px 30
000000000000   // line 32 px 31
000000000000   // line 32 px 32
000000000000   // line 32 px 33
000000000000   // line 32 px 34
000000000000   // line 32 px 35
000000000000   // line 32 px 36
000000000000   // line 32 px 37
000000000000   // line 32 px 38
0fff00000000   // line 32 px 39
0fff00000000   // line 33 px  0
000000000000   // line 33 px  1
000000000000   // line 33 px  2
000000000000   // line 33 px  3
000000000000   // line 33 px  4
000000000000   // line 33 px  5
000000000000   // line 33 px  6
000000000000   // line 33 px  7
000000000000   // line 33 px  8
000000000000   // line 33 px  9
000000000000   // line 33 px 10
000000000000   // line 33 px 11
000000000000   // line 33 px 12
000000000000   // line 33 px 13
000000000000   // line 33 px 14
000000000000   // line 33 px 15
000000000000   // line 33 px 16
000000000000   // line 33 px 17
000000000000   // line 33 px 18
000000000000   // line 33 px 19
0fff0fff0fff   // line 33 px 20
000000000000   // line 33 px 21
000000000000   // line 33 px 22
000000000000   // line 33 px 23
000000000000   // line 33 px 24
000000000000   // line 33 px 25
000000000000   // line 33 px 26
000000000000   // line 33 px 27
000000000000   // line 33 px 28
000000000000   // line 33 px 29
000000000000   // line 33 px 30
000000000000   // line 33 px 31
000000000000   // line 33 px 32
000000000000   // line 33 px 33
000000000000   // line 33 px 34
000000000000   // line 33 px 35
000000000000   // line 33 px 36
000000000000   // line 33 px 37
000000000000   // line 33 px 38
0fff00000000   // line 33 px 39
0fff00000000   // line 34 px  0
000000000000   // line 34 px  1
000000000000   // line 34 px  2
000000000000   // line 34 px  3
000000000000   // line 34 px  4
000000000000   // line 34 px  5
000000000000   // line 34 px  6
000000000000   // line 34 px  7
000000000000   // line 34 px  8
000000000000   // line 34 px  9
000000000000   // line 34 px 10
000000000000   // line 34 px 11
000000000000   // line 34 px 12
000000000000   // line 34 px 13
000000000000   // line 34 px 14
000000000000   // line 34 px 15
000000000000   // line 34 px 16
000000000000   // line 34 px 17
000000000000   // line 34 px 18
000000000000   // line 34 px 19
0fff0fff0fff   // line 34 px 20
000000000000   // line 34 px 21
000000000000   // line 34 px 22
000000000000   // line 34 px 23
000000000000   // line 34 px 24
000000000000   // line 34 px 25
000000000000   // line 34 px 26
000000000000   // line 34 px 27
000000000000   // line 34 px 28
000000000000   // line 34 px 29
000000000000   // line 34 px 30
000000000000   // line 34 px 31
000000000000   // line 34 px 32
000000000000   // line 34 px 33
000000000000   // line 34 px 34
000000000000   // line 34 px 35
000000000000   // line 34 px 36
000000000000   // line 34 px 37
000000000000   // line 34 px 38
0fff00000000   // line 34 px 39
0fff00000000   // line 35 px  0
000000000000   // line 35 px  1
000000000000   // line 35 px  2
000000000000   // line 35 px  3
000000000000   // line 35 px  4
000000000000   // line 35 px  5
000000000000   // line 35 px  6
000000000000   // line 35 px  7
000000000000   // line 35 px  8
000000000000   // line 35 px  9
000000000000   // line 35 px 10
000000000000   // line 35 px 11
000000000000   // line 35 px 12
000000000000   // line 35 px 13
000000000000   // line 35 px 14
000000000000   // line 35 px 15
000000000000   // line 35 px 16
000000000000   // line 35 px 17
000000000000   // line 35 px 18
000000000000   // line 35 px 19
0fff0fff0fff   // line 35 px 20
000000000000   // line 35 px 21
000000000000   // line 35 px 22
000000000000   // line 35 px 23
000000000000   // line 35 px 24
000000000000   // line 35 px 25
000000000000   // line 35 px 26
000000000000   // line 35 px 27
000000000000   // line 35 px 28
000000000000   // line 35 px 29
000000000000   // line 35 px 30
000000000000   // line 35 px 31
000000000000   // line 35 px 32
000000000000   // line 35 px 33
000000000000   // line 35 px 34
000000000000   // line 35 px 35
000000000000   // line 35 px 36
000000000000   // line 35 px 37
000000000000   // line 35 px 38
0fff00000000   // line 35 px 39
0fff00000000   // line 36 px  0
000000000000   // line 36 px  1
000000000000   // line 36 px  2
000000000000   // line 36 px  3
000000000000   // line 36 px  4
000000000000   // line 36 px  5
000000000000   // line 36 px  6
000000000000   // line 36 px  7
000000000000   // line 36 px  8
000000000000   // line 36 px  9
000000000000   // line 36 px 10
000000000000   // line 36 px 11
000000000000   // line 36 px 12
000000000000   // line 36 px 13
000000000000   // line 36 px 14
000000000000   // line 36 px 15
000000000000   // line 36 px 16
000000000000   // line 36 px 17
000000000000   // line 36 px 18
000000000000   // line 36 px 19
0fff0fff0fff   // line 36 px 20
000000000000   // line 36 px 21
000000000000   // line 36 px 22
000000000000   // line 36 px 23
000000000000   // line 36 px 24
000000000000   // line 36 px 25
000000000000   // line 36 px 26
000000000000   // line 36 px 27
000000000000   // line 36 px 28
000000000000   // line 36 px 29
000000000000   // line 36 px 30
000000000000   // line 36 px 31
000000000000   // line 36 px 32
000000000000   // line 36 px 33
000000000000   // line 36 px 34
000000000000   // line 36 px 35
000000000000   // line 36 px 36
000000000000   // line 36 px 37
000000000000   // line 36 px 38
0fff00000000   // line 36 px 39
0fff00000000   // line 37 px  0
000000000000   // line 37 px  1
000000000000   // line 37 px  2
000000000000   // line 37 px  3
000000000000   // line 37 px  4
000000000000   // line 37 px  5
000000000000   // line 37 px  6
000000000000   // line 37 px  7
000000000000   // line 37 px  8
000000000000   // line 37 px  9
000000000000   // line 37 px 10
000000000000   // line 37 px 11
000000000000   // line 37 px 12
000000000000   // line 37 px 13
000000000000   // line 37 px 14
000000000000   // line 37 px 15
000000000000   // line 37 px 16
000000000000   // line 37 px 17
000000000000   // line 37 px 18
000000000000   // line 37 px 19
0fff0fff0fff   // line 37 px 20
000000000000   // line 37 px 21
000000000000   // line 37 px 22
000000000000   // line 37 px 23
000000000000   // line 37 px 24
000000000000   // line 37 px 25
000000000000   // line 37 px 26
000000000000   // line 37 px 27
000000000000   // line 37 px 28
000000000000   // line 37 px 29
000000000000   // line 37 px 30
000000000000   // line 37 px 31
000000000000   // line 37 px 32
000000000000   // line 37 px 33
000000000000   // line 37 px 34
000000000000   // line 37 px 35
000000000000   // line 37 px 36
000000000000   // line 37 px 37
000000000000   // line 37 px 38
0fff00000000   // line 37 px 39
0fff00000000   // line 38 px  0
000000000000   // line 38 px  1
000000000000   // line 38 px  2
000000000000   // line 38 px  3
000000000000   // line 38 px  4
000000000000   // line 38 px  5
000000000000   // line 38 px  6
000000000000   // line 38 px  7
000000000000   // line 38 px  8
000000000000   // line 38 px  9
000000000000   // line 38 px 10
000000000000   // line 38 px 11
000000000000   // line 38 px 12
000000000000   // line 38 px 13
000000000000   // line 38 px 14
000000000000   // line 38 px 15
000000000000   // line 38 px 16
000000000000   // line 38 px 17
000000000000   // line 38 px 18
000000000000   // line 38 px 19
0fff0fff0fff   // line 38 px 20
000000000000   // line 38 px 21
000000000000   // line 38 px 22
000000000000   // line 38 px 23
000000000000   // line 38 px 24
000000000000   // line 38 px 25
000000000000   // line 38 px 26
000000000000   // line 38 px 27
000000000000   // line 38 px 28
000000000000   // line 38 px 29
000000000000   // line 38 px 30
000000000000   // line 38 px 31
000000000000   // line 38 px 32
000000000000   // line 38 px 33
000000000000   // line 38 px 34
000000000000   // line 38 px 35
000000000000   // line 38 px 36
000000000000   // line 38 px 37
000000000000   // line 38 px 38
0fff00000000   // line 38 px 39
0fff00000000   // line 39 px  0
000000000000   // line 39 px  1
000000000000   // line 39 px  2
000000000000   // line 39 px  3
000000000000   // line 39 px  4
000000000000   // line 39 px  5
000000000000   // line 39 px  6
000000000000   // line 39 px  7
000000000000   // line 39 px  8
000000000000   // line 39 px  9
000000000000   // line 39 px 10
000000000000   // line 39 px 11
000000000000   // line 39 px 12
000000000000   // line 39 px 13
000000000000   // line 39 px 14
000000000000   // line 39 px 15
000000000000   // line 39 px 16
000000000000   // line 39 px 17
000000000000   // line 39 px 18
000000000000   // line 39 px 19
0fff0fff0fff   // line 39 px 20
000000000000   // line 39 px 21
000000000000   // line 39 px 22
000000000000   // line 39 px 23
000000000000   // line 39 px 24
000000000000   // line 39 px 25
000000000000   // line 39 px 26
000000000000   // line 39 px 27
000000000000   // line 39 px 28
000000000000   // line 39 px 29
000000000000   // line 39 px 30
000000000000   // line 39 px 31
000000000000   // line 39 px 32
000000000000   // line 39 px 33
000000000000   // line 39 px 34
000000000000   // line 39 px 35
000000000000   // line 39 px 36
000000000000   // line 39 px 37
000000000000   // line 39 px 38
0fff00000000   // line 39 px 39
0fff00000000   // line 40 px  0
000000000000   // line 40 px  1
000000000000   // line 40 px  2
000000000000   // line 40 px  3
000000000000   // line 40 px  4
000000000000   // line 40 px  5
000000000000   // line 40 px  6
000000000000   // line 40 px  7
000000000000   // line 40 px  8
000000000000   // line 40 px  9
000000000000   // line 40 px 10
000000000000   // line 40 px 11
000000000000   // line 40 px 12
000000000000   // line 40 px 13
000000000000   // line 40 px 14
000000000000   // line 40 px 15
000000000000   // line 40 px 16
000000000000   // line 40 px 17
000000000000   // line 40 px 18
000000000000   // line 40 px 19
0fff0fff0fff   // line 40 px 20
000000000000   // line 40 px 21
000000000000   // line 40 px 22
000000000000   // line 40 px 23
000000000000   // line 40 px 24
000000000000   // line 40 px 25
000000000000   // line 40 px 26
000000000000   // line 40 px 27
000000000000   // line 40 px 28
000000000000   // line 40 px 29
000000000000   // line 40 px 30
000000000000   // line 40 px 31
000000000000   // line 40 px 32
000000000000   // line 40 px 33
000000000000   // line 40 px 34
000000000000   // line 40 px 35
000000000000   // line 40 px 36
000000000000   // line 40 px 37
000000000000   // line 40 px 38
0fff00000000   // line 40 px 39
0fff00000000   // line 41 px  0
000000000000   // line 41 px  1
000000000000   // line 41 px  2
000000000000   // line 41 px  3
000000000000   // line 41 px  4
000000000000   // line 41 px  5
000000000000   // line 41 px  6
000000000000   // line 41 px  7
000000000000   // line 41 px  8
000000000000   // line 41 px  9
000000000000   // line 41 px 10
000000000000   // line 41 px 11
000000000000   // line 41 px 12
000000000000   // line 41 px 13
000000000000   // line 41 px 14
000000000000   // line 41 px 15
000000000000   // line 41 px 16
000000000000   // line 41 px 17
000000000000   // line 41 px 18
000000000000   // line 41 px 19
0fff0fff0fff   // line 41 px 20
000000000000   // line 41 px 21
000000000000   // line 41 px 22
000000000000   // line 41 px 23
000000000000   // line 41 px 24
000000000000   // line 41 px 25
000000000000   // line 41 px 26
000000000000   // line 41 px 27
000000000000   // line 41 px 28
000000000000   // line 41 px 29
000000000000   // line 41 px 30
000000000000   // line 41 px 31
000000000000   // line 41 px 32
000000000000   // line 41 px 33
000000000000   // line 41 px 34
000000000000   // line 41 px 35
000000000000   // line 41 px 36
000000000000   // line 41 px 37
000000000000   // line 41 px 38
0fff00000000   // line 41 px 39
0fff00000000   // line 42 px  0
000000000000   // line 42 px  1
000000000000   // line 42 px  2
000000000000   // line 42 px  3
000000000000   // line 42 px  4
000000000000   // line 42 px  5
000000000000   // line 42 px  6
000000000000   // line 42 px  7
000000000000   // line 42 px  8
000000000000   // line 42 px  9
000000000000   // line 42 px 10
000000000000   // line 42 px 11
000000000000   // line 42 px 12
000000000000   // line 42 px 13
000000000000   // line 42 px 14
000000000000   // line 42 px 15
000000000000   // line 42 px 16
000000000000   // line 42 px 17
000000000000   // line 42 px 18
000000000000   // line 42 px 19
0fff0fff0fff   // line 42 px 20
000000000000   // line 42 px 21
000000000000   // line 42 px 22
000000000000   // line 42 px 23
000000000000   // line 42 px 24
000000000000   // line 42 px 25
000000000000   // line 42 px 26
000000000000   // line 42 px 27
000000000000   // line 42 px 28
000000000000   // line 42 px 29
000000000000   // line 42 px 30
000000000000   // line 42 px 31
000000000000   // line 42 px 32
000000000000   // line 42 px 33
000000000000   // line 42 px 34
000000000000   // line 42 px 35
000000000000   // line 42 px 36
000000000000   // line 42 px 37
000000000000   // line 42 px 38
0fff00000000   // line 42 px 39
0fff00000000   // line 43 px  0
000000000000   // line 43 px  1
000000000000   // line 43 px  2
000000000000   // line 43 px  3
000000000000   // line 43 px  4
000000000000   // line 43 px  5
000000000000   // line 43 px  6
000000000000   // line 43 px  7
000000000000   // line 43 px  8
000000000000   // line 43 px  9
000000000000   // line 43 px 10
000000000000   // line 43 px 11
000000000000   // line 43 px 12
000000000000   // line 43 px 13
000000000000   // line 43 px 14
000000000000   // line 43 px 15
000000000000   // line 43 px 16
000000000000   // line 43 px 17
000000000000   // line 43 px 18
000000000000   // line 43 px 19
0fff0fff0fff   // line 43 px 20
000000000000   // line 43 px 21
000000000000   // line 43 px 22
000000000000   // line 43 px 23
000000000000   // line 43 px 24
000000000000   // line 43 px 25
000000000000   // line 43 px 26
000000000000   // line 43 px 27
000000000000   // line 43 px 28
000000000000   // line 43 px 29
000000000000   // line 43 px 30
000000000000   // line 43 px 31
000000000000   // line 43 px 32
000000000000   // line 43 px 33
000000000000   // line 43 px 34
000000000000   // line 43 px 35
000000000000   // line 43 px 36
000000000000   // line 43 px 37
000000000000   // line 43 px 38
0fff00000000   // line 43 px 39
0fff00000000   // line 44 px  0
0fff00000000   // line 44 px  1
0fff00000000   // line 44 px  2
0fff00000000   // line 44 px  3
0fff00000000   // line 44 px  4
0fff00000000   // line 44 px  5
0fff00000000   // line 44 px  6
0fff00000000   // line 44 px  7
0fff00000000   // line 44 px  8
0fff00000000   // line 44 px  9
0fff00000000   // line 44 px 10
0fff00000000   // line 44 px 11
0fff00000000   // line 44 px 12
0fff00000000   // line 44 px 13
0fff00000000   // line 44 px 14
0fff00000000   // line 44 px 15
0fff00000000   // line 44 px 16
0fff00000000   // line 44 px 17
0fff00000000   // line 44 px 18
0fff00000000   // line 44 px 19
0fff0fff0fff   // line 44 px 20
0fff00000000   // line 44 px 21
0fff00000000   // line 44 px 22
0fff00000000   // line 44 px 23
0fff00000000   // line 44 px 24
0fff00000000   // line 44 px 25
0fff00000000   // line 44 px 26
0fff00000000   // line 44 px 27
0fff00000000   // line 44 px 28
0fff00000000   // line 44 px 29
0fff00000000   // line 44 px 30
0fff00000000   // line 44 px 31
0fff00000000   // line 44 px 32
0fff00000000   // line 44 px 33
0fff00000000   // line 44 px 34
0fff00000000   // line 44 px 35
0fff00000000   // line 44 px 36
0fff00000000   // line 44 px 37
0fff00000000   // line 44 px 38
0fff00000000   // line 44 px 39
0fff00000000   // line  0 px  0
0fff00000000   // line  0 px  1
0fff00000000   // line  0 px  2
0fff00000000   // line  0 px  3
0fff00000000   // line  0 px  4
0fff00000000   // line  0 px  5
0fff00000000   // line  0 px  6
0fff00000000   // line  0 px  7
0fff00000000   // line  0 px  8
0fff00000000   // line  0 px  9
0fff00000000   // line  0 px 10
0fff00000000   // line  0 px 11
0fff00000000   // line  0 px 12
0fff00000000   // line  0 px 13
0fff00000000   // line  0 px 14
0fff00000000   // line  0 px 15
0fff00000000   // line  0 px 16
0fff00000000   // line  0 px 17
0fff00000000   // line  0 px 18
0fff00000000   // line  0 px 19
0fff0fff0fff   // line  0 px 20
0fff00000000   // line  0 px 21
0fff00000000   // line  0 px 22
0fff00000000   // line  0 px 23
0fff00000000   // line  0 px 24
0fff00000000   // line  0 px 25
0fff00000000   // line  0 px 26
0fff00000000   // line  0 px 27
0fff00000000   // line  0 px 28
0fff00000000   // line  0 px 29
0fff00000000   // line  0 px 30
0fff00000000   // line  0 px 31
0fff00000000   // line  0 px 32
0fff00000000   // line  0 px 33
0fff00000000   // line  0 px 34
0fff00000000   // line  0 px 35
0fff00000000   // line  0 px 36
0fff00000000   // line  0 px 37
0fff00000000   // line  0 px 38
0fff00000000   // line  0 px 39
0fff00000000   // line  1 px  0
000000000000   // line  1 px  1
000000000000   // line  1 px  2
000000000000   // line  1 px  3
000000000000   // line  1 px  4
000000000000   // line  1 px  5
000000000000   // line  1 px  6
000000000000   // line  1 px  7
000000000000   // line  1 px  8
000000000000   // line  1 px  9
000000000000   // line  1 px 10
000000000000   // line  1 px 11
000000000000   // line  1 px 12
000000000000   // line  1 px 13
000000000000   // line  1 px 14
000000000000   // line  1 px 15
000000000000   // line  1 px 16
000000000000   // line  1 px 17
000000000000   // line  1 px 18
000000000000   // line  1 px 19
0fff0fff0fff   // line  1 px 20
000000000000   // line  1 px 21
000000000000   // line  1 px 22
000000000000   // line  1 px 23
000000000000   // line  1 px 24
000000000000   // line  1 px 25
000000000000   // line  1 px 26
000000000000   // line  1 px 27
000000000000   // line  1 px 28
000000000000   // line  1 px 29
000000000000   // line  1 px 30
000000000000   // line  1 px 31
000000000000   // line  1 px 32
000000000000   // line  1 px 33
000000000000   // line  1 px 34
000000000000   // line  1 px 35
000000000000   // line  1 px 36
000000000000   // line  1 px 37
000000000000   // line  1 px 38
0fff00000000   // line  1 px 39
0fff00000000   // line  2 px  0
000000000000   // line  2 px  1
000000000000   // line  2 px  2
000000000000   // line  2 px  3
000000000000   // line  2 px  4
000000000000   // line  2 px  5
000000000000   // line  2 px  6
000000000000   // line  2 px  7
000000000000   // line  2 px  8
000000000000   // line  2 px  9
000000000000   // line  2 px 10
000000000000   // line  2 px 11
000000000000   // line  2 px 12
000000000000   // line  2 px 13
000000000000   // line  2 px 14
000000000000   // line  2 px 15
000000000000   // line  2 px 16
000000000000   // line  2 px 17
000000000000   // line  2 px 18
000000000000   // line  2 px 19
0fff0fff0fff   // line  2 px 20
000000000000   // line  2 px 21
000000000000   // line  2 px 22
000000000000   // line  2 px 23
000000000000   // line  2 px 24
000000000000   // line  2 px 25
000000000000   // line  2 px 26
000000000000   // line  2 px 27
000000000000   // line  2 px 28
000000000000   // line  2 px 29
000000000000   // line  2 px 30
000000000000   // line  2 px 31
000000000000   // line  2 px 32
000000000000   // line  2 px 33
000000000000   // line  2 px 34
000000000000   // line  2 px 35
000000000000   // line  2 px 36
000000000000   // line  2 px 37
000000000000   // line  2 px 38
0fff00000000   // line  2 px 39
0fff00000000   // line  3 px  0
000000000000   // line  3 px  1
000000000000   // line  3 px  2
000000000000   // line  3 px  3
000000000000   // line  3 px  4
000000000000   // line  3 px  5
000000000000   // line  3 px  6
000000000000   // line  3 px  7
000000000000   // line  3 px  8
000000000000   // line  3 px  9
000000000000   // line  3 px 10
000000000000   // line  3 px 11
000000000000   // line  3 px 12
000000000000   // line  3 px 13
000000000000   // line  3 px 14
000000000000   // line  3 px 15
000000000000   // line  3 px 16
000000000000   // line  3 px 17
000000000000   // line  3 px 18
000000000000   // line  3 px 19
0fff0fff0fff   // line  3 px 20
000000000000   // line  3 px 21
000000000000   // line  3 px 22
000000000000   // line  3 px 23
000000000000   // line  3 px 24
000000000000   // line  3 px 25
000000000000   // line  3 px 26
000000000000   // line  3 px 27
000000000000   // line  3 px 28
000000000000   // line  3 px 29
000000000000   // line  3 px 30
000000000000   // line  3 px 31
000000000000   // line  3 px 32
000000000000   // line  3 px 33
000000000000   // line  3 px 34
000000000000   // line  3 px 35
000000000000   // line  3 px 36
000000000000   // line  3 px 37
000000000000   // line  3 px 38
0fff00000000   // line  3 px 39
0fff00000000   // line  4 px  0
000000000000   // line  4 px  1
000000000000   // line  4 px  2
000000000000   // line  4 px  3
000000000000   // line  4 px  4
000000000000   // line  4 px  5
000000000000   // line  4 px  6
000000000000   // line  4 px  7
000000000000   // line  4 px  8
000000000000   // line  4 px  9
000000000000   // line  4 px 10
000000000000   // line  4 px 11
000000000000   // line  4 px 12
000000000000   // line  4 px 13
000000000000   // line  4 px 14
000000000000   // line  4 px 15
000000000000   // line  4 px 16
000000000000   // line  4 px 17
000000000000   // line  4 px 18
000000000000   // line  4 px 19
0fff0fff0fff   // line  4 px 20
000000000000   // line  4 px 21
000000000000   // line  4 px 22
000000000000   // line  4 px 23
000000000000   // line  4 px 24
000000000000   // line  4 px 25
000000000000   // line  4 px 26
000000000000   // line  4 px 27
000000000000   // line  4 px 28
000000000000   // line  4 px 29
000000000000   // line  4 px 30
000000000000   // line  4 px 31
000000000000   // line  4 px 32
000000000000   // line  4 px 33
000000000000   // line  4 px 34
000000000000   // line  4 px 35
000000000000   // line  4 px 36
000000000000   // line  4 px 37
000000000000   // line  4 px 38
0fff00000000   // line  4 px 39
0fff00000000   // line  5 px  0
000000000000   // line  5 px  1
000000000000   // line  5 px  2
000000000000   // line  5 px  3
000000000000   // line  5 px  4
000000000000   // line  5 px  5
000000000000   // line  5 px  6
000000000000   // line  5 px  7
000000000000   // line  5 px  8
000000000000   // line  5 px  9
000000000000   // line  5 px 10
000000000000   // line  5 px 11
000000000000   // line  5 px 12
000000000000   // line  5 px 13
000000000000   // line  5 px 14
000000000000   // line  5 px 15
000000000000   // line  5 px 16
000000000000   // line  5 px 17
000000000000   // line  5 px 18
000000000000   // line  5 px 19
0fff0fff0fff   // line  5 px 20
000000000000   // line  5 px 21
000000000000   // line  5 px 22
000000000000   // line  5 px 23
000000000000   // line  5 px 24
000000000000   // line  5 px 25
000000000000   // line  5 px 26
000000000000   // line  5 px 27
000000000000   // line  5 px 28
000000000000   // line  5 px 29
000000000000   // line  5 px 30
000000000000   // line  5 px 31
000000000000   // line  5 px 32
000000000000   // line  5 px 33
000000000000   // line  5 px 34
000000000000   // line  5 px 35
000000000000   // line  5 px 36
000000000000   // line  5 px 37
000000000000   // line  5 px 38
0fff00000000   // line  5 px 39
0fff00000000   // line  6 px  0
000000000000   // line  6 px  1
000000000000   // line  6 px  2
000000000000   // line  6 px  3
000000000000   // line  6 px  4
000000000000   // line  6 px  5
000000000000   // line  6 px  6
000000000000   // line  6 px  7
000000000000   // line  6 px  8
000000000000   // line  6 px  9
000000000000   // line  6 px 10
000000000000   // line  6 px 11
000000000000   // line  6 px 12
000000000000   // line  6 px 13
000000000000   // line  6 px 14
000000000000   // line  6 px 15
000000000000   // line  6 px 16
000000000000   // line  6 px 17
000000000000   // line  6 px 18
000000000000   // line  6 px 19
0fff0fff0fff   // line  6 px 20
000000000000   // line  6 px 21
000000000000   // line  6 px 22
000000000000   // line  6 px 23
000000000000   // line  6 px 24
000000000000   // line  6 px 25
000000000000   // line  6 px 26
000000000000   // line  6 px 27
000000000000   // line  6 px 28
000000000000   // line  6 px 29
000000000000   // line  6 px 30
000000000000   // line  6 px 31
000000000000   // line  6 px 32
000000000000   // line  6 px 33
000000000000   // line  6 px 34
000000000000   // line  6 px 35
000000000000   // line  6 px 36
000000000000   // line  6 px 37
000000000000   // line  6 px 38
0fff00000000   // line  6 px 39
0fff00000000   // line  7 px  0
000000000000   // line  7 px  1
000000000000   // line  7 px  2
000000000000   // line  7 px  3
000000000000   // line  7 px  4
000000000000   // line  7 px  5
000000000000   // line  7 px  6
000000000000   // line  7 px  7
000000000000   // line  7 px  8
000000000000   // line  7 px  9
000000000000   // line  7 px 10
000000000000   // line  7 px 11
000000000000   // line  7 px 12
000000000000   // line  7 px 13
000000000000   // line  7 px 14
000000000000   // line  7 px 15
000000000000   // line  7 px 16
000000000000   // line  7 px 17
000000000000   // line  7 px 18
000000000000   // line  7 px 19
0fff0fff0fff   // line  7 px 20
000000000000   // line  7 px 21
000000000000   // line  7 px 22
000000000000   // line  7 px 23
000000000000   // line  7 px 24
000000000000   // line  7 px 25
000000000000   // line  7 px 26
000000000000   // line  7 px 27
000000000000   // line  7 px 28
000000000000   // line  7 px 29
000000000000   // line  7 px 30
000000000000   // line  7 px 31
000000000000   // line  7 px 32
000000000000   // line  7 px 33
000000000000   // line  7 px 34
000000000000   // line  7 px 35
000000000000   // line  7 px 36
000000000000   // line  7 px 37
000000000000   // line  7 px 38
0fff00000000   // line  7 px 39
0fff00000000   // line  8 px  0
000000000000   // line  8 px  1
000000000000   // line  8 px  2
000000000000   // line  8 px  3
000000000000   // line  8 px  4
000000000000   // line  8 px  5
000000000000   // line  8 px  6
000000000000   // line  8 px  7
000000000000   // line  8 px  8
000000000000   // line  8 px  9
000000000000   // line  8 px 10
000000000000   // line  8 px 11
000000000000   // line  8 px 12
000000000000   // line  8 px 13
000000000000   // line  8 px 14
000000000000   // line  8 px 15
000000000000   // line  8 px 16
000000000000   // line  8 px 17
000000000000   // line  8 px 18
000000000000   // line  8 px 19
0fff0fff0fff   // line  8 px 20
000000000000   // line  8 px 21
000000000000   // line  8 px 22
000000000000   // line  8 px 23
000000000000   // line  8 px 24
000000000000   // line  8 px 25
000000000000   // line  8 px 26
000000000000   // line  8 px 27
000000000000   // line  8 px 28
000000000000   // line  8 px 29
000000000000   // line  8 px 30
000000000000   // line  8 px 31
000000000000   // line  8 px 32
000000000000   // line  8 px 33
000000000000   // line  8 px 34
000000000000   // line  8 px 35
000000000000   // line  8 px 36
000000000000   // line  8 px 37
000000000000   // line  8 px 38
0fff00000000   // line  8 px 39
0fff00000000   // line  9 px  0
000000000000   // line  9 px  1
000000000000   // line  9 px  2
000000000000   // line  9 px  3
000000000000   // line  9 px  4
000000000000   // line  9 px  5
000000000000   // line  9 px  6
000000000000   // line  9 px  7
000000000000   // line  9 px  8
000000000000   // line  9 px  9
000000000000   // line  9 px 10
000000000000   // line  9 px 11
000000000000   // line  9 px 12
000000000000   // line  9 px 13
000000000000   // line  9 px 14
000000000000   // line  9 px 15
000000000000   // line  9 px 16
000000000000   // line  9 px 17
000000000000   // line  9 px 18
000000000000   // line  9 px 19
0fff0fff0fff   // line  9 px 20
000000000000   // line  9 px 21
000000000000   // line  9 px 22
000000000000   // line  9 px 23
000000000000   // line  9 px 24
000000000000   // line  9 px 25
000000000000   // line  9 px 26
000000000000   // line  9 px 27
000000000000   // line  9 px 28
000000000000   // line  9 px 29
000000000000   // line  9 px 30
000000000000   // line  9 px 31
000000000000   // line  9 px 32
000000000000   // line  9 px 33
000000000000   // line  9 px 34
000000000000   // line  9 px 35
000000000000   // line  9 px 36
000000000000   // line  9 px 37
000000000000   // line  9 px 38
0fff00000000   // line  9 px 39
0fff00000000   // line 10 px  0
000000000000   // line 10 px  1
000000000000   // line 10 px  2
000000000000   // line 10 px  3
000000000000   // line 10 px  4
000000000000   // line 10 px  5
000000000000   // line 10 px  6
000000000000   // line 10 px  7
000000000000   // line 10 px  8
000000000000   // line 10 px  9
000000000000   // line 10 px 10
000000000000   // line 10 px 11
000000000000   // line 10 px 12
000000000000   // line 10 px 13
000000000000   // line 10 px 14
000000000000   // line 10 px 15
000000000000   // line 10 px 16
000000000000   // line 10 px 17
000000000000   // line 10 px 18
000000000000   // line 10 px 19
0fff0fff0fff   // line 10 px 20
000000000000   // line 10 px 21
000000000000   // line 10 px 22
000000000000   // line 10 px 23
000000000000   // line 10 px 24
000000000000   // line 10 px 25
000000000000   // line 10 px 26
000000000000   // line 10 px 27
000000000000   // line 10 px 28
000000000000   // line 10 px 29
000000000000   // line 10 px 30
000000000000   // line 10 px 31
000000000000   // line 10 px 32
000000000000   // line 10 px 33
000000000000   // line 10 px 34
000000000000   // line 10 px 35
000000000000   // line 10 px 36
000000000000   // line 10 px 37
000000000000   // line 10 px 38
0fff00000000   // line 10 px 39
0fff00000000   // line 11 px  0
000000000000   // line 11 px  1
000000000000   // line 11 px  2
000000000000   // line 11 px  3
000000000000   // line 11 px  4
000000000000   // line 11 px  5
000000000000   // line 11 px  6
000000000000   // line 11 px  7
000000000000   // line 11 px  8
000000000000   // line 11 px  9
000000000000   // line 11 px 10
000000000000   // line 11 px 11
000000000000   // line 11 px 12
000000000000   // line 11 px 13
000000000000   // line 11 px 14
000000000000   // line 11 px 15
000000000000   // line 11 px 16
000000000000   // line 11 px 17
000000000000   // line 11 px 18
000000000000   // line 11 px 19
0fff0fff0fff   // line 11 px 20
000000000000   // line 11 px 21
000000000000   // line 11 px 22
000000000000   // line 11 px 23
000000000000   // line 11 px 24
000000000000   // line 11 px 25
000000000000   // line 11 px 26
000000000000   // line 11 px 27
000000000000   // line 11 px 28
000000000000   // line 11 px 29
000000000000   // line 11 px 30
000000000000   // line 11 px 31
000000000000   // line 11 px 32
000000000000   // line 11 px 33
000000000000   // line 11 px 34
000000000000   // line 11 px 35
000000000000   // line 11 px 36
000000000000   // line 11 px 37
000000000000   // line 11 px 38
0fff00000000   // line 11 px 39
0fff00000000   // line 12 px  0
000000000000   // line 12 px  1
000000000000   // line 12 px  2
000000000000   // line 12 px  3
000000000000   // line 12 px  4
000000000000   // line 12 px  5
000000000000   // line 12 px  6
000000000000   // line 12 px  7
000000000000   // line 12 px  8
000000000000   // line 12 px  9
000000000000   // line 12 px 10
000000000000   // line 12 px 11
000000000000   // line 12 px 12
000000000000   // line 12 px 13
000000000000   // line 12 px 14
000000000000   // line 12 px 15
000000000000   // line 12 px 16
000000000000   // line 12 px 17
000000000000   // line 12 px 18
000000000000   // line 12 px 19
0fff0fff0fff   // line 12 px 20
000000000000   // line 12 px 21
000000000000   // line 12 px 22
000000000000   // line 12 px 23
000000000000   // line 12 px 24
000000000000   // line 12 px 25
000000000000   // line 12 px 26
000000000000   // line 12 px 27
000000000000   // line 12 px 28
000000000000   // line 12 px 29
000000000000   // line 12 px 30
000000000000   // line 12 px 31
000000000000   // line 12 px 32
000000000000   // line 12 px 33
000000000000   // line 12 px 34
000000000000   // line 12 px 35
000000000000   // line 12 px 36
000000000000   // line 12 px 37
000000000000   // line 12 px 38
0fff00000000   // line 12 px 39
0fff00000000   // line 13 px  0
000000000000   // line 13 px  1
000000000000   // line 13 px  2
000000000000   // line 13 px  3
000000000000   // line 13 px  4
000000000000   // line 13 px  5
000000000000   // line 13 px  6
000000000000   // line 13 px  7
000000000000   // line 13 px  8
000000000000   // line 13 px  9
000000000000   // line 13 px 10
000000000000   // line 13 px 11
000000000000   // line 13 px 12
000000000000   // line 13 px 13
000000000000   // line 13 px 14
000000000000   // line 13 px 15
000000000000   // line 13 px 16
000000000000   // line 13 px 17
000000000000   // line 13 px 18
000000000000   // line 13 px 19
0fff0fff0fff   // line 13 px 20
000000000000   // line 13 px 21
000000000000   // line 13 px 22
000000000000   // line 13 px 23
000000000000   // line 13 px 24
000000000000   // line 13 px 25
000000000000   // line 13 px 26
000000000000   // line 13 px 27
000000000000   // line 13 px 28
000000000000   // line 13 px 29
000000000000   // line 13 px 30
000000000000   // line 13 px 31
000000000000   // line 13 px 32
000000000000   // line 13 px 33
000000000000   // line 13 px 34
000000000000   // line 13 px 35
000000000000   // line 13 px 36
000000000000   // line 13 px 37
000000000000   // line 13 px 38
0fff00000000   // line 13 px 39
0fff00000000   // line 14 px  0
000000000000   // line 14 px  1
000000000000   // line 14 px  2
000000000000   // line 14 px  3
000000000000   // line 14 px  4
000000000000   // line 14 px  5
000000000000   // line 14 px  6
000000000000   // line 14 px  7
000000000000   // line 14 px  8
000000000000   // line 14 px  9
000000000000   // line 14 px 10
000000000000   // line 14 px 11
000000000000   // line 14 px 12
000000000000   // line 14 px 13
000000000000   // line 14 px 14
000000000000   // line 14 px 15
000000000000   // line 14 px 16
000000000000   // line 14 px 17
000000000000   // line 14 px 18
000000000000   // line 14 px 19
0fff0fff0fff   // line 14 px 20
000000000000   // line 14 px 21
000000000000   // line 14 px 22
000000000000   // line 14 px 23
000000000000   // line 14 px 24
000000000000   // line 14 px 25
000000000000   // line 14 px 26
000000000000   // line 14 px 27
000000000000   // line 14 px 28
000000000000   // line 14 px 29
000000000000   // line 14 px 30
000000000000   // line 14 px 31
000000000000   // line 14 px 32
000000000000   // line 14 px 33
000000000000   // line 14 px 34
000000000000   // line 14 px 35
000000000000   // line 14 px 36
000000000000   // line 14 px 37
000000000000   // line 14 px 38
0fff00000000   // line 14 px 39
0fff00000000   // line 15 px  0
000000000000   // line 15 px  1
000000000000   // line 15 px  2
000000000000   // line 15 px  3
000000000000   // line 15 px  4
000000000000   // line 15 px  5
000000000000   // line 15 px  6
000000000000   // line 15 px  7
000000000000   // line 15 px  8
000000000000   // line 15 px  9
000000000000   // line 15 px 10
000000000000   // line 15 px 11
000000000000   // line 15 px 12
000000000000   // line 15 px 13
000000000000   // line 15 px 14
000000000000   // line 15 px 15
000000000000   // line 15 px 16
000000000000   // line 15 px 17
000000000000   // line 15 px 18
000000000000   // line 15 px 19
0fff0fff0fff   // line 15 px 20
000000000000   // line 15 px 21
000000000000   // line 15 px 22
000000000000   // line 15 px 23
000000000000   // line 15 px 24
000000000000   // line 15 px 25
000000000000   // line 15 px 26
000000000000   // line 15 px 27
000000000000   // line 15 px 28
000000000000   // line 15 px 29
000000000000   // line 15 px 30
000000000000   // line 15 px 31
000000000000   // line 15 px 32
000000000000   // line 15 px 33
000000000000   // line 15 px 34
000000000000   // line 15 px 35
000000000000   // line 15 px 36
000000000000   // line 15 px 37
000000000000   // line 15 px 38
0fff00000000   // line 15 px 39
0fff00000000   // line 16 px  0
000000000000   // line 16 px  1
000000000000   // line 16 px  2
000000000000   // line 16 px  3
000000000000   // line 16 px  4
000000000000   // line 16 px  5
000000000000   // line 16 px  6
000000000000   // line 16 px  7
000000000000   // line 16 px  8
000000000000   // line 16 px  9
000000000000   // line 16 px 10
000000000000   // line 16 px 11
000000000000   // line 16 px 12
000000000000   // line 16 px 13
000000000000   // line 16 px 14
000000000000   // line 16 px 15
000000000000   // line 16 px 16
000000000000   // line 16 px 17
000000000000   // line 16 px 18
000000000000   // line 16 px 19
0fff0fff0fff   // line 16 px 20
000000000000   // line 16 px 21
000000000000   // line 16 px 22
000000000000   // line 16 px 23
000000000000   // line 16 px 24
000000000000   // line 16 px 25
000000000000   // line 16 px 26
000000000000   // line 16 px 27
000000000000   // line 16 px 28
000000000000   // line 16 px 29
000000000000   // line 16 px 30
000000000000   // line 16 px 31
000000000000   // line 16 px 32
000000000000   // line 16 px 33
000000000000   // line 16 px 34
000000000000   // line 16 px 35
000000000000   // line 16 px 36
000000000000   // line 16 px 37
000000000000   // line 16 px 38
0fff00000000   // line 16 px 39
0fff00000000   // line 17 px  0
000000000000   // line 17 px  1
000000000000   // line 17 px  2
000000000000   // line 17 px  3
000000000000   // line 17 px  4
000000000000   // line 17 px  5
000000000000   // line 17 px  6
000000000000   // line 17 px  7
000000000000   // line 17 px  8
000000000000   // line 17 px  9
000000000000   // line 17 px 10
000000000000   // line 17 px 11
000000000000   // line 17 px 12
000000000000   // line 17 px 13
000000000000   // line 17 px 14
000000000000   // line 17 px 15
000000000000   // line 17 px 16
000000000000   // line 17 px 17
000000000000   // line 17 px 18
000000000000   // line 17 px 19
0fff0fff0fff   // line 17 px 20
000000000000   // line 17 px 21
000000000000   // line 17 px 22
000000000000   // line 17 px 23
000000000000   // line 17 px 24
000000000000   // line 17 px 25
000000000000   // line 17 px 26
000000000000   // line 17 px 27
000000000000   // line 17 px 28
000000000000   // line 17 px 29
000000000000   // line 17 px 30
000000000000   // line 17 px 31
000000000000   // line 17 px 32
000000000000   // line 17 px 33
000000000000   // line 17 px 34
000000000000   // line 17 px 35
000000000000   // line 17 px 36
000000000000   // line 17 px 37
000000000000   // line 17 px 38
0fff00000000   // line 17 px 39
0fff00000000   // line 18 px  0
000000000000   // line 18 px  1
000000000000   // line 18 px  2
000000000000   // line 18 px  3
000000000000   // line 18 px  4
000000000000   // line 18 px  5
000000000000   // line 18 px  6
000000000000   // line 18 px  7
000000000000   // line 18 px  8
000000000000   // line 18 px  9
000000000000   // line 18 px 10
000000000000   // line 18 px 11
000000000000   // line 18 px 12
000000000000   // line 18 px 13
000000000000   // line 18 px 14
000000000000   // line 18 px 15
000000000000   // line 18 px 16
000000000000   // line 18 px 17
000000000000   // line 18 px 18
000000000000   // line 18 px 19
0fff0fff0fff   // line 18 px 20
000000000000   // line 18 px 21
000000000000   // line 18 px 22
000000000000   // line 18 px 23
000000000000   // line 18 px 24
000000000000   // line 18 px 25
000000000000   // line 18 px 26
000000000000   // line 18 px 27
000000000000   // line 18 px 28
000000000000   // line 18 px 29
000000000000   // line 18 px 30
000000000000   // line 18 px 31
000000000000   // line 18 px 32
000000000000   // line 18 px 33
000000000000   // line 18 px 34
000000000000   // line 18 px 35
000000000000   // line 18 px 36
000000000000   // line 18 px 37
000000000000   // line 18 px 38
0fff00000000   // line 18 px 39
0fff00000000   // line 19 px  0
000000000000   // line 19 px  1
000000000000   // line 19 px  2
000000000000   // line 19 px  3
000000000000   // line 19 px  4
000000000000   // line 19 px  5
000000000000   // line 19 px  6
000000000000   // line 19 px  7
000000000000   // line 19 px  8
000000000000   // line 19 px  9
000000000000   // line 19 px 10
000000000000   // line 19 px 11
000000000000   // line 19 px 12
000000000000   // line 19 px 13
000000000000   // line 19 px 14
000000000000   // line 19 px 15
000000000000   // line 19 px 16
000000000000   // line 19 px 17
000000000000   // line 19 px 18
000000000000   // line 19 px 19
0fff0fff0fff   // line 19 px 20
000000000000   // line 19 px 21
000000000000   // line 19 px 22
000000000000   // line 19 px 23
000000000000   // line 19 px 24
000000000000   // line 19 px 25
000000000000   // line 19 px 26
000000000000   // line 19 px 27
000000000000   // line 19 px 28
000000000000   // line 19 px 29
000000000000   // line 19 px 30
000000000000   // line 19 px 31
000000000000   // line 19 px 32
000000000000   // line 19 px 33
000000000000   // line 19 px 34
000000000000   // line 19 px 35
000000000000   // line 19 px 36
000000000000   // line 19 px 37
000000000000   // line 19 px 38
0fff00000000   // line 19 px 39
0fff00000000   // line 20 px  0
000000000000   // line 20 px  1
000000000000   // line 20 px  2
000000000000   // line 20 px  3
000000000000   // line 20 px  4
000000000000   // line 20 px  5
000000000000   // line 20 px  6
000000000000   // line 20 px  7
000000000000   // line 20 px  8
000000000000   // line 20 px  9
000000000000   // line 20 px 10
000000000000   // line 20 px 11
000000000000   // line 20 px 12
000000000000   // line 20 px 13
000000000000   // line 20 px 14
000000000000   // line 20 px 15
000000000000   // line 20 px 16
000000000000   // line 20 px 17
000000000000   // line 20 px 18
000000000000   // line 20 px 19
0fff0fff0fff   // line 20 px 20
000000000000   // line 20 px 21
000000000000   // line 20 px 22
000000000000   // line 20 px 23
000000000000   // line 20 px 24
000000000000   // line 20 px 25
000000000000   // line 20 px 26
000000000000   // line 20 px 27
000000000000   // line 20 px 28
000000000000   // line 20 px 29
000000000000   // line 20 px 30
000000000000   // line 20 px 31
000000000000   // line 20 px 32
000000000000   // line 20 px 33
000000000000   // line 20 px 34
000000000000   // line 20 px 35
000000000000   // line 20 px 36
000000000000   // line 20 px 37
000000000000   // line 20 px 38
0fff00000000   // line 20 px 39
0fff00000000   // line 21 px  0
000000000000   // line 21 px  1
000000000000   // line 21 px  2
000000000000   // line 21 px  3
000000000000   // line 21 px  4
000000000000   // line 21 px  5
000000000000   // line 21 px  6
000000000000   // line 21 px  7
000000000000   // line 21 px  8
000000000000   // line 21 px  9
000000000000   // line 21 px 10
000000000000   // line 21 px 11
000000000000   // line 21 px 12
000000000000   // line 21 px 13
000000000000   // line 21 px 14
000000000000   // line 21 px 15
000000000000   // line 21 px 16
000000000000   // line 21 px 17
000000000000   // line 21 px 18
000000000000   // line 21 px 19
0fff0fff0fff   // line 21 px 20
000000000000   // line 21 px 21
000000000000   // line 21 px 22
000000000000   // line 21 px 23
000000000000   // line 21 px 24
000000000000   // line 21 px 25
000000000000   // line 21 px 26
000000000000   // line 21 px 27
000000000000   // line 21 px 28
000000000000   // line 21 px 29
000000000000   // line 21 px 30
000000000000   // line 21 px 31
000000000000   // line 21 px 32
000000000000   // line 21 px 33
000000000000   // line 21 px 34
000000000000   // line 21 px 35
000000000000   // line 21 px 36
000000000000   // line 21 px 37
000000000000   // line 21 px 38
0fff00000000   // line 21 px 39
0fff0fff0fff   // line 22 px  0
0fff0fff0fff   // line 22 px  1
0fff0fff0fff   // line 22 px  2
0fff0fff0fff   // line 22 px  3
0fff0fff0fff   // line 22 px  4
0fff0fff0fff   // line 22 px  5
0fff0fff0fff   // line 22 px  6
0fff0fff0fff   // line 22 px  7
0fff0fff0fff   // line 22 px  8
0fff0fff0fff   // line 22 px  9
0fff0fff0fff   // line 22 px 10
0fff0fff0fff   // line 22 px 11
0fff0fff0fff   // line 22 px 12
0fff0fff0fff   // line 22 px 13
0fff0fff0fff   // line 22 px 14
0fff0fff0fff   // line 22 px 15
0fff0fff0fff   // line 22 px 16
0fff0fff0fff   // line 22 px 17
0fff0fff0fff   // line 22 px 18
0fff0fff0fff   // line 22 px 19
0fff0fff0fff   // line 22 px 20
0fff0fff0fff   // line 22 px 21
0fff0fff0fff   // line 22 px 22
0fff0fff0fff   // line 22 px 23
0fff0fff0fff   // line 22 px 24
0fff0fff0fff   // line 22 px 25
0fff0fff0fff   // line 22 px 26
0fff0fff0fff   // line 22 px 27
0fff0fff0fff   // line 22 px 28
0fff0fff0fff   // line 22 px 29
0fff0fff0fff   // line 22 px 30
0fff0fff0fff   // line 22 px 31
0fff0fff0fff   // line 22 px 32
0fff0fff0fff   // line 22 px 33
0fff0fff0fff   // line 22 px 34
0fff0fff0fff   // line 22 px 35
0fff0fff0fff   // line 22 px 36
0fff0fff0fff   // line 22 px 37
0fff0fff0fff   // line 22 px 38
0fff0fff0fff   // line 22 px 39
0fff00000000   // line 23 px  0
000000000000   // line 23 px  1
000000000000   // line 23 px  2
000000000000   // line 23 px  3
000000000000   // line 23 px  4
000000000000   // line 23 px  5
000000000000   // line 23 px  6
000000000000   // line 23 px  7
000000000000   // line 23 px  8
000000000000   // line 23 px  9
000000000000   // line 23 px 10
000000000000   // line 23 px 11
000000000000   // line 23 px 12
000000000000   // line 23 px 13
000000000000   // line 23 px 14
000000000000   // line 23 px 15
000000000000   // line 23 px 16
000000000000   // line 23 px 17
000000000000   // line 23 px 18
000000000000   // line 23 px 19
0fff0fff0fff   // line 23 px 20
000000000000   // line 23 px 21
000000000000   // line 23 px 22
000000000000   // line 23 px 23
000000000000   // line 23 px 24
000000000000   // line 23 px 25
000000000000   // line 23 px 26
000000000000   // line 23 px 27
000000000000   // line 23 px 28
000000000000   // line 23 px 29
000000000000   // line 23 px 30
000000000000   // line 23 px 31
000000000000   // line 23 px 32
000000000000   // line 23 px 33
000000000000   // line 23 px 34
000000000000   // line 23 px 35
000000000000   // line 23 px 36
000000000000   // line 23 px 37
000000000000   // line 23 px 38
0fff00000000   // line 23 px 39
0fff00000000   // line 24 px  0
000000000000   // line 24 px  1
000000000000   // line 24 px  2
000000000000   // line 24 px  3
000000000000   // line 24 px  4
000000000000   // line 24 px  5
000000000000   // line 24 px  6
000000000000   // line 24 px  7
000000000000   // line 24 px  8
000000000000   // line 24 px  9
000000000000   // line 24 px 10
000000000000   // line 24 px 11
000000000000   // line 24 px 12
000000000000   // line 24 px 13
000000000000   // line 24 px 14
000000000000   // line 24 px 15
000000000000   // line 24 px 16
000000000000   // line 24 px 17
000000000000   // line 24 px 18
000000000000   // line 24 px 19
0fff0fff0fff   // line 24 px 20
000000000000   // line 24 px 21
000000000000   // line 24 px 22
000000000000   // line 24 px 23
000000000000   // line 24 px 24
000000000000   // line 24 px 25
000000000000   // line 24 px 26
000000000000   // line 24 px 27
000000000000   // line 24 px 28
000000000000   // line 24 px 29
000000000000   // line 24 px 30
000000000000   // line 24 px 31
000000000000   // line 24 px 32
000000000000   // line 24 px 33
000000000000   // line 24 px 34
000000000000   // line 24 px 35
000000000000   // line 24 px 36
000000000000   // line 24 px 37
000000000000   // line 24 px 38
0fff00000000   // line 24 px 39
0fff00000000   // line 25 px  0
000000000000   // line 25 px  1
000000000000   // line 25 px  2
000000000000   // line 25 px  3
000000000000   // line 25 px  4
000000000000   // line 25 px  5
000000000000   // line 25 px  6
000000000000   // line 25 px  7
000000000000   // line 25 px  8
000000000000   // line 25 px  9
000000000000   // line 25 px 10
000000000000   // line 25 px 11
000000000000   // line 25 px 12
000000000000   // line 25 px 13
000000000000   // line 25 px 14
000000000000   // line 25 px 15
000000000000   // line 25 px 16
000000000000   // line 25 px 17
000000000000   // line 25 px 18
000000000000   // line 25 px 19
0fff0fff0fff   // line 25 px 20
000000000000   // line 25 px 21
000000000000   // line 25 px 22
000000000000   // line 25 px 23
000000000000   // line 25 px 24
000000000000   // line 25 px 25
000000000000   // line 25 px 26
000000000000   // line 25 px 27
000000000000   // line 25 px 28
000000000000   // line 25 px 29
000000000000   // line 25 px 30
000000000000   // line 25 px 31
000000000000   // line 25 px 32
000000000000   // line 25 px 33
000000000000   // line 25 px 34
000000000000   // line 25 px 35
000000000000   // line 25 px 36
000000000000   // line 25 px 37
000000000000   // line 25 px 38
0fff00000000   // line 25 px 39
0fff00000000   // line 26 px  0
000000000000   // line 26 px  1
000000000000   // line 26 px  2
000000000000   // line 26 px  3
000000000000   // line 26 px  4
000000000000   // line 26 px  5
000000000000   // line 26 px  6
000000000000   // line 26 px  7
000000000000   // line 26 px  8
000000000000   // line 26 px  9
000000000000   // line 26 px 10
000000000000   // line 26 px 11
000000000000   // line 26 px 12
000000000000   // line 26 px 13
000000000000   // line 26 px 14
000000000000   // line 26 px 15
000000000000   // line 26 px 16
000000000000   // line 26 px 17
000000000000   // line 26 px 18
000000000000   // line 26 px 19
0fff0fff0fff   // line 26 px 20
000000000000   // line 26 px 21
000000000000   // line 26 px 22
000000000000   // line 26 px 23
000000000000   // line 26 px 24
000000000000   // line 26 px 25
000000000000   // line 26 px 26
000000000000   // line 26 px 27
000000000000   // line 26 px 28
000000000000   // line 26 px 29
000000000000   // line 26 px 30
000000000000   // line 26 px 31
000000000000   // line 26 px 32
000000000000   // line 26 px 33
000000000000   // line 26 px 34
000000000000   // line 26 px 35
000000000000   // line 26 px 36
000000000000   // line 26 px 37
000000000000   // line 26 px 38
0fff00000000   // line 26 px 39
0fff00000000   // line 27 px  0
000000000000   // line 27 px  1
000000000000   // line 27 px  2
000000000000   // line 27 px  3
000000000000   // line 27 px  4
000000000000   // line 27 px  5
000000000000   // line 27 px  6
000000000000   // line 27 px  7
000000000000   // line 27 px  8
000000000000   // line 27 px  9
000000000000   // line 27 px 10
000000000000   // line 27 px 11
000000000000   // line 27 px 12
000000000000   // line 27 px 13
000000000000   // line 27 px 14
000000000000   // line 27 px 15
000000000000   // line 27 px 16
000000000000   // line 27 px 17
000000000000   // line 27 px 18
000000000000   // line 27 px 19
0fff0fff0fff   // line 27 px 20
000000000000   // line 27 px 21
000000000000   // line 27 px 22
000000000000   // line 27 px 23
000000000000   // line 27 px 24
000000000000   // line 27 px 25
000000000000   // line 27 px 26
000000000000   // line 27 px 27
000000000000   // line 27 px 28
000000000000   // line 27 px 29
000000000000   // line 27 px 30
000000000000   // line 27 px 31
000000000000   // line 27 px 32
000000000000   // line 27 px 33
000000000000   // line 27 px 34
000000000000   // line 27 px 35
000000000000   // line 27 px 36
000000000000   // line 27 px 37
000000000000   // line 27 px 38
0fff00000000   // line 27 px 39
0fff00000000   // line 28 px  0
000000000000   // line 28 px  1
000000000000   // line 28 px  2
000000000000   // line 28 px  3
000000000000   // line 28 px  4
000000000000   // line 28 px  5
000000000000   // line 28 px  6
000000000000   // line 28 px  7
000000000000   // line 28 px  8
000000000000   // line 28 px  9
000000000000   // line 28 px 10
000000000000   // line 28 px 11
000000000000   // line 28 px 12
000000000000   // line 28 px 13
000000000000   // line 28 px 14
000000000000   // line 28 px 15
000000000000   // line 28 px 16
000000000000   // line 28 px 17
000000000000   // line 28 px 18
000000000000   // line 28 px 19
0fff0fff0fff   // line 28 px 20
000000000000   // line 28 px 21
000000000000   // line 28 px 22
000000000000   // line 28 px 23
000000000000   // line 28 px 24
000000000000   // line 28 px 25
000000000000   // line 28 px 26
000000000000   // line 28 px 27
000000000000   // line 28 px 28
000000000000   // line 28 px 29
000000000000   // line 28 px 30
000000000000   // line 28 px 31
000000000000   // line 28 px 32
000000000000   // line 28 px 33
000000000000   // line 28 px 34
000000000000   // line 28 px 35
000000000000   // line 28 px 36
000000000000   // line 28 px 37
000000000000   // line 28 px 38
0fff00000000   // line 28 px 39
0fff00000000   // line 29 px  0
000000000000   // line 29 px  1
000000000000   // line 29 px  2
000000000000   // line 29 px  3
000000000000   // line 29 px  4
000000000000   // line 29 px  5
000000000000   // line 29 px  6
000000000000   // line 29 px  7
000000000000   // line 29 px  8
000000000000   // line 29 px  9
000000000000   // line 29 px 10
000000000000   // line 29 px 11
000000000000   // line 29 px 12
000000000000   // line 29 px 13
000000000000   // line 29 px 14
000000000000   // line 29 px 15
000000000000   // line 29 px 16
000000000000   // line 29 px 17
000000000000   // line 29 px 18
000000000000   // line 29 px 19
0fff0fff0fff   // line 29 px 20
000000000000   // line 29 px 21
000000000000   // line 29 px 22
000000000000   // line 29 px 23
000000000000   // line 29 px 24
000000000000   // line 29 px 25
000000000000   // line 29 px 26
000000000000   // line 29 px 27
000000000000   // line 29 px 28
000000000000   // line 29 px 29
000000000000   // line 29 px 30
000000000000   // line 29 px 31
000000000000   // line 29 px 32
000000000000   // line 29 px 33
000000000000   // line 29 px 34
000000000000   // line 29 px 35
000000000000   // line 29 px 36
000000000000   // line 29 px 37
000000000000   // line 29 px 38
0fff00000000   // line 29 px 39
0fff00000000   // line 30 px  0
000000000000   // line 30 px  1
000000000000   // line 30 px  2
000000000000   // line 30 px  3
000000000000   // line 30 px  4
000000000000   // line 30 px  5
000000000000   // line 30 px  6
000000000000   // line 30 px  7
000000000000   // line 30 px  8
000000000000   // line 30 px  9
000000000000   // line 30 px 10
000000000000   // line 30 px 11
000000000000   // line 30 px 12
000000000000   // line 30 px 13
000000000000   // line 30 px 14
000000000000   // line 30 px 15
000000000000   // line 30 px 16
000000000000   // line 30 px 17
000000000000   // line 30 px 18
000000000000   // line 30 px 19
0fff0fff0fff   // line 30 px 20
000000000000   // line 30 px 21
000000000000   // line 30 px 22
000000000000   // line 30 px 23
000000000000   // line 30 px 24
000000000000   // line 30 px 25
000000000000   // line 30 px 26
000000000000   // line 30 px 27
000000000000   // line 30 px 28
000000000000   // line 30 px 29
000000000000   // line 30 px 30
000000000000   // line 30 px 31
000000000000   // line 30 px 32
000000000000   // line 30 px 33
000000000000   // line 30 px 34
000000000000   // line 30 px 35
000000000000   // line 30 px 36
000000000000   // line 30 px 37
000000000000   // line 30 px 38
0fff00000000   // line 30 px 39
0fff00000000   // line 31 px  0
000000000000   // line 31 px  1
000000000000   // line 31 px  2
000000000000   // line 31 px  3
000000000000   // line 31 px  4
000000000000   // line 31 px  5
000000000000   // line 31 px  6
000000000000   // line 31 px  7
000000000000   // line 31 px  8
000000000000   // line 31 px  9
000000000000   // line 31 px 10
000000000000   // line 31 px 11
000000000000   // line 31 px 12
000000000000   // line 31 px 13
000000000000   // line 31 px 14
000000000000   // line 31 px 15
000000000000   // line 31 px 16
000000000000   // line 31 px 17
000000000000   // line 31 px 18
000000000000   // line 31 px 19
0fff0fff0fff   // line 31 px 20
000000000000   // line 31 px 21
000000000000   // line 31 px 22
000000000000   // line 31 px 23
000000000000   // line 31 px 24
000000000000   // line 31 px 25
000000000000   // line 31 px 26
000000000000   // line 31 px 27
000000000000   // line 31 px 28
000000000000   // line 31 px 29
000000000000   // line 31 px 30
000000000000   // line 31 px 31
000000000000   // line 31 px 32
000000000000   // line 31 px 33
000000000000   // line 31 px 34
000000000000   // line 31 px 35
000000000000   // line 31 px 36
000000000000   // line 31 px 37
000000000000   // line 31 px 38
0fff00000000   // line 31 px 39
0fff00000000   // line 32 px  0
000000000000   // line 32 px  1
000000000000   // line 32 px  2
000000000000   // line 32 px  3
000000000000   // line 32 px  4
000000000000   // line 32 px  5
000000000000   // line 32 px  6
000000000000   // line 32 px  7
000000000000   // line 32 px  8
000000000000   // line 32 px  9
000000000000   // line 32 px 10
000000000000   // line 32 px 11
000000000000   // line 32 px 12
000000000000   // line 32 px 13
000000000000   // line 32 px 14
000000000000   // line 32 px 15
000000000000   // line 32 px 16
000000000000   // line 32 px 17
000000000000   // line 32 px 18
000000000000   // line 32 px 19
0fff0fff0fff   // line 32 px 20
000000000000   // line 32 px 21
000000000000   // line 32 px 22
000000000000   // line 32 px 23
000000000000   // line 32 px 24
000000000000   // line 32 px 25
000000000000   // line 32 px 26
000000000000   // line 32 px 27
000000000000   // line 32 px 28
000000000000   // line 32 px 29
000000000000   // line 32 px 30
000000000000   // line 32 px 31
000000000000   // line 32 px 32
000000000000   // line 32 px 33
000000000000   // line 32 px 34
000000000000   // line 32 px 35
000000000000   // line 32 px 36
000000000000   // line 32 px 37
000000000000   // line 32 px 38
0fff00000000   // line 32 px 39
0fff00000000   // line 33 px  0
000000000000   // line 33 px  1
000000000000   // line 33 px  2
000000000000   // line 33 px  3
000000000000   // line 33 px  4
000000000000   // line 33 px  5
000000000000   // line 33 px  6
000000000000   // line 33 px  7
000000000000   // line 33 px  8
000000000000   // line 33 px  9
000000000000   // line 33 px 10
000000000000   // line 33 px 11
000000000000   // line 33 px 12
000000000000   // line 33 px 13
000000000000   // line 33 px 14
000000000000   // line 33 px 15
000000000000   // line 33 px 16
000000000000   // line 33 px 17
000000000000   // line 33 px 18
000000000000   // line 33 px 19
0fff0fff0fff   // line 33 px 20
000000000000   // line 33 px 21
000000000000   // line 33 px 22
000000000000   // line 33 px 23
000000000000   // line 33 px 24
000000000000   // line 33 px 25
000000000000   // line 33 px 26
000000000000   // line 33 px 27
000000000000   // line 33 px 28
000000000000   // line 33 px 29
000000000000   // line 33 px 30
000000000000   // line 33 px 31
000000000000   // line 33 px 32
000000000000   // line 33 px 33
000000000000   // line 33 px 34
000000000000   // line 33 px 35
000000000000   // line 33 px 36
000000000000   // line 33 px 37
000000000000   // line 33 px 38
0fff00000000   // line 33 px 39
0fff00000000   // line 34 px  0
000000000000   // line 34 px  1
000000000000   // line 34 px  2
000000000000   // line 34 px  3
000000000000   // line 34 px  4
000000000000   // line 34 px  5
000000000000   // line 34 px  6
000000000000   // line 34 px  7
000000000000   // line 34 px  8
000000000000   // line 34 px  9
000000000000   // line 34 px 10
000000000000   // line 34 px 11
000000000000   // line 34 px 12
000000000000   // line 34 px 13
000000000000   // line 34 px 14
000000000000   // line 34 px 15
000000000000   // line 34 px 16
000000000000   // line 34 px 17
000000000000   // line 34 px 18
000000000000   // line 34 px 19
0fff0fff0fff   // line 34 px 20
000000000000   // line 34 px 21
000000000000   // line 34 px 22
000000000000   // line 34 px 23
000000000000   // line 34 px 24
000000000000   // line 34 px 25
000000000000   // line 34 px 26
000000000000   // line 34 px 27
000000000000   // line 34 px 28
000000000000   // line 34 px 29
000000000000   // line 34 px 30
000000000000   // line 34 px 31
000000000000   // line 34 px 32
000000000000   // line 34 px 33
000000000000   // line 34 px 34
000000000000   // line 34 px 35
000000000000   // line 34 px 36
000000000000   // line 34 px 37
000000000000   // line 34 px 38
0fff00000000   // line 34 px 39
0fff00000000   // line 35 px  0
000000000000   // line 35 px  1
000000000000   // line 35 px  2
000000000000   // line 35 px  3
000000000000   // line 35 px  4
000000000000   // line 35 px  5
000000000000   // line 35 px  6
000000000000   // line 35 px  7
000000000000   // line 35 px  8
000000000000   // line 35 px  9
000000000000   // line 35 px 10
000000000000   // line 35 px 11
000000000000   // line 35 px 12
000000000000   // line 35 px 13
000000000000   // line 35 px 14
000000000000   // line 35 px 15
000000000000   // line 35 px 16
000000000000   // line 35 px 17
000000000000   // line 35 px 18
000000000000   // line 35 px 19
0fff0fff0fff   // line 35 px 20
000000000000   // line 35 px 21
000000000000   // line 35 px 22
000000000000   // line 35 px 23
000000000000   // line 35 px 24
000000000000   // line 35 px 25
000000000000   // line 35 px 26
000000000000   // line 35 px 27
000000000000   // line 35 px 28
000000000000   // line 35 px 29
000000000000   // line 35 px 30
000000000000   // line 35 px 31
000000000000   // line 35 px 32
000000000000   // line 35 px 33
000000000000   // line 35 px 34
000000000000   // line 35 px 35
000000000000   // line 35 px 36
000000000000   // line 35 px 37
000000000000   // line 35 px 38
0fff00000000   // line 35 px 39
0fff00000000   // line 36 px  0
000000000000   // line 36 px  1
000000000000   // line 36 px  2
000000000000   // line 36 px  3
000000000000   // line 36 px  4
000000000000   // line 36 px  5
000000000000   // line 36 px  6
000000000000   // line 36 px  7
000000000000   // line 36 px  8
000000000000   // line 36 px  9
000000000000   // line 36 px 10
000000000000   // line 36 px 11
000000000000   // line 36 px 12
000000000000   // line 36 px 13
000000000000   // line 36 px 14
000000000000   // line 36 px 15
000000000000   // line 36 px 16
000000000000   // line 36 px 17
000000000000   // line 36 px 18
000000000000   // line 36 px 19
0fff0fff0fff   // line 36 px 20
000000000000   // line 36 px 21
000000000000   // line 36 px 22
000000000000   // line 36 px 23
000000000000   // line 36 px 24
000000000000   // line 36 px 25
000000000000   // line 36 px 26
000000000000   // line 36 px 27
000000000000   // line 36 px 28
000000000000   // line 36 px 29
000000000000   // line 36 px 30
000000000000   // line 36 px 31
000000000000   // line 36 px 32
000000000000   // line 36 px 33
000000000000   // line 36 px 34
000000000000   // line 36 px 35
000000000000   // line 36 px 36
000000000000   // line 36 px 37
000000000000   // line 36 px 38
0fff00000000   // line 36 px 39
0fff00000000   // line 37 px  0
000000000000   // line 37 px  1
000000000000   // line 37 px  2
000000000000   // line 37 px  3
000000000000   // line 37 px  4
000000000000   // line 37 px  5
000000000000   // line 37 px  6
000000000000   // line 37 px  7
000000000000   // line 37 px  8
000000000000   // line 37 px  9
000000000000   // line 37 px 10
000000000000   // line 37 px 11
000000000000   // line 37 px 12
000000000000   // line 37 px 13
000000000000   // line 37 px 14
000000000000   // line 37 px 15
000000000000   // line 37 px 16
000000000000   // line 37 px 17
000000000000   // line 37 px 18
000000000000   // line 37 px 19
0fff0fff0fff   // line 37 px 20
000000000000   // line 37 px 21
000000000000   // line 37 px 22
000000000000   // line 37 px 23
000000000000   // line 37 px 24
000000000000   // line 37 px 25
000000000000   // line 37 px 26
000000000000   // line 37 px 27
000000000000   // line 37 px 28
000000000000   // line 37 px 29
000000000000   // line 37 px 30
000000000000   // line 37 px 31
000000000000   // line 37 px 32
000000000000   // line 37 px 33
000000000000   // line 37 px 34
000000000000   // line 37 px 35
000000000000   // line 37 px 36
000000000000   // line 37 px 37
000000000000   // line 37 px 38
0fff00000000   // line 37 px 39
0fff00000000   // line 38 px  0
000000000000   // line 38 px  1
000000000000   // line 38 px  2
000000000000   // line 38 px  3
000000000000   // line 38 px  4
000000000000   // line 38 px  5
000000000000   // line 38 px  6
000000000000   // line 38 px  7
000000000000   // line 38 px  8
000000000000   // line 38 px  9
000000000000   // line 38 px 10
000000000000   // line 38 px 11
000000000000   // line 38 px 12
000000000000   // line 38 px 13
000000000000   // line 38 px 14
000000000000   // line 38 px 15
000000000000   // line 38 px 16
000000000000   // line 38 px 17
000000000000   // line 38 px 18
000000000000   // line 38 px 19
0fff0fff0fff   // line 38 px 20
000000000000   // line 38 px 21
000000000000   // line 38 px 22
000000000000   // line 38 px 23
000000000000   // line 38 px 24
000000000000   // line 38 px 25
000000000000   // line 38 px 26
000000000000   // line 38 px 27
000000000000   // line 38 px 28
000000000000   // line 38 px 29
000000000000   // line 38 px 30
000000000000   // line 38 px 31
000000000000   // line 38 px 32
000000000000   // line 38 px 33
000000000000   // line 38 px 34
000000000000   // line 38 px 35
000000000000   // line 38 px 36
000000000000   // line 38 px 37
000000000000   // line 38 px 38
0fff00000000   // line 38 px 39
0fff00000000   // line 39 px  0
000000000000   // line 39 px  1
000000000000   // line 39 px  2
000000000000   // line 39 px  3
000000000000   // line 39 px  4
000000000000   // line 39 px  5
000000000000   // line 39 px  6
000000000000   // line 39 px  7
000000000000   // line 39 px  8
000000000000   // line 39 px  9
000000000000   // line 39 px 10
000000000000   // line 39 px 11
000000000000   // line 39 px 12
000000000000   // line 39 px 13
000000000000   // line 39 px 14
000000000000   // line 39 px 15
000000000000   // line 39 px 16
000000000000   // line 39 px 17
000000000000   // line 39 px 18
000000000000   // line 39 px 19
0fff0fff0fff   // line 39 px 20
000000000000   // line 39 px 21
000000000000   // line 39 px 22
000000000000   // line 39 px 23
000000000000   // line 39 px 24
000000000000   // line 39 px 25
000000000000   // line 39 px 26
000000000000   // line 39 px 27
000000000000   // line 39 px 28
000000000000   // line 39 px 29
000000000000   // line 39 px 30
000000000000   // line 39 px 31
000000000000   // line 39 px 32
000000000000   // line 39 px 33
000000000000   // line 39 px 34
000000000000   // line 39 px 35
000000000000   // line 39 px 36
000000000000   // line 39 px 37
000000000000   // line 39 px 38
0fff00000000   // line 39 px 39
0fff00000000   // line 40 px  0
000000000000   // line 40 px  1
000000000000   // line 40 px  2
000000000000   // line 40 px  3
000000000000   // line 40 px  4
000000000000   // line 40 px  5
000000000000   // line 40 px  6
000000000000   // line 40 px  7
000000000000   // line 40 px  8
000000000000   // line 40 px  9
000000000000   // line 40 px 10
000000000000   // line 40 px 11
000000000000   // line 40 px 12
000000000000   // line 40 px 13
000000000000   // line 40 px 14
000000000000   // line 40 px 15
000000000000   // line 40 px 16
000000000000   // line 40 px 17
000000000000   // line 40 px 18
000000000000   // line 40 px 19
0fff0fff0fff   // line 40 px 20
000000000000   // line 40 px 21
000000000000   // line 40 px 22
000000000000   // line 40 px 23
000000000000   // line 40 px 24
000000000000   // line 40 px 25
000000000000   // line 40 px 26
000000000000   // line 40 px 27
000000000000   // line 40 px 28
000000000000   // line 40 px 29
000000000000   // line 40 px 30
000000000000   // line 40 px 31
000000000000   // line 40 px 32
000000000000   // line 40 px 33
000000000000   // line 40 px 34
000000000000   // line 40 px 35
000000000000   // line 40 px 36
000000000000   // line 40 px 37
000000000000   // line 40 px 38
0fff00000000   // line 40 px 39
0fff00000000   // line 41 px  0
000000000000   // line 41 px  1
000000000000   // line 41 px  2
000000000000   // line 41 px  3
000000000000   // line 41 px  4
000000000000   // line 41 px  5
000000000000   // line 41 px  6
000000000000   // line 41 px  7
000000000000   // line 41 px  8
000000000000   // line 41 px  9
000000000000   // line 41 px 10
000000000000   // line 41 px 11
000000000000   // line 41 px 12
000000000000   // line 41 px 13
000000000000   // line 41 px 14
000000000000   // line 41 px 15
000000000000   // line 41 px 16
000000000000   // line 41 px 17
000000000000   // line 41 px 18
000000000000   // line 41 px 19
0fff0fff0fff   // line 41 px 20
000000000000   // line 41 px 21
000000000000   // line 41 px 22
000000000000   // line 41 px 23
000000000000   // line 41 px 24
000000000000   // line 41 px 25
000000000000   // line 41 px 26
000000000000   // line 41 px 27
000000000000   // line 41 px 28
000000000000   // line 41 px 29
000000000000   // line 41 px 30
000000000000   // line 41 px 31
000000000000   // line 41 px 32
000000000000   // line 41 px 33
000000000000   // line 41 px 34
000000000000   // line 41 px 35
000000000000   // line 41 px 36
000000000000   // line 41 px 37
000000000000   // line 41 px 38
0fff00000000   // line 41 px 39
0fff00000000   // line 42 px  0
000000000000   // line 42 px  1
000000000000   // line 42 px  2
000000000000   // line 42 px  3
000000000000   // line 42 px  4
000000000000   // line 42 px  5
000000000000   // line 42 px  6
000000000000   // line 42 px  7
000000000000   // line 42 px  8
000000000000   // line 42 px  9
000000000000   // line 42 px 10
000000000000   // line 42 px 11
000000000000   // line 42 px 12
000000000000   // line 42 px 13
000000000000   // line 42 px 14
000000000000   // line 42 px 15
000000000000   // line 42 px 16
000000000000   // line 42 px 17
000000000000   // line 42 px 18
000000000000   // line 42 px 19
0fff0fff0fff   // line 42 px 20
000000000000   // line 42 px 21
000000000000   // line 42 px 22
000000000000   // line 42 px 23
000000000000   // line 42 px 24
000000000000   // line 42 px 25
000000000000   // line 42 px 26
000000000000   // line 42 px 27
000000000000   // line 42 px 28
000000000000   // line 42 px 29
000000000000   // line 42 px 30
000000000000   // line 42 px 31
000000000000   // line 42 px 32
000000000000   // line 42 px 33
000000000000   // line 42 px 34
000000000000   // line 42 px 35
000000000000   // line 42 px 36
000000000000   // line 42 px 37
000000000000   // line 42 px 38
0fff00000000   // line 42 px 39
0fff00000000   // line 43 px  0
000000000000   // line 43 px  1
000000000000   // line 43 px  2
000000000000   // line 43 px  3
000000000000   // line 43 px  4
000000000000   // line 43 px  5
000000000000   // line 43 px  6
000000000000   // line 43 px  7
000000000000   // line 43 px  8
000000000000   // line 43 px  9
000000000000   // line 43 px 10
000000000000   // line 43 px 11
000000000000   // line 43 px 12
000000000000   // line 43 px 13
000000000000   // line 43 px 14
000000000000   // line 43 px 15
000000000000   // line 43 px 16
000000000000   // line 43 px 17
000000000000   // line 43 px 18
000000000000   // line 43 px 19
0fff0fff0fff   // line 43 px 20
000000000000   // line 43 px 21
000000000000   // line 43 px 22
000000000000   // line 43 px 23
000000000000   // line 43 px 24
000000000000   // line 43 px 25
000000000000   // line 43 px 26
000000000000   // line 43 px 27
000000000000   // line 43 px 28
000000000000   // line 43 px 29
000000000000   // line 43 px 30
000000000000   // line 43 px 31
000000000000   // line 43 px 32
000000000000   // line 43 px 33
000000000000   // line 43 px 34
000000000000   // line 43 px 35
000000000000   // line 43 px 36
000000000000   // line 43 px 37
000000000000   // line 43 px 38
0fff00000000   // line 43 px 39
0fff00000000   // line 44 px  0
0fff00000000   // line 44 px  1
0fff00000000   // line 44 px  2
0fff00000000   // line 44 px  3
0fff00000000   // line 44 px  4
0fff00000000   // line 44 px  5
0fff00000000   // line 44 px  6
0fff00000000   // line 44 px  7
0fff00000000   // line 44 px  8
0fff00000000   // line 44 px  9
0fff00000000   // line 44 px 10
0fff00000000   // line 44 px 11
0fff00000000   // line 44 px 12
0fff00000000   // line 44 px 13
0fff00000000   // line 44 px 14
0fff00000000   // line 44 px 15
0fff00000000   // line 44 px 16
0fff00000000   // line 44 px 17
0fff00000000   // line 44 px 18
0fff00000000   // line 44 px 19
0fff0fff0fff   // line 44 px 20
0fff00000000   // line 44 px 21
0fff00000000   // line 44 px 22
0fff00000000   // line 44 px 23
0fff00000000   // line 44 px 24
0fff00000000   // line 44 px 25
0fff00000000   // line 44 px 26
0fff00000000   // line 44 px 27
0fff00000000   // line 44 px 28
0fff00000000   // line 44 px 29
0fff00000000   // line 44 px 30
0fff00000000   // line 44 px 31
0fff00000000   // line 44 px 32
0fff00000000   // line 44 px 33
0fff00000000   // line 44 px 34
0fff00000000   // line 44 px 35
0fff00000000   // line 44 px 36
0fff00000000   // line 44 px 37
0fff00000000   // line 44 px 38
0fff00000000   // line 44 px 39
