Copyright 1986-2022 Xilinx, Inc. All Rights Reserved. Copyright 2022-2024 Advanced Micro Devices, Inc. All Rights Reserved.
--------------------------------------------------------------------------------------------------------------------------------------------------------
| Tool Version : Vivado v.2024.2 (win64) Build 5239630 Fri Nov 08 22:35:27 MST 2024
| Date         : Tue Sep  1 20:24:54 2026
| Host         : PC-W003SS3G0143 running 64-bit major release  (build 9200)
| Command      : report_timing_summary -file D:/claude_workspace/pov3d/zynq_pov/icnd2260/build_dbg_ph28.125/icnd2260_lvds_dbg_div32_ph28.125.timing.rpt
| Design       : icnd2260_lxb_lvds_top
| Device       : 7z020-clg484
| Speed File   : -1  PRODUCTION 1.12 2019-11-22
| Design State : Routed
--------------------------------------------------------------------------------------------------------------------------------------------------------

Timing Summary Report

------------------------------------------------------------------------------------------------
| Timer Settings
| --------------
------------------------------------------------------------------------------------------------

  Enable Multi Corner Analysis               :  Yes
  Enable Pessimism Removal                   :  Yes
  Pessimism Removal Resolution               :  Nearest Common Node
  Enable Input Delay Default Clock           :  No
  Enable Preset / Clear Arcs                 :  No
  Disable Flight Delays                      :  No
  Ignore I/O Paths                           :  No
  Timing Early Launch at Borrowing Latches   :  No
  Borrow Time for Max Delay Exceptions       :  Yes
  Merge Timing Exceptions                    :  Yes
  Inter-SLR Compensation                     :  Conservative

  Corner  Analyze    Analyze    
  Name    Max Paths  Min Paths  
  ------  ---------  ---------  
  Slow    Yes        Yes        
  Fast    Yes        Yes        


------------------------------------------------------------------------------------------------
| Report Methodology
| ------------------
------------------------------------------------------------------------------------------------

No report available as report_methodology has not been run prior. Run report_methodology on the current design for the summary of methodology violations.



check_timing report

Table of Contents
-----------------
1. checking no_clock (0)
2. checking constant_clock (0)
3. checking pulse_width_clock (0)
4. checking unconstrained_internal_endpoints (0)
5. checking no_input_delay (1)
6. checking no_output_delay (7)
7. checking multiple_clock (0)
8. checking generated_clocks (0)
9. checking loops (0)
10. checking partial_input_delay (0)
11. checking partial_output_delay (0)
12. checking latch_loops (0)

1. checking no_clock (0)
------------------------
 There are 0 register/latch pins with no clock.


2. checking constant_clock (0)
------------------------------
 There are 0 register/latch pins with constant_clock.


3. checking pulse_width_clock (0)
---------------------------------
 There are 0 register/latch pins which need pulse_width check


4. checking unconstrained_internal_endpoints (0)
------------------------------------------------
 There are 0 pins that are not constrained for maximum delay.

 There are 0 pins that are not constrained for maximum delay due to constant clock.


5. checking no_input_delay (1)
------------------------------
 There are 0 input ports with no input delay specified.

 There is 1 input port with no input delay but user has a false path constraint. (MEDIUM)


6. checking no_output_delay (7)
-------------------------------
 There are 0 ports with no output delay specified.

 There are 6 ports with no output delay but user has a false path constraint (MEDIUM)

 There is 1 port with no output delay but with a timing clock defined on it or propagating through it (LOW)


7. checking multiple_clock (0)
------------------------------
 There are 0 register/latch pins with multiple clocks.


8. checking generated_clocks (0)
--------------------------------
 There are 0 generated clocks that are not connected to a clock source.


9. checking loops (0)
---------------------
 There are 0 combinational loops in the design.


10. checking partial_input_delay (0)
------------------------------------
 There are 0 input ports with partial input delay specified.


11. checking partial_output_delay (0)
-------------------------------------
 There are 0 ports with partial output delay specified.


12. checking latch_loops (0)
----------------------------
 There are 0 combinational latch loops in the design through latch input



------------------------------------------------------------------------------------------------
| Design Timing Summary
| ---------------------
------------------------------------------------------------------------------------------------

    WNS(ns)      TNS(ns)  TNS Failing Endpoints  TNS Total Endpoints      WHS(ns)      THS(ns)  THS Failing Endpoints  THS Total Endpoints     WPWS(ns)     TPWS(ns)  TPWS Failing Endpoints  TPWS Total Endpoints  
    -------      -------  ---------------------  -------------------      -------      -------  ---------------------  -------------------     --------     --------  ----------------------  --------------------  
     -0.638       -0.884                      2                 6061        0.022        0.000                      0                 6045        7.000        0.000                       0                  2960  


Timing constraints are not met.


------------------------------------------------------------------------------------------------
| Clock Summary
| -------------
------------------------------------------------------------------------------------------------

Clock                                                                                       Waveform(ns)       Period(ns)      Frequency(MHz)
-----                                                                                       ------------       ----------      --------------
clk50                                                                                       {0.000 10.000}     20.000          50.000          
  clkbit90_raw                                                                              {2.500 18.500}     32.000          31.250          
    lvds_ck                                                                                 {2.500 18.500}     32.000          31.250          
  clkbit_raw                                                                                {0.000 16.000}     32.000          31.250          
  clkfb                                                                                     {0.000 10.000}     20.000          50.000          
dbg_hub/inst/BSCANID.u_xsdbm_id/SWITCH_N_EXT_BSCAN.bscan_inst/SERIES7_BSCAN.bscan_inst/TCK  {0.000 16.500}     33.000          30.303          


------------------------------------------------------------------------------------------------
| Intra Clock Table
| -----------------
------------------------------------------------------------------------------------------------

Clock                                                                                           WNS(ns)      TNS(ns)  TNS Failing Endpoints  TNS Total Endpoints      WHS(ns)      THS(ns)  THS Failing Endpoints  THS Total Endpoints     WPWS(ns)     TPWS(ns)  TPWS Failing Endpoints  TPWS Total Endpoints  
-----                                                                                           -------      -------  ---------------------  -------------------      -------      -------  ---------------------  -------------------     --------     --------  ----------------------  --------------------  
clk50                                                                                                                                                                                                                                         7.000        0.000                       0                     1  
  clkbit90_raw                                                                                                                                                                                                                               29.845        0.000                       0                     3  
  clkbit_raw                                                                                     21.341        0.000                      0                 4906        0.022        0.000                      0                 4906       14.750        0.000                       0                  2470  
  clkfb                                                                                                                                                                                                                                      17.845        0.000                       0                     3  
dbg_hub/inst/BSCANID.u_xsdbm_id/SWITCH_N_EXT_BSCAN.bscan_inst/SERIES7_BSCAN.bscan_inst/TCK       26.820        0.000                      0                  928        0.094        0.000                      0                  928       15.250        0.000                       0                   483  


------------------------------------------------------------------------------------------------
| Inter Clock Table
| -----------------
------------------------------------------------------------------------------------------------

From Clock                                                                                  To Clock                                                                                        WNS(ns)      TNS(ns)  TNS Failing Endpoints  TNS Total Endpoints      WHS(ns)      THS(ns)  THS Failing Endpoints  THS Total Endpoints  
----------                                                                                  --------                                                                                        -------      -------  ---------------------  -------------------      -------      -------  ---------------------  -------------------  
clkbit_raw                                                                                  clkbit90_raw                                                                                     -0.638       -0.884                      2                    3       29.024        0.000                      0                    3  
clkbit_raw                                                                                  lvds_ck                                                                                           0.208        0.000                      0                    3        0.192        0.000                      0                    3  
dbg_hub/inst/BSCANID.u_xsdbm_id/SWITCH_N_EXT_BSCAN.bscan_inst/SERIES7_BSCAN.bscan_inst/TCK  clkbit_raw                                                                                       31.388        0.000                      0                    8                                                                        
clkbit_raw                                                                                  dbg_hub/inst/BSCANID.u_xsdbm_id/SWITCH_N_EXT_BSCAN.bscan_inst/SERIES7_BSCAN.bscan_inst/TCK       30.426        0.000                      0                    8                                                                        


------------------------------------------------------------------------------------------------
| Other Path Groups Table
| -----------------------
------------------------------------------------------------------------------------------------

Path Group                                                                                  From Clock                                                                                  To Clock                                                                                        WNS(ns)      TNS(ns)  TNS Failing Endpoints  TNS Total Endpoints      WHS(ns)      THS(ns)  THS Failing Endpoints  THS Total Endpoints  
----------                                                                                  ----------                                                                                  --------                                                                                        -------      -------  ---------------------  -------------------      -------      -------  ---------------------  -------------------  
**async_default**                                                                           clkbit_raw                                                                                  clkbit_raw                                                                                       29.156        0.000                      0                  105        0.348        0.000                      0                  105  
**async_default**                                                                           dbg_hub/inst/BSCANID.u_xsdbm_id/SWITCH_N_EXT_BSCAN.bscan_inst/SERIES7_BSCAN.bscan_inst/TCK  dbg_hub/inst/BSCANID.u_xsdbm_id/SWITCH_N_EXT_BSCAN.bscan_inst/SERIES7_BSCAN.bscan_inst/TCK       27.962        0.000                      0                  100        0.319        0.000                      0                  100  


------------------------------------------------------------------------------------------------
| Timing Details
| --------------
------------------------------------------------------------------------------------------------


---------------------------------------------------------------------------------------------------
From Clock:  clk50
  To Clock:  clk50

Setup :           NA  Failing Endpoints,  Worst Slack           NA  ,  Total Violation           NA
Hold  :           NA  Failing Endpoints,  Worst Slack           NA  ,  Total Violation           NA
PW    :            0  Failing Endpoints,  Worst Slack        7.000ns,  Total Violation        0.000ns
---------------------------------------------------------------------------------------------------


Pulse Width Checks
--------------------------------------------------------------------------------------
Clock Name:         clk50
Waveform(ns):       { 0.000 10.000 }
Period(ns):         20.000
Sources:            { clk50 }

Check Type        Corner  Lib Pin            Reference Pin  Required(ns)  Actual(ns)  Slack(ns)  Location         Pin
Min Period        n/a     MMCME2_ADV/CLKIN1  n/a            1.249         20.000      18.751     MMCME2_ADV_X1Y1  u_mmcm/CLKIN1
Max Period        n/a     MMCME2_ADV/CLKIN1  n/a            100.000       20.000      80.000     MMCME2_ADV_X1Y1  u_mmcm/CLKIN1
Low Pulse Width   Slow    MMCME2_ADV/CLKIN1  n/a            3.000         10.000      7.000      MMCME2_ADV_X1Y1  u_mmcm/CLKIN1
High Pulse Width  Slow    MMCME2_ADV/CLKIN1  n/a            3.000         10.000      7.000      MMCME2_ADV_X1Y1  u_mmcm/CLKIN1



---------------------------------------------------------------------------------------------------
From Clock:  clkbit90_raw
  To Clock:  clkbit90_raw

Setup :           NA  Failing Endpoints,  Worst Slack           NA  ,  Total Violation           NA
Hold  :           NA  Failing Endpoints,  Worst Slack           NA  ,  Total Violation           NA
PW    :            0  Failing Endpoints,  Worst Slack       29.845ns,  Total Violation        0.000ns
---------------------------------------------------------------------------------------------------


Pulse Width Checks
--------------------------------------------------------------------------------------
Clock Name:         clkbit90_raw
Waveform(ns):       { 2.500 18.500 }
Period(ns):         32.000
Sources:            { u_mmcm/CLKOUT1 }

Check Type  Corner  Lib Pin             Reference Pin  Required(ns)  Actual(ns)  Slack(ns)  Location         Pin
Min Period  n/a     BUFG/I              n/a            2.155         32.000      29.845     BUFGCTRL_X0Y17   u_bufg_90/I
Max Period  n/a     MMCME2_ADV/CLKOUT1  n/a            213.360       32.000      181.360    MMCME2_ADV_X1Y1  u_mmcm/CLKOUT1



---------------------------------------------------------------------------------------------------
From Clock:  clkbit_raw
  To Clock:  clkbit_raw

Setup :            0  Failing Endpoints,  Worst Slack       21.341ns,  Total Violation        0.000ns
Hold  :            0  Failing Endpoints,  Worst Slack        0.022ns,  Total Violation        0.000ns
PW    :            0  Failing Endpoints,  Worst Slack       14.750ns,  Total Violation        0.000ns
---------------------------------------------------------------------------------------------------


Max Delay Paths
--------------------------------------------------------------------------------------
Slack (MET) :             21.341ns  (required time - arrival time)
  Source:                 u_seq/pix_addr_reg[11]/C
                            (rising edge-triggered cell FDRE clocked by clkbit_raw  {rise@0.000ns fall@16.000ns period=32.000ns})
  Destination:            u_seq/reg_q_reg[5]/D
                            (rising edge-triggered cell FDRE clocked by clkbit_raw  {rise@0.000ns fall@16.000ns period=32.000ns})
  Path Group:             clkbit_raw
  Path Type:              Setup (Max at Slow Process Corner)
  Requirement:            32.000ns  (clkbit_raw rise@32.000ns - clkbit_raw rise@0.000ns)
  Data Path Delay:        10.523ns  (logic 2.029ns (19.282%)  route 8.494ns (80.718%))
  Logic Levels:           9  (LUT2=1 LUT3=1 LUT4=1 LUT5=2 LUT6=3 RAMD64E=1)
  Clock Path Skew:        -0.110ns (DCD - SCD + CPR)
    Destination Clock Delay (DCD):    -1.600ns = ( 30.400 - 32.000 ) 
    Source Clock Delay      (SCD):    -0.915ns
    Clock Pessimism Removal (CPR):    0.576ns
  Clock Uncertainty:      0.101ns  ((TSJ^2 + DJ^2)^1/2) / 2 + PE
    Total System Jitter     (TSJ):    0.071ns
    Discrete Jitter          (DJ):    0.190ns
    Phase Error              (PE):    0.000ns

    Location             Delay type                Incr(ns)  Path(ns)    Netlist Resource(s)
  -------------------------------------------------------------------    -------------------
                         (clock clkbit_raw rise edge)
                                                      0.000     0.000 r  
    M19                                               0.000     0.000 r  clk50 (IN)
                         net (fo=0)                   0.000     0.000    clk50
    M19                  IBUF (Prop_ibuf_I_O)         1.436     1.436 r  clk50_IBUF_inst/O
                         net (fo=1, routed)           1.285     2.721    clk50_IBUF
    MMCME2_ADV_X1Y1      MMCME2_ADV (Prop_mmcme2_adv_CLKIN1_CLKOUT0)
                                                     -7.406    -4.685 r  u_mmcm/CLKOUT0
                         net (fo=1, routed)           1.889    -2.796    clkbit_raw
    BUFGCTRL_X0Y16       BUFG (Prop_bufg_I_O)         0.101    -2.695 r  u_bufg_0/O
                         net (fo=2468, routed)        1.780    -0.915    u_seq/clk
    SLICE_X91Y24         FDRE                                         r  u_seq/pix_addr_reg[11]/C
  -------------------------------------------------------------------    -------------------
    SLICE_X91Y24         FDRE (Prop_fdre_C_Q)         0.456    -0.459 f  u_seq/pix_addr_reg[11]/Q
                         net (fo=3, routed)           0.834     0.375    u_seq/pix_addr_reg[11]
    SLICE_X92Y24         LUT4 (Prop_lut4_I0_O)        0.124     0.499 f  u_seq/pl_last_INST_0_i_5/O
                         net (fo=1, routed)           0.755     1.254    u_seq/pl_last_INST_0_i_5_n_0
    SLICE_X91Y26         LUT5 (Prop_lut5_I4_O)        0.124     1.378 f  u_seq/pl_last_INST_0_i_4/O
                         net (fo=1, routed)           0.629     2.008    u_seq/pl_last_INST_0_i_4_n_0
    SLICE_X92Y22         LUT6 (Prop_lut6_I5_O)        0.124     2.132 f  u_seq/pl_last_INST_0_i_1/O
                         net (fo=1, routed)           0.959     3.090    u_seq/pl_last_INST_0_i_1_n_0
    SLICE_X87Y34         LUT6 (Prop_lut6_I0_O)        0.124     3.214 f  u_seq/pl_last_INST_0/O
                         net (fo=2, routed)           0.953     4.168    u_tx/pl_last
    SLICE_X88Y31         LUT5 (Prop_lut5_I3_O)        0.154     4.322 r  u_tx/pl_next_INST_0/O
                         net (fo=15, routed)          0.595     4.917    u_seq/pl_next
    SLICE_X89Y34         LUT2 (Prop_lut2_I1_O)        0.321     5.238 r  u_seq/reg_rom_reg_0_63_0_2_i_7/O
                         net (fo=64, routed)          1.479     6.717    u_seq/reg_rom_reg_192_255_3_5/ADDRC0
    SLICE_X92Y35         RAMD64E (Prop_ramd64e_RADR0_O)
                                                      0.326     7.043 r  u_seq/reg_rom_reg_192_255_3_5/RAMC/O
                         net (fo=1, routed)           1.234     8.277    u_seq/reg_rom_reg_192_255_3_5_n_2
    SLICE_X91Y33         LUT6 (Prop_lut6_I0_O)        0.124     8.401 r  u_seq/reg_q[5]_i_3/O
                         net (fo=1, routed)           1.055     9.456    u_seq/reg_raw[5]
    SLICE_X85Y33         LUT3 (Prop_lut3_I1_O)        0.152     9.608 r  u_seq/reg_q[5]_i_1/O
                         net (fo=1, routed)           0.000     9.608    u_seq/reg_masked[5]
    SLICE_X85Y33         FDRE                                         r  u_seq/reg_q_reg[5]/D
  -------------------------------------------------------------------    -------------------

                         (clock clkbit_raw rise edge)
                                                     32.000    32.000 r  
    M19                                               0.000    32.000 r  clk50 (IN)
                         net (fo=0)                   0.000    32.000    clk50
    M19                  IBUF (Prop_ibuf_I_O)         1.366    33.366 r  clk50_IBUF_inst/O
                         net (fo=1, routed)           1.162    34.528    clk50_IBUF
    MMCME2_ADV_X1Y1      MMCME2_ADV (Prop_mmcme2_adv_CLKIN1_CLKOUT0)
                                                     -7.500    27.028 r  u_mmcm/CLKOUT0
                         net (fo=1, routed)           1.725    28.753    clkbit_raw
    BUFGCTRL_X0Y16       BUFG (Prop_bufg_I_O)         0.091    28.844 r  u_bufg_0/O
                         net (fo=2468, routed)        1.555    30.400    u_seq/clk
    SLICE_X85Y33         FDRE                                         r  u_seq/reg_q_reg[5]/C
                         clock pessimism              0.576    30.975    
                         clock uncertainty           -0.101    30.874    
    SLICE_X85Y33         FDRE (Setup_fdre_C_D)        0.075    30.949    u_seq/reg_q_reg[5]
  -------------------------------------------------------------------
                         required time                         30.949    
                         arrival time                          -9.608    
  -------------------------------------------------------------------
                         slack                                 21.341    





Min Delay Paths
--------------------------------------------------------------------------------------
Slack (MET) :             0.022ns  (arrival time - required time)
  Source:                 ack_err_cnt_reg[12]/C
                            (rising edge-triggered cell FDRE clocked by clkbit_raw  {rise@0.000ns fall@16.000ns period=32.000ns})
  Destination:            <hidden>
                            (rising edge-triggered cell FDRE clocked by clkbit_raw  {rise@0.000ns fall@16.000ns period=32.000ns})
  Path Group:             clkbit_raw
  Path Type:              Hold (Min at Fast Process Corner)
  Requirement:            0.000ns  (clkbit_raw rise@0.000ns - clkbit_raw rise@0.000ns)
  Data Path Delay:        0.343ns  (logic 0.164ns (47.834%)  route 0.179ns (52.166%))
  Logic Levels:           0  
  Clock Path Skew:        0.275ns (DCD - SCD - CPR)
    Destination Clock Delay (DCD):    -0.872ns
    Source Clock Delay      (SCD):    -0.637ns
    Clock Pessimism Removal (CPR):    -0.510ns

    Location             Delay type                Incr(ns)  Path(ns)    Netlist Resource(s)
  -------------------------------------------------------------------    -------------------
                         (clock clkbit_raw rise edge)
                                                      0.000     0.000 r  
    M19                                               0.000     0.000 r  clk50 (IN)
                         net (fo=0)                   0.000     0.000    clk50
    M19                  IBUF (Prop_ibuf_I_O)         0.205     0.205 r  clk50_IBUF_inst/O
                         net (fo=1, routed)           0.440     0.645    clk50_IBUF
    MMCME2_ADV_X1Y1      MMCME2_ADV (Prop_mmcme2_adv_CLKIN1_CLKOUT0)
                                                     -2.444    -1.799 r  u_mmcm/CLKOUT0
                         net (fo=1, routed)           0.529    -1.270    clkbit_raw
    BUFGCTRL_X0Y16       BUFG (Prop_bufg_I_O)         0.026    -1.244 r  u_bufg_0/O
                         net (fo=2468, routed)        0.607    -0.637    clkbit
    SLICE_X90Y50         FDRE                                         r  ack_err_cnt_reg[12]/C
  -------------------------------------------------------------------    -------------------
    SLICE_X90Y50         FDRE (Prop_fdre_C_Q)         0.164    -0.473 r  ack_err_cnt_reg[12]/Q
                         net (fo=2, routed)           0.179    -0.294    <hidden>
    SLICE_X91Y49         FDRE                                         r  <hidden>
  -------------------------------------------------------------------    -------------------

                         (clock clkbit_raw rise edge)
                                                      0.000     0.000 r  
    M19                                               0.000     0.000 r  clk50 (IN)
                         net (fo=0)                   0.000     0.000    clk50
    M19                  IBUF (Prop_ibuf_I_O)         0.392     0.392 r  clk50_IBUF_inst/O
                         net (fo=1, routed)           0.480     0.872    clk50_IBUF
    MMCME2_ADV_X1Y1      MMCME2_ADV (Prop_mmcme2_adv_CLKIN1_CLKOUT0)
                                                     -3.231    -2.359 r  u_mmcm/CLKOUT0
                         net (fo=1, routed)           0.576    -1.783    clkbit_raw
    BUFGCTRL_X0Y16       BUFG (Prop_bufg_I_O)         0.029    -1.754 r  u_bufg_0/O
                         net (fo=2468, routed)        0.882    -0.872    <hidden>
    SLICE_X91Y49         FDRE                                         r  <hidden>
                         clock pessimism              0.510    -0.362    
    SLICE_X91Y49         FDRE (Hold_fdre_C_D)         0.046    -0.316    <hidden>
  -------------------------------------------------------------------
                         required time                          0.316    
                         arrival time                          -0.294    
  -------------------------------------------------------------------
                         slack                                  0.022    





Pulse Width Checks
--------------------------------------------------------------------------------------
Clock Name:         clkbit_raw
Waveform(ns):       { 0.000 16.000 }
Period(ns):         32.000
Sources:            { u_mmcm/CLKOUT0 }

Check Type        Corner  Lib Pin             Reference Pin  Required(ns)  Actual(ns)  Slack(ns)  Location         Pin
Min Period        n/a     RAMB36E1/CLKARDCLK  n/a            2.576         32.000      29.424     RAMB36_X4Y4      fb_rom_q_reg_0/CLKARDCLK
Max Period        n/a     MMCME2_ADV/CLKOUT0  n/a            213.360       32.000      181.360    MMCME2_ADV_X1Y1  u_mmcm/CLKOUT0
Low Pulse Width   Slow    RAMD32/CLK          n/a            1.250         16.000      14.750     SLICE_X86Y40     dbg_hub/inst/BSCANID.u_xsdbm_id/CORE_XSDB.UUT_MASTER/U_ICON_INTERFACE/U_CMD6_RD/U_RD_FIFO/SUBCORE_FIFO.xsdbm_v3_0_3_rdfifo_inst/inst_fifo_gen/gconvfifo.rf/grf.rf/gntv_or_sync_fifo.mem/gdm.dm_gen.dm/RAM_reg_0_15_0_5/RAMA/CLK
High Pulse Width  Slow    RAMD32/CLK          n/a            1.250         16.000      14.750     SLICE_X86Y40     dbg_hub/inst/BSCANID.u_xsdbm_id/CORE_XSDB.UUT_MASTER/U_ICON_INTERFACE/U_CMD6_RD/U_RD_FIFO/SUBCORE_FIFO.xsdbm_v3_0_3_rdfifo_inst/inst_fifo_gen/gconvfifo.rf/grf.rf/gntv_or_sync_fifo.mem/gdm.dm_gen.dm/RAM_reg_0_15_0_5/RAMA/CLK



---------------------------------------------------------------------------------------------------
From Clock:  clkfb
  To Clock:  clkfb

Setup :           NA  Failing Endpoints,  Worst Slack           NA  ,  Total Violation           NA
Hold  :           NA  Failing Endpoints,  Worst Slack           NA  ,  Total Violation           NA
PW    :            0  Failing Endpoints,  Worst Slack       17.845ns,  Total Violation        0.000ns
---------------------------------------------------------------------------------------------------


Pulse Width Checks
--------------------------------------------------------------------------------------
Clock Name:         clkfb
Waveform(ns):       { 0.000 10.000 }
Period(ns):         20.000
Sources:            { u_mmcm/CLKFBOUT }

Check Type  Corner  Lib Pin             Reference Pin  Required(ns)  Actual(ns)  Slack(ns)  Location         Pin
Min Period  n/a     BUFG/I              n/a            2.155         20.000      17.845     BUFGCTRL_X0Y18   u_bufg_fb/I
Max Period  n/a     MMCME2_ADV/CLKFBIN  n/a            100.000       20.000      80.000     MMCME2_ADV_X1Y1  u_mmcm/CLKFBIN



---------------------------------------------------------------------------------------------------
From Clock:  dbg_hub/inst/BSCANID.u_xsdbm_id/SWITCH_N_EXT_BSCAN.bscan_inst/SERIES7_BSCAN.bscan_inst/TCK
  To Clock:  dbg_hub/inst/BSCANID.u_xsdbm_id/SWITCH_N_EXT_BSCAN.bscan_inst/SERIES7_BSCAN.bscan_inst/TCK

Setup :            0  Failing Endpoints,  Worst Slack       26.820ns,  Total Violation        0.000ns
Hold  :            0  Failing Endpoints,  Worst Slack        0.094ns,  Total Violation        0.000ns
PW    :            0  Failing Endpoints,  Worst Slack       15.250ns,  Total Violation        0.000ns
---------------------------------------------------------------------------------------------------


Max Delay Paths
--------------------------------------------------------------------------------------
Slack (MET) :             26.820ns  (required time - arrival time)
  Source:                 dbg_hub/inst/BSCANID.u_xsdbm_id/SWITCH_N_EXT_BSCAN.bscan_switch/state_reg[0]/C
                            (rising edge-triggered cell FDRE clocked by dbg_hub/inst/BSCANID.u_xsdbm_id/SWITCH_N_EXT_BSCAN.bscan_inst/SERIES7_BSCAN.bscan_inst/TCK  {rise@0.000ns fall@16.500ns period=33.000ns})
  Destination:            dbg_hub/inst/BSCANID.u_xsdbm_id/SWITCH_N_EXT_BSCAN.bscan_switch/portno_temp_reg[1]/D
                            (rising edge-triggered cell FDRE clocked by dbg_hub/inst/BSCANID.u_xsdbm_id/SWITCH_N_EXT_BSCAN.bscan_inst/SERIES7_BSCAN.bscan_inst/TCK  {rise@0.000ns fall@16.500ns period=33.000ns})
  Path Group:             dbg_hub/inst/BSCANID.u_xsdbm_id/SWITCH_N_EXT_BSCAN.bscan_inst/SERIES7_BSCAN.bscan_inst/TCK
  Path Type:              Setup (Max at Slow Process Corner)
  Requirement:            33.000ns  (dbg_hub/inst/BSCANID.u_xsdbm_id/SWITCH_N_EXT_BSCAN.bscan_inst/SERIES7_BSCAN.bscan_inst/TCK rise@33.000ns - dbg_hub/inst/BSCANID.u_xsdbm_id/SWITCH_N_EXT_BSCAN.bscan_inst/SERIES7_BSCAN.bscan_inst/TCK rise@0.000ns)
  Data Path Delay:        6.149ns  (logic 2.217ns (36.054%)  route 3.932ns (63.946%))
  Logic Levels:           6  (CARRY4=2 LUT3=1 LUT4=1 LUT5=1 LUT6=1)
  Clock Path Skew:        -0.024ns (DCD - SCD + CPR)
    Destination Clock Delay (DCD):    3.631ns = ( 36.631 - 33.000 ) 
    Source Clock Delay      (SCD):    4.128ns
    Clock Pessimism Removal (CPR):    0.473ns
  Clock Uncertainty:      0.035ns  ((TSJ^2 + TIJ^2)^1/2 + DJ) / 2 + PE
    Total System Jitter     (TSJ):    0.071ns
    Total Input Jitter      (TIJ):    0.000ns
    Discrete Jitter          (DJ):    0.000ns
    Phase Error              (PE):    0.000ns

    Location             Delay type                Incr(ns)  Path(ns)    Netlist Resource(s)
  -------------------------------------------------------------------    -------------------
                         (clock dbg_hub/inst/BSCANID.u_xsdbm_id/SWITCH_N_EXT_BSCAN.bscan_inst/SERIES7_BSCAN.bscan_inst/TCK rise edge)
                                                      0.000     0.000 r  
    BSCAN_X0Y0           BSCANE2                      0.000     0.000 r  dbg_hub/inst/BSCANID.u_xsdbm_id/SWITCH_N_EXT_BSCAN.bscan_inst/SERIES7_BSCAN.bscan_inst/TCK
                         net (fo=1, routed)           2.306     2.306    dbg_hub/inst/BSCANID.u_xsdbm_id/tck_bs
    BUFGCTRL_X0Y0        BUFG (Prop_bufg_I_O)         0.101     2.407 r  dbg_hub/inst/BSCANID.u_xsdbm_id/SWITCH_N_EXT_BSCAN.u_bufg_icon_tck/O
                         net (fo=482, routed)         1.721     4.128    dbg_hub/inst/BSCANID.u_xsdbm_id/SWITCH_N_EXT_BSCAN.bscan_switch/s_bscan_tck
    SLICE_X80Y61         FDRE                                         r  dbg_hub/inst/BSCANID.u_xsdbm_id/SWITCH_N_EXT_BSCAN.bscan_switch/state_reg[0]/C
  -------------------------------------------------------------------    -------------------
    SLICE_X80Y61         FDRE (Prop_fdre_C_Q)         0.419     4.547 r  dbg_hub/inst/BSCANID.u_xsdbm_id/SWITCH_N_EXT_BSCAN.bscan_switch/state_reg[0]/Q
                         net (fo=50, routed)          1.477     6.024    dbg_hub/inst/BSCANID.u_xsdbm_id/SWITCH_N_EXT_BSCAN.bscan_switch/state[0]
    SLICE_X82Y58         LUT4 (Prop_lut4_I1_O)        0.325     6.349 r  dbg_hub/inst/BSCANID.u_xsdbm_id/SWITCH_N_EXT_BSCAN.bscan_switch/curid_inferred_i_21/O
                         net (fo=2, routed)           0.884     7.233    dbg_hub/inst/BSCANID.u_xsdbm_id/SWITCH_N_EXT_BSCAN.bscan_switch/curid[11]
    SLICE_X85Y57         LUT6 (Prop_lut6_I3_O)        0.328     7.561 r  dbg_hub/inst/BSCANID.u_xsdbm_id/SWITCH_N_EXT_BSCAN.bscan_switch/state_temp[0]_i_11/O
                         net (fo=1, routed)           0.000     7.561    dbg_hub/inst/BSCANID.u_xsdbm_id/SWITCH_N_EXT_BSCAN.bscan_switch/state_temp[0]_i_11_n_0
    SLICE_X85Y57         CARRY4 (Prop_carry4_S[1]_CO[3])
                                                      0.550     8.111 r  dbg_hub/inst/BSCANID.u_xsdbm_id/SWITCH_N_EXT_BSCAN.bscan_switch/state_temp_reg[0]_i_4/CO[3]
                         net (fo=1, routed)           0.000     8.111    dbg_hub/inst/BSCANID.u_xsdbm_id/SWITCH_N_EXT_BSCAN.bscan_switch/state_temp_reg[0]_i_4_n_0
    SLICE_X85Y58         CARRY4 (Prop_carry4_CI_CO[3])
                                                      0.114     8.225 f  dbg_hub/inst/BSCANID.u_xsdbm_id/SWITCH_N_EXT_BSCAN.bscan_switch/state_temp_reg[0]_i_3/CO[3]
                         net (fo=4, routed)           1.048     9.273    dbg_hub/inst/BSCANID.u_xsdbm_id/SWITCH_N_EXT_BSCAN.bscan_switch/state_temp_reg[0]_i_3_n_0
    SLICE_X80Y60         LUT5 (Prop_lut5_I1_O)        0.149     9.422 r  dbg_hub/inst/BSCANID.u_xsdbm_id/SWITCH_N_EXT_BSCAN.bscan_switch/portno_temp[5]_i_2/O
                         net (fo=7, routed)           0.523     9.945    dbg_hub/inst/BSCANID.u_xsdbm_id/SWITCH_N_EXT_BSCAN.bscan_switch/portno_temp[5]_i_2_n_0
    SLICE_X80Y60         LUT3 (Prop_lut3_I1_O)        0.332    10.277 r  dbg_hub/inst/BSCANID.u_xsdbm_id/SWITCH_N_EXT_BSCAN.bscan_switch/portno_temp[1]_i_1/O
                         net (fo=1, routed)           0.000    10.277    dbg_hub/inst/BSCANID.u_xsdbm_id/SWITCH_N_EXT_BSCAN.bscan_switch/portno_temp[1]_i_1_n_0
    SLICE_X80Y60         FDRE                                         r  dbg_hub/inst/BSCANID.u_xsdbm_id/SWITCH_N_EXT_BSCAN.bscan_switch/portno_temp_reg[1]/D
  -------------------------------------------------------------------    -------------------

                         (clock dbg_hub/inst/BSCANID.u_xsdbm_id/SWITCH_N_EXT_BSCAN.bscan_inst/SERIES7_BSCAN.bscan_inst/TCK rise edge)
                                                     33.000    33.000 r  
    BSCAN_X0Y0           BSCANE2                      0.000    33.000 r  dbg_hub/inst/BSCANID.u_xsdbm_id/SWITCH_N_EXT_BSCAN.bscan_inst/SERIES7_BSCAN.bscan_inst/TCK
                         net (fo=1, routed)           1.994    34.994    dbg_hub/inst/BSCANID.u_xsdbm_id/tck_bs
    BUFGCTRL_X0Y0        BUFG (Prop_bufg_I_O)         0.091    35.085 r  dbg_hub/inst/BSCANID.u_xsdbm_id/SWITCH_N_EXT_BSCAN.u_bufg_icon_tck/O
                         net (fo=482, routed)         1.546    36.631    dbg_hub/inst/BSCANID.u_xsdbm_id/SWITCH_N_EXT_BSCAN.bscan_switch/s_bscan_tck
    SLICE_X80Y60         FDRE                                         r  dbg_hub/inst/BSCANID.u_xsdbm_id/SWITCH_N_EXT_BSCAN.bscan_switch/portno_temp_reg[1]/C
                         clock pessimism              0.473    37.104    
                         clock uncertainty           -0.035    37.069    
    SLICE_X80Y60         FDRE (Setup_fdre_C_D)        0.029    37.098    dbg_hub/inst/BSCANID.u_xsdbm_id/SWITCH_N_EXT_BSCAN.bscan_switch/portno_temp_reg[1]
  -------------------------------------------------------------------
                         required time                         37.098    
                         arrival time                         -10.277    
  -------------------------------------------------------------------
                         slack                                 26.820    





Min Delay Paths
--------------------------------------------------------------------------------------
Slack (MET) :             0.094ns  (arrival time - required time)
  Source:                 dbg_hub/inst/BSCANID.u_xsdbm_id/CORE_XSDB.UUT_MASTER/U_ICON_INTERFACE/U_CMD6_WR/shift_reg_in_reg[1]/C
                            (rising edge-triggered cell FDCE clocked by dbg_hub/inst/BSCANID.u_xsdbm_id/SWITCH_N_EXT_BSCAN.bscan_inst/SERIES7_BSCAN.bscan_inst/TCK  {rise@0.000ns fall@16.500ns period=33.000ns})
  Destination:            dbg_hub/inst/BSCANID.u_xsdbm_id/CORE_XSDB.UUT_MASTER/U_ICON_INTERFACE/U_CMD6_WR/U_WR_FIFO/SUBCORE_FIFO.xsdbm_v3_0_3_wrfifo_inst/inst_fifo_gen/gconvfifo.rf/grf.rf/gntv_or_sync_fifo.mem/gdm.dm_gen.dm/RAM_reg_0_15_0_5/RAMA/I
                            (rising edge-triggered cell RAMD32 clocked by dbg_hub/inst/BSCANID.u_xsdbm_id/SWITCH_N_EXT_BSCAN.bscan_inst/SERIES7_BSCAN.bscan_inst/TCK  {rise@0.000ns fall@16.500ns period=33.000ns})
  Path Group:             dbg_hub/inst/BSCANID.u_xsdbm_id/SWITCH_N_EXT_BSCAN.bscan_inst/SERIES7_BSCAN.bscan_inst/TCK
  Path Type:              Hold (Min at Fast Process Corner)
  Requirement:            0.000ns  (dbg_hub/inst/BSCANID.u_xsdbm_id/SWITCH_N_EXT_BSCAN.bscan_inst/SERIES7_BSCAN.bscan_inst/TCK rise@0.000ns - dbg_hub/inst/BSCANID.u_xsdbm_id/SWITCH_N_EXT_BSCAN.bscan_inst/SERIES7_BSCAN.bscan_inst/TCK rise@0.000ns)
  Data Path Delay:        0.257ns  (logic 0.141ns (54.911%)  route 0.116ns (45.089%))
  Logic Levels:           0  
  Clock Path Skew:        0.016ns (DCD - SCD - CPR)
    Destination Clock Delay (DCD):    2.043ns
    Source Clock Delay      (SCD):    1.638ns
    Clock Pessimism Removal (CPR):    0.388ns

    Location             Delay type                Incr(ns)  Path(ns)    Netlist Resource(s)
  -------------------------------------------------------------------    -------------------
                         (clock dbg_hub/inst/BSCANID.u_xsdbm_id/SWITCH_N_EXT_BSCAN.bscan_inst/SERIES7_BSCAN.bscan_inst/TCK rise edge)
                                                      0.000     0.000 r  
    BSCAN_X0Y0           BSCANE2                      0.000     0.000 r  dbg_hub/inst/BSCANID.u_xsdbm_id/SWITCH_N_EXT_BSCAN.bscan_inst/SERIES7_BSCAN.bscan_inst/TCK
                         net (fo=1, routed)           1.028     1.028    dbg_hub/inst/BSCANID.u_xsdbm_id/tck_bs
    BUFGCTRL_X0Y0        BUFG (Prop_bufg_I_O)         0.026     1.054 r  dbg_hub/inst/BSCANID.u_xsdbm_id/SWITCH_N_EXT_BSCAN.u_bufg_icon_tck/O
                         net (fo=482, routed)         0.585     1.638    dbg_hub/inst/BSCANID.u_xsdbm_id/CORE_XSDB.UUT_MASTER/U_ICON_INTERFACE/U_CMD6_WR/m_bscan_tck[0]
    SLICE_X84Y38         FDCE                                         r  dbg_hub/inst/BSCANID.u_xsdbm_id/CORE_XSDB.UUT_MASTER/U_ICON_INTERFACE/U_CMD6_WR/shift_reg_in_reg[1]/C
  -------------------------------------------------------------------    -------------------
    SLICE_X84Y38         FDCE (Prop_fdce_C_Q)         0.141     1.779 r  dbg_hub/inst/BSCANID.u_xsdbm_id/CORE_XSDB.UUT_MASTER/U_ICON_INTERFACE/U_CMD6_WR/shift_reg_in_reg[1]/Q
                         net (fo=2, routed)           0.116     1.895    dbg_hub/inst/BSCANID.u_xsdbm_id/CORE_XSDB.UUT_MASTER/U_ICON_INTERFACE/U_CMD6_WR/U_WR_FIFO/SUBCORE_FIFO.xsdbm_v3_0_3_wrfifo_inst/inst_fifo_gen/gconvfifo.rf/grf.rf/gntv_or_sync_fifo.mem/gdm.dm_gen.dm/RAM_reg_0_15_0_5/DIA0
    SLICE_X82Y38         RAMD32                                       r  dbg_hub/inst/BSCANID.u_xsdbm_id/CORE_XSDB.UUT_MASTER/U_ICON_INTERFACE/U_CMD6_WR/U_WR_FIFO/SUBCORE_FIFO.xsdbm_v3_0_3_wrfifo_inst/inst_fifo_gen/gconvfifo.rf/grf.rf/gntv_or_sync_fifo.mem/gdm.dm_gen.dm/RAM_reg_0_15_0_5/RAMA/I
  -------------------------------------------------------------------    -------------------

                         (clock dbg_hub/inst/BSCANID.u_xsdbm_id/SWITCH_N_EXT_BSCAN.bscan_inst/SERIES7_BSCAN.bscan_inst/TCK rise edge)
                                                      0.000     0.000 r  
    BSCAN_X0Y0           BSCANE2                      0.000     0.000 r  dbg_hub/inst/BSCANID.u_xsdbm_id/SWITCH_N_EXT_BSCAN.bscan_inst/SERIES7_BSCAN.bscan_inst/TCK
                         net (fo=1, routed)           1.160     1.160    dbg_hub/inst/BSCANID.u_xsdbm_id/tck_bs
    BUFGCTRL_X0Y0        BUFG (Prop_bufg_I_O)         0.029     1.189 r  dbg_hub/inst/BSCANID.u_xsdbm_id/SWITCH_N_EXT_BSCAN.u_bufg_icon_tck/O
                         net (fo=482, routed)         0.854     2.043    dbg_hub/inst/BSCANID.u_xsdbm_id/CORE_XSDB.UUT_MASTER/U_ICON_INTERFACE/U_CMD6_WR/U_WR_FIFO/SUBCORE_FIFO.xsdbm_v3_0_3_wrfifo_inst/inst_fifo_gen/gconvfifo.rf/grf.rf/gntv_or_sync_fifo.mem/gdm.dm_gen.dm/RAM_reg_0_15_0_5/WCLK
    SLICE_X82Y38         RAMD32                                       r  dbg_hub/inst/BSCANID.u_xsdbm_id/CORE_XSDB.UUT_MASTER/U_ICON_INTERFACE/U_CMD6_WR/U_WR_FIFO/SUBCORE_FIFO.xsdbm_v3_0_3_wrfifo_inst/inst_fifo_gen/gconvfifo.rf/grf.rf/gntv_or_sync_fifo.mem/gdm.dm_gen.dm/RAM_reg_0_15_0_5/RAMA/CLK
                         clock pessimism             -0.388     1.654    
    SLICE_X82Y38         RAMD32 (Hold_ramd32_CLK_I)
                                                      0.147     1.801    dbg_hub/inst/BSCANID.u_xsdbm_id/CORE_XSDB.UUT_MASTER/U_ICON_INTERFACE/U_CMD6_WR/U_WR_FIFO/SUBCORE_FIFO.xsdbm_v3_0_3_wrfifo_inst/inst_fifo_gen/gconvfifo.rf/grf.rf/gntv_or_sync_fifo.mem/gdm.dm_gen.dm/RAM_reg_0_15_0_5/RAMA
  -------------------------------------------------------------------
                         required time                         -1.801    
                         arrival time                           1.895    
  -------------------------------------------------------------------
                         slack                                  0.094    





Pulse Width Checks
--------------------------------------------------------------------------------------
Clock Name:         dbg_hub/inst/BSCANID.u_xsdbm_id/SWITCH_N_EXT_BSCAN.bscan_inst/SERIES7_BSCAN.bscan_inst/TCK
Waveform(ns):       { 0.000 16.500 }
Period(ns):         33.000
Sources:            { dbg_hub/inst/BSCANID.u_xsdbm_id/SWITCH_N_EXT_BSCAN.bscan_inst/SERIES7_BSCAN.bscan_inst/TCK }

Check Type        Corner  Lib Pin     Reference Pin  Required(ns)  Actual(ns)  Slack(ns)  Location       Pin
Min Period        n/a     BUFG/I      n/a            2.155         33.000      30.845     BUFGCTRL_X0Y0  dbg_hub/inst/BSCANID.u_xsdbm_id/SWITCH_N_EXT_BSCAN.u_bufg_icon_tck/I
Low Pulse Width   Slow    RAMD32/CLK  n/a            1.250         16.500      15.250     SLICE_X82Y38   dbg_hub/inst/BSCANID.u_xsdbm_id/CORE_XSDB.UUT_MASTER/U_ICON_INTERFACE/U_CMD6_WR/U_WR_FIFO/SUBCORE_FIFO.xsdbm_v3_0_3_wrfifo_inst/inst_fifo_gen/gconvfifo.rf/grf.rf/gntv_or_sync_fifo.mem/gdm.dm_gen.dm/RAM_reg_0_15_0_5/RAMA/CLK
High Pulse Width  Slow    RAMD32/CLK  n/a            1.250         16.500      15.250     SLICE_X82Y38   dbg_hub/inst/BSCANID.u_xsdbm_id/CORE_XSDB.UUT_MASTER/U_ICON_INTERFACE/U_CMD6_WR/U_WR_FIFO/SUBCORE_FIFO.xsdbm_v3_0_3_wrfifo_inst/inst_fifo_gen/gconvfifo.rf/grf.rf/gntv_or_sync_fifo.mem/gdm.dm_gen.dm/RAM_reg_0_15_0_5/RAMA/CLK



---------------------------------------------------------------------------------------------------
From Clock:  clkbit_raw
  To Clock:  clkbit90_raw

Setup :            2  Failing Endpoints,  Worst Slack       -0.638ns,  Total Violation       -0.884ns
Hold  :            0  Failing Endpoints,  Worst Slack       29.024ns,  Total Violation        0.000ns
---------------------------------------------------------------------------------------------------


Max Delay Paths
--------------------------------------------------------------------------------------
Slack (VIOLATED) :        -0.638ns  (required time - arrival time)
  Source:                 u_seq/en_2v8_reg/C
                            (rising edge-triggered cell FDRE clocked by clkbit_raw  {rise@0.000ns fall@16.000ns period=32.000ns})
  Destination:            u_oddr_ck/R
                            (rising edge-triggered cell ODDR clocked by clkbit90_raw  {rise@2.500ns fall@18.500ns period=32.000ns})
  Path Group:             clkbit90_raw
  Path Type:              Setup (Max at Slow Process Corner)
  Requirement:            2.500ns  (clkbit90_raw rise@2.500ns - clkbit_raw rise@0.000ns)
  Data Path Delay:        1.745ns  (logic 0.580ns (33.240%)  route 1.165ns (66.760%))
  Logic Levels:           1  (LUT4=1)
  Clock Path Skew:        -0.374ns (DCD - SCD + CPR)
    Destination Clock Delay (DCD):    -1.481ns = ( 1.019 - 2.500 ) 
    Source Clock Delay      (SCD):    -0.820ns
    Clock Pessimism Removal (CPR):    0.287ns
  Clock Uncertainty:      0.221ns  ((TSJ^2 + DJ^2)^1/2) / 2 + PE
    Total System Jitter     (TSJ):    0.071ns
    Discrete Jitter          (DJ):    0.190ns
    Phase Error              (PE):    0.120ns

    Location             Delay type                Incr(ns)  Path(ns)    Netlist Resource(s)
  -------------------------------------------------------------------    -------------------
                         (clock clkbit_raw rise edge)
                                                      0.000     0.000 r  
    M19                                               0.000     0.000 r  clk50 (IN)
                         net (fo=0)                   0.000     0.000    clk50
    M19                  IBUF (Prop_ibuf_I_O)         1.436     1.436 r  clk50_IBUF_inst/O
                         net (fo=1, routed)           1.285     2.721    clk50_IBUF
    MMCME2_ADV_X1Y1      MMCME2_ADV (Prop_mmcme2_adv_CLKIN1_CLKOUT0)
                                                     -7.406    -4.685 r  u_mmcm/CLKOUT0
                         net (fo=1, routed)           1.889    -2.796    clkbit_raw
    BUFGCTRL_X0Y16       BUFG (Prop_bufg_I_O)         0.101    -2.695 r  u_bufg_0/O
                         net (fo=2468, routed)        1.875    -0.820    u_seq/clk
    SLICE_X111Y34        FDRE                                         r  u_seq/en_2v8_reg/C
  -------------------------------------------------------------------    -------------------
    SLICE_X111Y34        FDRE (Prop_fdre_C_Q)         0.456    -0.364 f  u_seq/en_2v8_reg/Q
                         net (fo=5, routed)           0.587     0.223    g_dbg.status[11]
    SLICE_X113Y34        LUT4 (Prop_lut4_I1_O)        0.124     0.347 r  u_oddr_ck_i_2/O
                         net (fo=1, routed)           0.578     0.925    R0
    OLOGIC_X1Y34         ODDR                                         r  u_oddr_ck/R
  -------------------------------------------------------------------    -------------------

                         (clock clkbit90_raw rise edge)
                                                      2.500     2.500 r  
    M19                                               0.000     2.500 r  clk50 (IN)
                         net (fo=0)                   0.000     2.500    clk50
    M19                  IBUF (Prop_ibuf_I_O)         1.366     3.866 r  clk50_IBUF_inst/O
                         net (fo=1, routed)           1.162     5.028    clk50_IBUF
    MMCME2_ADV_X1Y1      MMCME2_ADV (Prop_mmcme2_adv_CLKIN1_CLKOUT1)
                                                     -7.500    -2.472 r  u_mmcm/CLKOUT1
                         net (fo=1, routed)           1.725    -0.747    clkbit90_raw
    BUFGCTRL_X0Y17       BUFG (Prop_bufg_I_O)         0.091    -0.656 r  u_bufg_90/O
                         net (fo=1, routed)           1.675     1.019    clkbit90
    OLOGIC_X1Y34         ODDR                                         r  u_oddr_ck/C
                         clock pessimism              0.287     1.306    
                         clock uncertainty           -0.221     1.085    
    OLOGIC_X1Y34         ODDR (Setup_oddr_C_R)       -0.798     0.287    u_oddr_ck
  -------------------------------------------------------------------
                         required time                          0.287    
                         arrival time                          -0.925    
  -------------------------------------------------------------------
                         slack                                 -0.638    





Min Delay Paths
--------------------------------------------------------------------------------------
Slack (MET) :             29.024ns  (arrival time - required time)
  Source:                 <hidden>
                            (rising edge-triggered cell FDRE clocked by clkbit_raw  {rise@0.000ns fall@16.000ns period=32.000ns})
  Destination:            u_oddr_ck/R
                            (rising edge-triggered cell ODDR clocked by clkbit90_raw  {rise@2.500ns fall@18.500ns period=32.000ns})
  Path Group:             clkbit90_raw
  Path Type:              Hold (Min at Fast Process Corner)
  Requirement:            -29.500ns  (clkbit90_raw rise@2.500ns - clkbit_raw rise@32.000ns)
  Data Path Delay:        0.537ns  (logic 0.209ns (38.956%)  route 0.328ns (61.044%))
  Logic Levels:           1  (LUT4=1)
  Clock Path Skew:        0.315ns (DCD - SCD - CPR)
    Destination Clock Delay (DCD):    -0.851ns = ( 1.649 - 2.500 ) 
    Source Clock Delay      (SCD):    -0.606ns = ( 31.394 - 32.000 ) 
    Clock Pessimism Removal (CPR):    -0.560ns
  Clock Uncertainty:      0.221ns  ((TSJ^2 + DJ^2)^1/2) / 2 + PE
    Total System Jitter     (TSJ):    0.071ns
    Discrete Jitter          (DJ):    0.190ns
    Phase Error              (PE):    0.120ns

    Location             Delay type                Incr(ns)  Path(ns)    Netlist Resource(s)
  -------------------------------------------------------------------    -------------------
                         (clock clkbit_raw rise edge)
                                                     32.000    32.000 r  
    M19                                               0.000    32.000 r  clk50 (IN)
                         net (fo=0)                   0.000    32.000    clk50
    M19                  IBUF (Prop_ibuf_I_O)         0.205    32.205 r  clk50_IBUF_inst/O
                         net (fo=1, routed)           0.440    32.645    clk50_IBUF
    MMCME2_ADV_X1Y1      MMCME2_ADV (Prop_mmcme2_adv_CLKIN1_CLKOUT0)
                                                     -2.444    30.201 r  u_mmcm/CLKOUT0
                         net (fo=1, routed)           0.529    30.730    clkbit_raw
    BUFGCTRL_X0Y16       BUFG (Prop_bufg_I_O)         0.026    30.756 r  u_bufg_0/O
                         net (fo=2468, routed)        0.638    31.394    <hidden>
    SLICE_X112Y34        FDRE                                         r  <hidden>
  -------------------------------------------------------------------    -------------------
    SLICE_X112Y34        FDRE (Prop_fdre_C_Q)         0.164    31.558 r  <hidden>
                         net (fo=1, routed)           0.082    31.640    g_dbg.o_crc_mode[3]
    SLICE_X113Y34        LUT4 (Prop_lut4_I2_O)        0.045    31.685 r  u_oddr_ck_i_2/O
                         net (fo=1, routed)           0.245    31.930    R0
    OLOGIC_X1Y34         ODDR                                         r  u_oddr_ck/R
  -------------------------------------------------------------------    -------------------

                         (clock clkbit90_raw rise edge)
                                                      2.500     2.500 r  
    M19                                               0.000     2.500 r  clk50 (IN)
                         net (fo=0)                   0.000     2.500    clk50
    M19                  IBUF (Prop_ibuf_I_O)         0.392     2.892 r  clk50_IBUF_inst/O
                         net (fo=1, routed)           0.480     3.372    clk50_IBUF
    MMCME2_ADV_X1Y1      MMCME2_ADV (Prop_mmcme2_adv_CLKIN1_CLKOUT1)
                                                     -3.231     0.141 r  u_mmcm/CLKOUT1
                         net (fo=1, routed)           0.576     0.717    clkbit90_raw
    BUFGCTRL_X0Y17       BUFG (Prop_bufg_I_O)         0.029     0.746 r  u_bufg_90/O
                         net (fo=1, routed)           0.903     1.649    clkbit90
    OLOGIC_X1Y34         ODDR                                         r  u_oddr_ck/C
                         clock pessimism              0.560     2.209    
                         clock uncertainty            0.221     2.431    
    OLOGIC_X1Y34         ODDR (Hold_oddr_C_R)         0.476     2.907    u_oddr_ck
  -------------------------------------------------------------------
                         required time                         -2.907    
                         arrival time                          31.930    
  -------------------------------------------------------------------
                         slack                                 29.024    





---------------------------------------------------------------------------------------------------
From Clock:  clkbit_raw
  To Clock:  lvds_ck

Setup :            0  Failing Endpoints,  Worst Slack        0.208ns,  Total Violation        0.000ns
Hold  :            0  Failing Endpoints,  Worst Slack        0.192ns,  Total Violation        0.000ns
---------------------------------------------------------------------------------------------------


Max Delay Paths
--------------------------------------------------------------------------------------
Slack (MET) :             0.208ns  (required time - arrival time)
  Source:                 g_lane[0].u_oddr/C
                            (rising edge-triggered cell ODDR clocked by clkbit_raw  {rise@0.000ns fall@16.000ns period=32.000ns})
  Destination:            b_p
                            (output port clocked by lvds_ck  {rise@2.500ns fall@18.500ns period=32.000ns})
  Path Group:             lvds_ck
  Path Type:              Max at Slow Process Corner
  Requirement:            2.500ns  (lvds_ck rise@2.500ns - clkbit_raw rise@0.000ns)
  Data Path Delay:        2.223ns  (logic 2.222ns (99.955%)  route 0.001ns (0.045%))
  Logic Levels:           1  (OBUFDS=1)
  Output Delay:           1.500ns
  Clock Path Skew:        1.652ns (DCD - SCD + CPR)
    Destination Clock Delay (DCD):    0.569ns = ( 3.069 - 2.500 ) 
    Source Clock Delay      (SCD):    -0.796ns
    Clock Pessimism Removal (CPR):    0.287ns
  Clock Uncertainty:      0.221ns  ((TSJ^2 + DJ^2)^1/2) / 2 + PE
    Total System Jitter     (TSJ):    0.071ns
    Discrete Jitter          (DJ):    0.190ns
    Phase Error              (PE):    0.120ns

    Location             Delay type                Incr(ns)  Path(ns)    Netlist Resource(s)
  -------------------------------------------------------------------    -------------------
                         (clock clkbit_raw rise edge)
                                                      0.000     0.000 r  
    M19                                               0.000     0.000 r  clk50 (IN)
                         net (fo=0)                   0.000     0.000    clk50
    M19                  IBUF (Prop_ibuf_I_O)         1.436     1.436 r  clk50_IBUF_inst/O
                         net (fo=1, routed)           1.285     2.721    clk50_IBUF
    MMCME2_ADV_X1Y1      MMCME2_ADV (Prop_mmcme2_adv_CLKIN1_CLKOUT0)
                                                     -7.406    -4.685 r  u_mmcm/CLKOUT0
                         net (fo=1, routed)           1.889    -2.796    clkbit_raw
    BUFGCTRL_X0Y16       BUFG (Prop_bufg_I_O)         0.101    -2.695 r  u_bufg_0/O
                         net (fo=2468, routed)        1.898    -0.796    clkbit
    OLOGIC_X1Y36         ODDR                                         r  g_lane[0].u_oddr/C
  -------------------------------------------------------------------    -------------------
    OLOGIC_X1Y36         ODDR (Prop_oddr_C_Q)         0.472    -0.324 r  g_lane[0].u_oddr/Q
                         net (fo=1, routed)           0.001    -0.323    lane_q_0
    AA22                 OBUFDS (Prop_obufds_I_O)     1.750     1.427 r  u_obuf_d0/O
                         net (fo=0)                   0.000     1.427    b_p
    AA22                                                              r  b_p (OUT)
  -------------------------------------------------------------------    -------------------

                         (clock lvds_ck rise edge)    2.500     2.500 f  
    M19                                               0.000     2.500 f  clk50 (IN)
                         net (fo=0)                   0.000     2.500    clk50
    M19                  IBUF (Prop_ibuf_I_O)         1.366     3.866 f  clk50_IBUF_inst/O
                         net (fo=1, routed)           1.162     5.028    clk50_IBUF
    MMCME2_ADV_X1Y1      MMCME2_ADV (Prop_mmcme2_adv_CLKIN1_CLKOUT1)
                                                     -7.500    -2.472 f  u_mmcm/CLKOUT1
                         net (fo=1, routed)           1.725    -0.747    clkbit90_raw
    BUFGCTRL_X0Y17       BUFG (Prop_bufg_I_O)         0.091    -0.656 f  u_bufg_90/O
                         net (fo=1, routed)           1.675     1.019    clkbit90
    OLOGIC_X1Y34         ODDR (Prop_oddr_C_Q)         0.411     1.430 r  u_oddr_ck/Q
                         net (fo=1, routed)           0.001     1.431    clkfwd
    AA21                 OBUFDS (Prop_obufds_I_O)     1.638     3.069 r  u_obuf_ck/O
                         net (fo=0)                   0.000     3.069    clk_p
    AA21                                                              r  clk_p (OUT)
                         clock pessimism              0.287     3.356    
                         clock uncertainty           -0.221     3.134    
                         output delay                -1.500     1.634    
  -------------------------------------------------------------------
                         required time                          1.634    
                         arrival time                          -1.427    
  -------------------------------------------------------------------
                         slack                                  0.208    





Min Delay Paths
--------------------------------------------------------------------------------------
Slack (MET) :             0.192ns  (arrival time - required time)
  Source:                 g_lane[1].u_oddr/C
                            (falling edge-triggered cell ODDR clocked by clkbit_raw  {rise@0.000ns fall@16.000ns period=32.000ns})
  Destination:            g_p
                            (output port clocked by lvds_ck  {rise@2.500ns fall@18.500ns period=32.000ns})
  Path Group:             lvds_ck
  Path Type:              Min at Slow Process Corner
  Requirement:            -13.500ns  (lvds_ck rise@2.500ns - clkbit_raw fall@16.000ns)
  Data Path Delay:        2.034ns  (logic 2.033ns (99.951%)  route 0.001ns (0.049%))
  Logic Levels:           1  (OBUFDS=1)
  Output Delay:           -12.500ns
  Clock Path Skew:        2.620ns (DCD - SCD - CPR)
    Destination Clock Delay (DCD):    1.426ns = ( 3.926 - 2.500 ) 
    Source Clock Delay      (SCD):    -1.482ns = ( 14.518 - 16.000 ) 
    Clock Pessimism Removal (CPR):    0.287ns
  Clock Uncertainty:      0.221ns  ((TSJ^2 + DJ^2)^1/2) / 2 + PE
    Total System Jitter     (TSJ):    0.071ns
    Discrete Jitter          (DJ):    0.190ns
    Phase Error              (PE):    0.120ns

    Location             Delay type                Incr(ns)  Path(ns)    Netlist Resource(s)
  -------------------------------------------------------------------    -------------------
                         (clock clkbit_raw fall edge)
                                                     16.000    16.000 f  
    M19                                               0.000    16.000 f  clk50 (IN)
                         net (fo=0)                   0.000    16.000    clk50
    M19                  IBUF (Prop_ibuf_I_O)         1.366    17.366 f  clk50_IBUF_inst/O
                         net (fo=1, routed)           1.162    18.528    clk50_IBUF
    MMCME2_ADV_X1Y1      MMCME2_ADV (Prop_mmcme2_adv_CLKIN1_CLKOUT0)
                                                     -7.500    11.028 f  u_mmcm/CLKOUT0
                         net (fo=1, routed)           1.725    12.753    clkbit_raw
    BUFGCTRL_X0Y16       BUFG (Prop_bufg_I_O)         0.091    12.844 f  u_bufg_0/O
                         net (fo=2468, routed)        1.674    14.518    clkbit
    OLOGIC_X1Y32         ODDR                                         f  g_lane[1].u_oddr/C
  -------------------------------------------------------------------    -------------------
    OLOGIC_X1Y32         ODDR (Prop_oddr_C_Q)         0.411    14.929 r  g_lane[1].u_oddr/Q
                         net (fo=1, routed)           0.001    14.930    lane_q_1
    Y20                  OBUFDS (Prop_obufds_I_O)     1.622    16.552 r  u_obuf_d1/O
                         net (fo=0)                   0.000    16.552    g_p
    Y20                                                               r  g_p (OUT)
  -------------------------------------------------------------------    -------------------

                         (clock lvds_ck rise edge)    2.500     2.500 f  
    M19                                               0.000     2.500 f  clk50 (IN)
                         net (fo=0)                   0.000     2.500    clk50
    M19                  IBUF (Prop_ibuf_I_O)         1.436     3.936 f  clk50_IBUF_inst/O
                         net (fo=1, routed)           1.285     5.221    clk50_IBUF
    MMCME2_ADV_X1Y1      MMCME2_ADV (Prop_mmcme2_adv_CLKIN1_CLKOUT1)
                                                     -7.406    -2.185 f  u_mmcm/CLKOUT1
                         net (fo=1, routed)           1.889    -0.296    clkbit90_raw
    BUFGCTRL_X0Y17       BUFG (Prop_bufg_I_O)         0.101    -0.195 f  u_bufg_90/O
                         net (fo=1, routed)           1.897     1.703    clkbit90
    OLOGIC_X1Y34         ODDR (Prop_oddr_C_Q)         0.472     2.175 r  u_oddr_ck/Q
                         net (fo=1, routed)           0.001     2.176    clkfwd
    AA21                 OBUFDS (Prop_obufds_I_O)     1.750     3.926 r  u_obuf_ck/O
                         net (fo=0)                   0.000     3.926    clk_p
    AA21                                                              r  clk_p (OUT)
                         clock pessimism             -0.287     3.639    
                         clock uncertainty            0.221     3.860    
                         output delay                12.500    16.360    
  -------------------------------------------------------------------
                         required time                        -16.360    
                         arrival time                          16.552    
  -------------------------------------------------------------------
                         slack                                  0.192    





---------------------------------------------------------------------------------------------------
From Clock:  dbg_hub/inst/BSCANID.u_xsdbm_id/SWITCH_N_EXT_BSCAN.bscan_inst/SERIES7_BSCAN.bscan_inst/TCK
  To Clock:  clkbit_raw

Setup :            0  Failing Endpoints,  Worst Slack       31.388ns,  Total Violation        0.000ns
Hold  :           NA  Failing Endpoints,  Worst Slack           NA  ,  Total Violation           NA
---------------------------------------------------------------------------------------------------


Max Delay Paths
--------------------------------------------------------------------------------------
Slack (MET) :             31.388ns  (required time - arrival time)
  Source:                 dbg_hub/inst/BSCANID.u_xsdbm_id/CORE_XSDB.UUT_MASTER/U_ICON_INTERFACE/U_CMD6_RD/U_RD_FIFO/SUBCORE_FIFO.xsdbm_v3_0_3_rdfifo_inst/inst_fifo_gen/gconvfifo.rf/grf.rf/gntv_or_sync_fifo.gcx.clkx/gnxpm_cdc.rd_pntr_gc_reg[2]/C
                            (rising edge-triggered cell FDCE clocked by dbg_hub/inst/BSCANID.u_xsdbm_id/SWITCH_N_EXT_BSCAN.bscan_inst/SERIES7_BSCAN.bscan_inst/TCK  {rise@0.000ns fall@16.500ns period=33.000ns})
  Destination:            dbg_hub/inst/BSCANID.u_xsdbm_id/CORE_XSDB.UUT_MASTER/U_ICON_INTERFACE/U_CMD6_RD/U_RD_FIFO/SUBCORE_FIFO.xsdbm_v3_0_3_rdfifo_inst/inst_fifo_gen/gconvfifo.rf/grf.rf/gntv_or_sync_fifo.gcx.clkx/gnxpm_cdc.gsync_stage[1].wr_stg_inst/Q_reg_reg[2]/D
                            (rising edge-triggered cell FDCE clocked by clkbit_raw  {rise@0.000ns fall@16.000ns period=32.000ns})
  Path Group:             clkbit_raw
  Path Type:              Setup (Max at Slow Process Corner)
  Requirement:            33.000ns  (MaxDelay Path 33.000ns)
  Data Path Delay:        1.347ns  (logic 0.478ns (35.489%)  route 0.869ns (64.511%))
  Logic Levels:           0  
  Timing Exception:       MaxDelay Path 33.000ns -datapath_only

    Location             Delay type                Incr(ns)  Path(ns)    Netlist Resource(s)
  -------------------------------------------------------------------    -------------------
    SLICE_X86Y43                                      0.000     0.000 r  dbg_hub/inst/BSCANID.u_xsdbm_id/CORE_XSDB.UUT_MASTER/U_ICON_INTERFACE/U_CMD6_RD/U_RD_FIFO/SUBCORE_FIFO.xsdbm_v3_0_3_rdfifo_inst/inst_fifo_gen/gconvfifo.rf/grf.rf/gntv_or_sync_fifo.gcx.clkx/gnxpm_cdc.rd_pntr_gc_reg[2]/C
    SLICE_X86Y43         FDCE (Prop_fdce_C_Q)         0.478     0.478 r  dbg_hub/inst/BSCANID.u_xsdbm_id/CORE_XSDB.UUT_MASTER/U_ICON_INTERFACE/U_CMD6_RD/U_RD_FIFO/SUBCORE_FIFO.xsdbm_v3_0_3_rdfifo_inst/inst_fifo_gen/gconvfifo.rf/grf.rf/gntv_or_sync_fifo.gcx.clkx/gnxpm_cdc.rd_pntr_gc_reg[2]/Q
                         net (fo=1, routed)           0.869     1.347    dbg_hub/inst/BSCANID.u_xsdbm_id/CORE_XSDB.UUT_MASTER/U_ICON_INTERFACE/U_CMD6_RD/U_RD_FIFO/SUBCORE_FIFO.xsdbm_v3_0_3_rdfifo_inst/inst_fifo_gen/gconvfifo.rf/grf.rf/gntv_or_sync_fifo.gcx.clkx/gnxpm_cdc.gsync_stage[1].wr_stg_inst/Q[2]
    SLICE_X85Y43         FDCE                                         r  dbg_hub/inst/BSCANID.u_xsdbm_id/CORE_XSDB.UUT_MASTER/U_ICON_INTERFACE/U_CMD6_RD/U_RD_FIFO/SUBCORE_FIFO.xsdbm_v3_0_3_rdfifo_inst/inst_fifo_gen/gconvfifo.rf/grf.rf/gntv_or_sync_fifo.gcx.clkx/gnxpm_cdc.gsync_stage[1].wr_stg_inst/Q_reg_reg[2]/D
  -------------------------------------------------------------------    -------------------

                         max delay                   33.000    33.000    
    SLICE_X85Y43         FDCE (Setup_fdce_C_D)       -0.265    32.735    dbg_hub/inst/BSCANID.u_xsdbm_id/CORE_XSDB.UUT_MASTER/U_ICON_INTERFACE/U_CMD6_RD/U_RD_FIFO/SUBCORE_FIFO.xsdbm_v3_0_3_rdfifo_inst/inst_fifo_gen/gconvfifo.rf/grf.rf/gntv_or_sync_fifo.gcx.clkx/gnxpm_cdc.gsync_stage[1].wr_stg_inst/Q_reg_reg[2]
  -------------------------------------------------------------------
                         required time                         32.735    
                         arrival time                          -1.347    
  -------------------------------------------------------------------
                         slack                                 31.388    





---------------------------------------------------------------------------------------------------
From Clock:  clkbit_raw
  To Clock:  dbg_hub/inst/BSCANID.u_xsdbm_id/SWITCH_N_EXT_BSCAN.bscan_inst/SERIES7_BSCAN.bscan_inst/TCK

Setup :            0  Failing Endpoints,  Worst Slack       30.426ns,  Total Violation        0.000ns
Hold  :           NA  Failing Endpoints,  Worst Slack           NA  ,  Total Violation           NA
---------------------------------------------------------------------------------------------------


Max Delay Paths
--------------------------------------------------------------------------------------
Slack (MET) :             30.426ns  (required time - arrival time)
  Source:                 dbg_hub/inst/BSCANID.u_xsdbm_id/CORE_XSDB.UUT_MASTER/U_ICON_INTERFACE/U_CMD6_WR/U_WR_FIFO/SUBCORE_FIFO.xsdbm_v3_0_3_wrfifo_inst/inst_fifo_gen/gconvfifo.rf/grf.rf/gntv_or_sync_fifo.gcx.clkx/gnxpm_cdc.rd_pntr_gc_reg[0]/C
                            (rising edge-triggered cell FDCE clocked by clkbit_raw  {rise@0.000ns fall@16.000ns period=32.000ns})
  Destination:            dbg_hub/inst/BSCANID.u_xsdbm_id/CORE_XSDB.UUT_MASTER/U_ICON_INTERFACE/U_CMD6_WR/U_WR_FIFO/SUBCORE_FIFO.xsdbm_v3_0_3_wrfifo_inst/inst_fifo_gen/gconvfifo.rf/grf.rf/gntv_or_sync_fifo.gcx.clkx/gnxpm_cdc.gsync_stage[1].wr_stg_inst/Q_reg_reg[0]/D
                            (rising edge-triggered cell FDCE clocked by dbg_hub/inst/BSCANID.u_xsdbm_id/SWITCH_N_EXT_BSCAN.bscan_inst/SERIES7_BSCAN.bscan_inst/TCK  {rise@0.000ns fall@16.500ns period=33.000ns})
  Path Group:             dbg_hub/inst/BSCANID.u_xsdbm_id/SWITCH_N_EXT_BSCAN.bscan_inst/SERIES7_BSCAN.bscan_inst/TCK
  Path Type:              Setup (Max at Slow Process Corner)
  Requirement:            32.000ns  (MaxDelay Path 32.000ns)
  Data Path Delay:        1.307ns  (logic 0.419ns (32.067%)  route 0.888ns (67.933%))
  Logic Levels:           0  
  Timing Exception:       MaxDelay Path 32.000ns -datapath_only

    Location             Delay type                Incr(ns)  Path(ns)    Netlist Resource(s)
  -------------------------------------------------------------------    -------------------
    SLICE_X76Y40                                      0.000     0.000 r  dbg_hub/inst/BSCANID.u_xsdbm_id/CORE_XSDB.UUT_MASTER/U_ICON_INTERFACE/U_CMD6_WR/U_WR_FIFO/SUBCORE_FIFO.xsdbm_v3_0_3_wrfifo_inst/inst_fifo_gen/gconvfifo.rf/grf.rf/gntv_or_sync_fifo.gcx.clkx/gnxpm_cdc.rd_pntr_gc_reg[0]/C
    SLICE_X76Y40         FDCE (Prop_fdce_C_Q)         0.419     0.419 r  dbg_hub/inst/BSCANID.u_xsdbm_id/CORE_XSDB.UUT_MASTER/U_ICON_INTERFACE/U_CMD6_WR/U_WR_FIFO/SUBCORE_FIFO.xsdbm_v3_0_3_wrfifo_inst/inst_fifo_gen/gconvfifo.rf/grf.rf/gntv_or_sync_fifo.gcx.clkx/gnxpm_cdc.rd_pntr_gc_reg[0]/Q
                         net (fo=1, routed)           0.888     1.307    dbg_hub/inst/BSCANID.u_xsdbm_id/CORE_XSDB.UUT_MASTER/U_ICON_INTERFACE/U_CMD6_WR/U_WR_FIFO/SUBCORE_FIFO.xsdbm_v3_0_3_wrfifo_inst/inst_fifo_gen/gconvfifo.rf/grf.rf/gntv_or_sync_fifo.gcx.clkx/gnxpm_cdc.gsync_stage[1].wr_stg_inst/Q[0]
    SLICE_X76Y39         FDCE                                         r  dbg_hub/inst/BSCANID.u_xsdbm_id/CORE_XSDB.UUT_MASTER/U_ICON_INTERFACE/U_CMD6_WR/U_WR_FIFO/SUBCORE_FIFO.xsdbm_v3_0_3_wrfifo_inst/inst_fifo_gen/gconvfifo.rf/grf.rf/gntv_or_sync_fifo.gcx.clkx/gnxpm_cdc.gsync_stage[1].wr_stg_inst/Q_reg_reg[0]/D
  -------------------------------------------------------------------    -------------------

                         max delay                   32.000    32.000    
    SLICE_X76Y39         FDCE (Setup_fdce_C_D)       -0.267    31.733    dbg_hub/inst/BSCANID.u_xsdbm_id/CORE_XSDB.UUT_MASTER/U_ICON_INTERFACE/U_CMD6_WR/U_WR_FIFO/SUBCORE_FIFO.xsdbm_v3_0_3_wrfifo_inst/inst_fifo_gen/gconvfifo.rf/grf.rf/gntv_or_sync_fifo.gcx.clkx/gnxpm_cdc.gsync_stage[1].wr_stg_inst/Q_reg_reg[0]
  -------------------------------------------------------------------
                         required time                         31.733    
                         arrival time                          -1.307    
  -------------------------------------------------------------------
                         slack                                 30.426    





---------------------------------------------------------------------------------------------------
Path Group:  **async_default**
From Clock:  clkbit_raw
  To Clock:  clkbit_raw

Setup :            0  Failing Endpoints,  Worst Slack       29.156ns,  Total Violation        0.000ns
Hold  :            0  Failing Endpoints,  Worst Slack        0.348ns,  Total Violation        0.000ns
---------------------------------------------------------------------------------------------------


Max Delay Paths
--------------------------------------------------------------------------------------
Slack (MET) :             29.156ns  (required time - arrival time)
  Source:                 dbg_hub/inst/BSCANID.u_xsdbm_id/CORE_XSDB.UUT_MASTER/U_ICON_INTERFACE/U_CMD6_RD/U_RD_FIFO/SUBCORE_FIFO.xsdbm_v3_0_3_rdfifo_inst/inst_fifo_gen/gconvfifo.rf/grf.rf/rstblk/ngwrdrst.grst.g7serrst.gwrrd_rst_sync_stage[2].wrst_inst/Q_reg_reg[0]/C
                            (rising edge-triggered cell FDRE clocked by clkbit_raw  {rise@0.000ns fall@16.000ns period=32.000ns})
  Destination:            dbg_hub/inst/BSCANID.u_xsdbm_id/CORE_XSDB.UUT_MASTER/U_ICON_INTERFACE/U_CMD6_RD/U_RD_FIFO/SUBCORE_FIFO.xsdbm_v3_0_3_rdfifo_inst/inst_fifo_gen/gconvfifo.rf/grf.rf/rstblk/ngwrdrst.grst.g7serrst.wr_rst_reg_reg[0]/PRE
                            (recovery check against rising-edge clock clkbit_raw  {rise@0.000ns fall@16.000ns period=32.000ns})
  Path Group:             **async_default**
  Path Type:              Recovery (Max at Slow Process Corner)
  Requirement:            32.000ns  (clkbit_raw rise@32.000ns - clkbit_raw rise@0.000ns)
  Data Path Delay:        2.327ns  (logic 0.718ns (30.860%)  route 1.609ns (69.140%))
  Logic Levels:           1  (LUT2=1)
  Clock Path Skew:        -0.057ns (DCD - SCD + CPR)
    Destination Clock Delay (DCD):    -1.594ns = ( 30.406 - 32.000 ) 
    Source Clock Delay      (SCD):    -0.962ns
    Clock Pessimism Removal (CPR):    0.576ns
  Clock Uncertainty:      0.101ns  ((TSJ^2 + DJ^2)^1/2) / 2 + PE
    Total System Jitter     (TSJ):    0.071ns
    Discrete Jitter          (DJ):    0.190ns
    Phase Error              (PE):    0.000ns

    Location             Delay type                Incr(ns)  Path(ns)    Netlist Resource(s)
  -------------------------------------------------------------------    -------------------
                         (clock clkbit_raw rise edge)
                                                      0.000     0.000 r  
    M19                                               0.000     0.000 r  clk50 (IN)
                         net (fo=0)                   0.000     0.000    clk50
    M19                  IBUF (Prop_ibuf_I_O)         1.436     1.436 r  clk50_IBUF_inst/O
                         net (fo=1, routed)           1.285     2.721    clk50_IBUF
    MMCME2_ADV_X1Y1      MMCME2_ADV (Prop_mmcme2_adv_CLKIN1_CLKOUT0)
                                                     -7.406    -4.685 r  u_mmcm/CLKOUT0
                         net (fo=1, routed)           1.889    -2.796    clkbit_raw
    BUFGCTRL_X0Y16       BUFG (Prop_bufg_I_O)         0.101    -2.695 r  u_bufg_0/O
                         net (fo=2468, routed)        1.733    -0.962    dbg_hub/inst/BSCANID.u_xsdbm_id/CORE_XSDB.UUT_MASTER/U_ICON_INTERFACE/U_CMD6_RD/U_RD_FIFO/SUBCORE_FIFO.xsdbm_v3_0_3_rdfifo_inst/inst_fifo_gen/gconvfifo.rf/grf.rf/rstblk/ngwrdrst.grst.g7serrst.gwrrd_rst_sync_stage[2].wrst_inst/wr_clk
    SLICE_X79Y39         FDRE                                         r  dbg_hub/inst/BSCANID.u_xsdbm_id/CORE_XSDB.UUT_MASTER/U_ICON_INTERFACE/U_CMD6_RD/U_RD_FIFO/SUBCORE_FIFO.xsdbm_v3_0_3_rdfifo_inst/inst_fifo_gen/gconvfifo.rf/grf.rf/rstblk/ngwrdrst.grst.g7serrst.gwrrd_rst_sync_stage[2].wrst_inst/Q_reg_reg[0]/C
  -------------------------------------------------------------------    -------------------
    SLICE_X79Y39         FDRE (Prop_fdre_C_Q)         0.419    -0.543 r  dbg_hub/inst/BSCANID.u_xsdbm_id/CORE_XSDB.UUT_MASTER/U_ICON_INTERFACE/U_CMD6_RD/U_RD_FIFO/SUBCORE_FIFO.xsdbm_v3_0_3_rdfifo_inst/inst_fifo_gen/gconvfifo.rf/grf.rf/rstblk/ngwrdrst.grst.g7serrst.gwrrd_rst_sync_stage[2].wrst_inst/Q_reg_reg[0]/Q
                         net (fo=1, routed)           0.849     0.306    dbg_hub/inst/BSCANID.u_xsdbm_id/CORE_XSDB.UUT_MASTER/U_ICON_INTERFACE/U_CMD6_RD/U_RD_FIFO/SUBCORE_FIFO.xsdbm_v3_0_3_rdfifo_inst/inst_fifo_gen/gconvfifo.rf/grf.rf/rstblk/ngwrdrst.grst.g7serrst.gwrrd_rst_sync_stage[2].wrst_inst/Q_reg
    SLICE_X79Y39         LUT2 (Prop_lut2_I1_O)        0.299     0.605 f  dbg_hub/inst/BSCANID.u_xsdbm_id/CORE_XSDB.UUT_MASTER/U_ICON_INTERFACE/U_CMD6_RD/U_RD_FIFO/SUBCORE_FIFO.xsdbm_v3_0_3_rdfifo_inst/inst_fifo_gen/gconvfifo.rf/grf.rf/rstblk/ngwrdrst.grst.g7serrst.gwrrd_rst_sync_stage[2].wrst_inst/ngwrdrst.grst.g7serrst.wr_rst_reg[2]_i_1/O
                         net (fo=3, routed)           0.760     1.365    dbg_hub/inst/BSCANID.u_xsdbm_id/CORE_XSDB.UUT_MASTER/U_ICON_INTERFACE/U_CMD6_RD/U_RD_FIFO/SUBCORE_FIFO.xsdbm_v3_0_3_rdfifo_inst/inst_fifo_gen/gconvfifo.rf/grf.rf/rstblk/wr_rst_comb
    SLICE_X81Y41         FDPE                                         f  dbg_hub/inst/BSCANID.u_xsdbm_id/CORE_XSDB.UUT_MASTER/U_ICON_INTERFACE/U_CMD6_RD/U_RD_FIFO/SUBCORE_FIFO.xsdbm_v3_0_3_rdfifo_inst/inst_fifo_gen/gconvfifo.rf/grf.rf/rstblk/ngwrdrst.grst.g7serrst.wr_rst_reg_reg[0]/PRE
  -------------------------------------------------------------------    -------------------

                         (clock clkbit_raw rise edge)
                                                     32.000    32.000 r  
    M19                                               0.000    32.000 r  clk50 (IN)
                         net (fo=0)                   0.000    32.000    clk50
    M19                  IBUF (Prop_ibuf_I_O)         1.366    33.366 r  clk50_IBUF_inst/O
                         net (fo=1, routed)           1.162    34.528    clk50_IBUF
    MMCME2_ADV_X1Y1      MMCME2_ADV (Prop_mmcme2_adv_CLKIN1_CLKOUT0)
                                                     -7.500    27.028 r  u_mmcm/CLKOUT0
                         net (fo=1, routed)           1.725    28.753    clkbit_raw
    BUFGCTRL_X0Y16       BUFG (Prop_bufg_I_O)         0.091    28.844 r  u_bufg_0/O
                         net (fo=2468, routed)        1.561    30.406    dbg_hub/inst/BSCANID.u_xsdbm_id/CORE_XSDB.UUT_MASTER/U_ICON_INTERFACE/U_CMD6_RD/U_RD_FIFO/SUBCORE_FIFO.xsdbm_v3_0_3_rdfifo_inst/inst_fifo_gen/gconvfifo.rf/grf.rf/rstblk/wr_clk
    SLICE_X81Y41         FDPE                                         r  dbg_hub/inst/BSCANID.u_xsdbm_id/CORE_XSDB.UUT_MASTER/U_ICON_INTERFACE/U_CMD6_RD/U_RD_FIFO/SUBCORE_FIFO.xsdbm_v3_0_3_rdfifo_inst/inst_fifo_gen/gconvfifo.rf/grf.rf/rstblk/ngwrdrst.grst.g7serrst.wr_rst_reg_reg[0]/C
                         clock pessimism              0.576    30.981    
                         clock uncertainty           -0.101    30.880    
    SLICE_X81Y41         FDPE (Recov_fdpe_C_PRE)     -0.359    30.521    dbg_hub/inst/BSCANID.u_xsdbm_id/CORE_XSDB.UUT_MASTER/U_ICON_INTERFACE/U_CMD6_RD/U_RD_FIFO/SUBCORE_FIFO.xsdbm_v3_0_3_rdfifo_inst/inst_fifo_gen/gconvfifo.rf/grf.rf/rstblk/ngwrdrst.grst.g7serrst.wr_rst_reg_reg[0]
  -------------------------------------------------------------------
                         required time                         30.521    
                         arrival time                          -1.365    
  -------------------------------------------------------------------
                         slack                                 29.156    





Min Delay Paths
--------------------------------------------------------------------------------------
Slack (MET) :             0.348ns  (arrival time - required time)
  Source:                 dbg_hub/inst/BSCANID.u_xsdbm_id/CORE_XSDB.UUT_MASTER/U_ICON_INTERFACE/U_CMD6_WR/U_WR_FIFO/SUBCORE_FIFO.xsdbm_v3_0_3_wrfifo_inst/inst_fifo_gen/gconvfifo.rf/grf.rf/rstblk/ngwrdrst.grst.g7serrst.rd_rst_reg_reg[1]/C
                            (rising edge-triggered cell FDPE clocked by clkbit_raw  {rise@0.000ns fall@16.000ns period=32.000ns})
  Destination:            dbg_hub/inst/BSCANID.u_xsdbm_id/CORE_XSDB.UUT_MASTER/U_ICON_INTERFACE/U_CMD6_WR/U_WR_FIFO/SUBCORE_FIFO.xsdbm_v3_0_3_wrfifo_inst/inst_fifo_gen/gconvfifo.rf/grf.rf/gntv_or_sync_fifo.gcx.clkx/gnxpm_cdc.gsync_stage[1].rd_stg_inst/Q_reg_reg[1]/CLR
                            (removal check against rising-edge clock clkbit_raw  {rise@0.000ns fall@16.000ns period=32.000ns})
  Path Group:             **async_default**
  Path Type:              Removal (Min at Fast Process Corner)
  Requirement:            0.000ns  (clkbit_raw rise@0.000ns - clkbit_raw rise@0.000ns)
  Data Path Delay:        0.272ns  (logic 0.141ns (51.855%)  route 0.131ns (48.145%))
  Logic Levels:           0  
  Clock Path Skew:        0.016ns (DCD - SCD - CPR)
    Destination Clock Delay (DCD):    -0.898ns
    Source Clock Delay      (SCD):    -0.657ns
    Clock Pessimism Removal (CPR):    -0.257ns

    Location             Delay type                Incr(ns)  Path(ns)    Netlist Resource(s)
  -------------------------------------------------------------------    -------------------
                         (clock clkbit_raw rise edge)
                                                      0.000     0.000 r  
    M19                                               0.000     0.000 r  clk50 (IN)
                         net (fo=0)                   0.000     0.000    clk50
    M19                  IBUF (Prop_ibuf_I_O)         0.205     0.205 r  clk50_IBUF_inst/O
                         net (fo=1, routed)           0.440     0.645    clk50_IBUF
    MMCME2_ADV_X1Y1      MMCME2_ADV (Prop_mmcme2_adv_CLKIN1_CLKOUT0)
                                                     -2.444    -1.799 r  u_mmcm/CLKOUT0
                         net (fo=1, routed)           0.529    -1.270    clkbit_raw
    BUFGCTRL_X0Y16       BUFG (Prop_bufg_I_O)         0.026    -1.244 r  u_bufg_0/O
                         net (fo=2468, routed)        0.587    -0.657    dbg_hub/inst/BSCANID.u_xsdbm_id/CORE_XSDB.UUT_MASTER/U_ICON_INTERFACE/U_CMD6_WR/U_WR_FIFO/SUBCORE_FIFO.xsdbm_v3_0_3_wrfifo_inst/inst_fifo_gen/gconvfifo.rf/grf.rf/rstblk/rd_clk
    SLICE_X79Y40         FDPE                                         r  dbg_hub/inst/BSCANID.u_xsdbm_id/CORE_XSDB.UUT_MASTER/U_ICON_INTERFACE/U_CMD6_WR/U_WR_FIFO/SUBCORE_FIFO.xsdbm_v3_0_3_wrfifo_inst/inst_fifo_gen/gconvfifo.rf/grf.rf/rstblk/ngwrdrst.grst.g7serrst.rd_rst_reg_reg[1]/C
  -------------------------------------------------------------------    -------------------
    SLICE_X79Y40         FDPE (Prop_fdpe_C_Q)         0.141    -0.516 f  dbg_hub/inst/BSCANID.u_xsdbm_id/CORE_XSDB.UUT_MASTER/U_ICON_INTERFACE/U_CMD6_WR/U_WR_FIFO/SUBCORE_FIFO.xsdbm_v3_0_3_wrfifo_inst/inst_fifo_gen/gconvfifo.rf/grf.rf/rstblk/ngwrdrst.grst.g7serrst.rd_rst_reg_reg[1]/Q
                         net (fo=16, routed)          0.131    -0.385    dbg_hub/inst/BSCANID.u_xsdbm_id/CORE_XSDB.UUT_MASTER/U_ICON_INTERFACE/U_CMD6_WR/U_WR_FIFO/SUBCORE_FIFO.xsdbm_v3_0_3_wrfifo_inst/inst_fifo_gen/gconvfifo.rf/grf.rf/gntv_or_sync_fifo.gcx.clkx/gnxpm_cdc.gsync_stage[1].rd_stg_inst/Q_reg_reg[0]_0[0]
    SLICE_X76Y40         FDCE                                         f  dbg_hub/inst/BSCANID.u_xsdbm_id/CORE_XSDB.UUT_MASTER/U_ICON_INTERFACE/U_CMD6_WR/U_WR_FIFO/SUBCORE_FIFO.xsdbm_v3_0_3_wrfifo_inst/inst_fifo_gen/gconvfifo.rf/grf.rf/gntv_or_sync_fifo.gcx.clkx/gnxpm_cdc.gsync_stage[1].rd_stg_inst/Q_reg_reg[1]/CLR
  -------------------------------------------------------------------    -------------------

                         (clock clkbit_raw rise edge)
                                                      0.000     0.000 r  
    M19                                               0.000     0.000 r  clk50 (IN)
                         net (fo=0)                   0.000     0.000    clk50
    M19                  IBUF (Prop_ibuf_I_O)         0.392     0.392 r  clk50_IBUF_inst/O
                         net (fo=1, routed)           0.480     0.872    clk50_IBUF
    MMCME2_ADV_X1Y1      MMCME2_ADV (Prop_mmcme2_adv_CLKIN1_CLKOUT0)
                                                     -3.231    -2.359 r  u_mmcm/CLKOUT0
                         net (fo=1, routed)           0.576    -1.783    clkbit_raw
    BUFGCTRL_X0Y16       BUFG (Prop_bufg_I_O)         0.029    -1.754 r  u_bufg_0/O
                         net (fo=2468, routed)        0.856    -0.898    dbg_hub/inst/BSCANID.u_xsdbm_id/CORE_XSDB.UUT_MASTER/U_ICON_INTERFACE/U_CMD6_WR/U_WR_FIFO/SUBCORE_FIFO.xsdbm_v3_0_3_wrfifo_inst/inst_fifo_gen/gconvfifo.rf/grf.rf/gntv_or_sync_fifo.gcx.clkx/gnxpm_cdc.gsync_stage[1].rd_stg_inst/rd_clk
    SLICE_X76Y40         FDCE                                         r  dbg_hub/inst/BSCANID.u_xsdbm_id/CORE_XSDB.UUT_MASTER/U_ICON_INTERFACE/U_CMD6_WR/U_WR_FIFO/SUBCORE_FIFO.xsdbm_v3_0_3_wrfifo_inst/inst_fifo_gen/gconvfifo.rf/grf.rf/gntv_or_sync_fifo.gcx.clkx/gnxpm_cdc.gsync_stage[1].rd_stg_inst/Q_reg_reg[1]/C
                         clock pessimism              0.257    -0.641    
    SLICE_X76Y40         FDCE (Remov_fdce_C_CLR)     -0.092    -0.733    dbg_hub/inst/BSCANID.u_xsdbm_id/CORE_XSDB.UUT_MASTER/U_ICON_INTERFACE/U_CMD6_WR/U_WR_FIFO/SUBCORE_FIFO.xsdbm_v3_0_3_wrfifo_inst/inst_fifo_gen/gconvfifo.rf/grf.rf/gntv_or_sync_fifo.gcx.clkx/gnxpm_cdc.gsync_stage[1].rd_stg_inst/Q_reg_reg[1]
  -------------------------------------------------------------------
                         required time                          0.733    
                         arrival time                          -0.385    
  -------------------------------------------------------------------
                         slack                                  0.348    





---------------------------------------------------------------------------------------------------
Path Group:  **async_default**
From Clock:  dbg_hub/inst/BSCANID.u_xsdbm_id/SWITCH_N_EXT_BSCAN.bscan_inst/SERIES7_BSCAN.bscan_inst/TCK
  To Clock:  dbg_hub/inst/BSCANID.u_xsdbm_id/SWITCH_N_EXT_BSCAN.bscan_inst/SERIES7_BSCAN.bscan_inst/TCK

Setup :            0  Failing Endpoints,  Worst Slack       27.962ns,  Total Violation        0.000ns
Hold  :            0  Failing Endpoints,  Worst Slack        0.319ns,  Total Violation        0.000ns
---------------------------------------------------------------------------------------------------


Max Delay Paths
--------------------------------------------------------------------------------------
Slack (MET) :             27.962ns  (required time - arrival time)
  Source:                 dbg_hub/inst/BSCANID.u_xsdbm_id/SWITCH_N_EXT_BSCAN.bscan_switch/portno_reg[1]/C
                            (rising edge-triggered cell FDRE clocked by dbg_hub/inst/BSCANID.u_xsdbm_id/SWITCH_N_EXT_BSCAN.bscan_inst/SERIES7_BSCAN.bscan_inst/TCK  {rise@0.000ns fall@16.500ns period=33.000ns})
  Destination:            dbg_hub/inst/BSCANID.u_xsdbm_id/CORE_XSDB.U_ICON/U_CMD/iTARGET_reg[10]/CLR
                            (recovery check against rising-edge clock dbg_hub/inst/BSCANID.u_xsdbm_id/SWITCH_N_EXT_BSCAN.bscan_inst/SERIES7_BSCAN.bscan_inst/TCK  {rise@0.000ns fall@16.500ns period=33.000ns})
  Path Group:             **async_default**
  Path Type:              Recovery (Max at Slow Process Corner)
  Requirement:            33.000ns  (dbg_hub/inst/BSCANID.u_xsdbm_id/SWITCH_N_EXT_BSCAN.bscan_inst/SERIES7_BSCAN.bscan_inst/TCK rise@33.000ns - dbg_hub/inst/BSCANID.u_xsdbm_id/SWITCH_N_EXT_BSCAN.bscan_inst/SERIES7_BSCAN.bscan_inst/TCK rise@0.000ns)
  Data Path Delay:        4.435ns  (logic 1.058ns (23.857%)  route 3.377ns (76.143%))
  Logic Levels:           3  (LUT1=1 LUT4=1 LUT6=1)
  Clock Path Skew:        -0.163ns (DCD - SCD + CPR)
    Destination Clock Delay (DCD):    3.644ns = ( 36.644 - 33.000 ) 
    Source Clock Delay      (SCD):    4.129ns
    Clock Pessimism Removal (CPR):    0.322ns
  Clock Uncertainty:      0.035ns  ((TSJ^2 + TIJ^2)^1/2 + DJ) / 2 + PE
    Total System Jitter     (TSJ):    0.071ns
    Total Input Jitter      (TIJ):    0.000ns
    Discrete Jitter          (DJ):    0.000ns
    Phase Error              (PE):    0.000ns

    Location             Delay type                Incr(ns)  Path(ns)    Netlist Resource(s)
  -------------------------------------------------------------------    -------------------
                         (clock dbg_hub/inst/BSCANID.u_xsdbm_id/SWITCH_N_EXT_BSCAN.bscan_inst/SERIES7_BSCAN.bscan_inst/TCK rise edge)
                                                      0.000     0.000 r  
    BSCAN_X0Y0           BSCANE2                      0.000     0.000 r  dbg_hub/inst/BSCANID.u_xsdbm_id/SWITCH_N_EXT_BSCAN.bscan_inst/SERIES7_BSCAN.bscan_inst/TCK
                         net (fo=1, routed)           2.306     2.306    dbg_hub/inst/BSCANID.u_xsdbm_id/tck_bs
    BUFGCTRL_X0Y0        BUFG (Prop_bufg_I_O)         0.101     2.407 r  dbg_hub/inst/BSCANID.u_xsdbm_id/SWITCH_N_EXT_BSCAN.u_bufg_icon_tck/O
                         net (fo=482, routed)         1.722     4.129    dbg_hub/inst/BSCANID.u_xsdbm_id/SWITCH_N_EXT_BSCAN.bscan_switch/s_bscan_tck
    SLICE_X80Y59         FDRE                                         r  dbg_hub/inst/BSCANID.u_xsdbm_id/SWITCH_N_EXT_BSCAN.bscan_switch/portno_reg[1]/C
  -------------------------------------------------------------------    -------------------
    SLICE_X80Y59         FDRE (Prop_fdre_C_Q)         0.456     4.585 f  dbg_hub/inst/BSCANID.u_xsdbm_id/SWITCH_N_EXT_BSCAN.bscan_switch/portno_reg[1]/Q
                         net (fo=1, routed)           0.861     5.446    dbg_hub/inst/BSCANID.u_xsdbm_id/SWITCH_N_EXT_BSCAN.bscan_switch/portno[1]
    SLICE_X80Y59         LUT6 (Prop_lut6_I3_O)        0.124     5.570 f  dbg_hub/inst/BSCANID.u_xsdbm_id/SWITCH_N_EXT_BSCAN.bscan_switch/m_bscan_drck[0]_INST_0_i_1/O
                         net (fo=5, routed)           1.149     6.719    dbg_hub/inst/BSCANID.u_xsdbm_id/SWITCH_N_EXT_BSCAN.bscan_switch/m_bscan_drck[0]_INST_0_i_1_n_0
    SLICE_X80Y57         LUT4 (Prop_lut4_I3_O)        0.152     6.871 r  dbg_hub/inst/BSCANID.u_xsdbm_id/SWITCH_N_EXT_BSCAN.bscan_switch/m_bscan_sel[0]_INST_0/O
                         net (fo=2, routed)           0.522     7.393    dbg_hub/inst/BSCANID.u_xsdbm_id/CORE_XSDB.U_ICON/U_CMD/iTARGET_reg[6]_0
    SLICE_X80Y50         LUT1 (Prop_lut1_I0_O)        0.326     7.719 f  dbg_hub/inst/BSCANID.u_xsdbm_id/CORE_XSDB.U_ICON/U_CMD/iTARGET[15]_i_2/O
                         net (fo=10, routed)          0.845     8.564    dbg_hub/inst/BSCANID.u_xsdbm_id/CORE_XSDB.U_ICON/U_CMD/iSEL_n
    SLICE_X79Y49         FDCE                                         f  dbg_hub/inst/BSCANID.u_xsdbm_id/CORE_XSDB.U_ICON/U_CMD/iTARGET_reg[10]/CLR
  -------------------------------------------------------------------    -------------------

                         (clock dbg_hub/inst/BSCANID.u_xsdbm_id/SWITCH_N_EXT_BSCAN.bscan_inst/SERIES7_BSCAN.bscan_inst/TCK rise edge)
                                                     33.000    33.000 r  
    BSCAN_X0Y0           BSCANE2                      0.000    33.000 r  dbg_hub/inst/BSCANID.u_xsdbm_id/SWITCH_N_EXT_BSCAN.bscan_inst/SERIES7_BSCAN.bscan_inst/TCK
                         net (fo=1, routed)           1.994    34.994    dbg_hub/inst/BSCANID.u_xsdbm_id/tck_bs
    BUFGCTRL_X0Y0        BUFG (Prop_bufg_I_O)         0.091    35.085 r  dbg_hub/inst/BSCANID.u_xsdbm_id/SWITCH_N_EXT_BSCAN.u_bufg_icon_tck/O
                         net (fo=482, routed)         1.559    36.644    dbg_hub/inst/BSCANID.u_xsdbm_id/CORE_XSDB.U_ICON/U_CMD/m_bscan_tck[0]
    SLICE_X79Y49         FDCE                                         r  dbg_hub/inst/BSCANID.u_xsdbm_id/CORE_XSDB.U_ICON/U_CMD/iTARGET_reg[10]/C
                         clock pessimism              0.322    36.966    
                         clock uncertainty           -0.035    36.931    
    SLICE_X79Y49         FDCE (Recov_fdce_C_CLR)     -0.405    36.526    dbg_hub/inst/BSCANID.u_xsdbm_id/CORE_XSDB.U_ICON/U_CMD/iTARGET_reg[10]
  -------------------------------------------------------------------
                         required time                         36.526    
                         arrival time                          -8.564    
  -------------------------------------------------------------------
                         slack                                 27.962    





Min Delay Paths
--------------------------------------------------------------------------------------
Slack (MET) :             0.319ns  (arrival time - required time)
  Source:                 dbg_hub/inst/BSCANID.u_xsdbm_id/CORE_XSDB.UUT_MASTER/U_ICON_INTERFACE/U_CMD6_RD/U_RD_FIFO/SUBCORE_FIFO.xsdbm_v3_0_3_rdfifo_inst/inst_fifo_gen/gconvfifo.rf/grf.rf/rstblk/ngwrdrst.grst.g7serrst.rd_rst_reg_reg[1]/C
                            (rising edge-triggered cell FDPE clocked by dbg_hub/inst/BSCANID.u_xsdbm_id/SWITCH_N_EXT_BSCAN.bscan_inst/SERIES7_BSCAN.bscan_inst/TCK  {rise@0.000ns fall@16.500ns period=33.000ns})
  Destination:            dbg_hub/inst/BSCANID.u_xsdbm_id/CORE_XSDB.UUT_MASTER/U_ICON_INTERFACE/U_CMD6_RD/U_RD_FIFO/SUBCORE_FIFO.xsdbm_v3_0_3_rdfifo_inst/inst_fifo_gen/gconvfifo.rf/grf.rf/gntv_or_sync_fifo.gcx.clkx/gnxpm_cdc.gsync_stage[1].rd_stg_inst/Q_reg_reg[2]/CLR
                            (removal check against rising-edge clock dbg_hub/inst/BSCANID.u_xsdbm_id/SWITCH_N_EXT_BSCAN.bscan_inst/SERIES7_BSCAN.bscan_inst/TCK  {rise@0.000ns fall@16.500ns period=33.000ns})
  Path Group:             **async_default**
  Path Type:              Removal (Min at Fast Process Corner)
  Requirement:            0.000ns  (dbg_hub/inst/BSCANID.u_xsdbm_id/SWITCH_N_EXT_BSCAN.bscan_inst/SERIES7_BSCAN.bscan_inst/TCK rise@0.000ns - dbg_hub/inst/BSCANID.u_xsdbm_id/SWITCH_N_EXT_BSCAN.bscan_inst/SERIES7_BSCAN.bscan_inst/TCK rise@0.000ns)
  Data Path Delay:        0.268ns  (logic 0.141ns (52.699%)  route 0.127ns (47.301%))
  Logic Levels:           0  
  Clock Path Skew:        0.016ns (DCD - SCD - CPR)
    Destination Clock Delay (DCD):    2.045ns
    Source Clock Delay      (SCD):    1.641ns
    Clock Pessimism Removal (CPR):    0.387ns

    Location             Delay type                Incr(ns)  Path(ns)    Netlist Resource(s)
  -------------------------------------------------------------------    -------------------
                         (clock dbg_hub/inst/BSCANID.u_xsdbm_id/SWITCH_N_EXT_BSCAN.bscan_inst/SERIES7_BSCAN.bscan_inst/TCK rise edge)
                                                      0.000     0.000 r  
    BSCAN_X0Y0           BSCANE2                      0.000     0.000 r  dbg_hub/inst/BSCANID.u_xsdbm_id/SWITCH_N_EXT_BSCAN.bscan_inst/SERIES7_BSCAN.bscan_inst/TCK
                         net (fo=1, routed)           1.028     1.028    dbg_hub/inst/BSCANID.u_xsdbm_id/tck_bs
    BUFGCTRL_X0Y0        BUFG (Prop_bufg_I_O)         0.026     1.054 r  dbg_hub/inst/BSCANID.u_xsdbm_id/SWITCH_N_EXT_BSCAN.u_bufg_icon_tck/O
                         net (fo=482, routed)         0.588     1.641    dbg_hub/inst/BSCANID.u_xsdbm_id/CORE_XSDB.UUT_MASTER/U_ICON_INTERFACE/U_CMD6_RD/U_RD_FIFO/SUBCORE_FIFO.xsdbm_v3_0_3_rdfifo_inst/inst_fifo_gen/gconvfifo.rf/grf.rf/rstblk/rd_clk
    SLICE_X89Y43         FDPE                                         r  dbg_hub/inst/BSCANID.u_xsdbm_id/CORE_XSDB.UUT_MASTER/U_ICON_INTERFACE/U_CMD6_RD/U_RD_FIFO/SUBCORE_FIFO.xsdbm_v3_0_3_rdfifo_inst/inst_fifo_gen/gconvfifo.rf/grf.rf/rstblk/ngwrdrst.grst.g7serrst.rd_rst_reg_reg[1]/C
  -------------------------------------------------------------------    -------------------
    SLICE_X89Y43         FDPE (Prop_fdpe_C_Q)         0.141     1.782 f  dbg_hub/inst/BSCANID.u_xsdbm_id/CORE_XSDB.UUT_MASTER/U_ICON_INTERFACE/U_CMD6_RD/U_RD_FIFO/SUBCORE_FIFO.xsdbm_v3_0_3_rdfifo_inst/inst_fifo_gen/gconvfifo.rf/grf.rf/rstblk/ngwrdrst.grst.g7serrst.rd_rst_reg_reg[1]/Q
                         net (fo=16, routed)          0.127     1.909    dbg_hub/inst/BSCANID.u_xsdbm_id/CORE_XSDB.UUT_MASTER/U_ICON_INTERFACE/U_CMD6_RD/U_RD_FIFO/SUBCORE_FIFO.xsdbm_v3_0_3_rdfifo_inst/inst_fifo_gen/gconvfifo.rf/grf.rf/gntv_or_sync_fifo.gcx.clkx/gnxpm_cdc.gsync_stage[1].rd_stg_inst/Q_reg_reg[0]_0[0]
    SLICE_X86Y43         FDCE                                         f  dbg_hub/inst/BSCANID.u_xsdbm_id/CORE_XSDB.UUT_MASTER/U_ICON_INTERFACE/U_CMD6_RD/U_RD_FIFO/SUBCORE_FIFO.xsdbm_v3_0_3_rdfifo_inst/inst_fifo_gen/gconvfifo.rf/grf.rf/gntv_or_sync_fifo.gcx.clkx/gnxpm_cdc.gsync_stage[1].rd_stg_inst/Q_reg_reg[2]/CLR
  -------------------------------------------------------------------    -------------------

                         (clock dbg_hub/inst/BSCANID.u_xsdbm_id/SWITCH_N_EXT_BSCAN.bscan_inst/SERIES7_BSCAN.bscan_inst/TCK rise edge)
                                                      0.000     0.000 r  
    BSCAN_X0Y0           BSCANE2                      0.000     0.000 r  dbg_hub/inst/BSCANID.u_xsdbm_id/SWITCH_N_EXT_BSCAN.bscan_inst/SERIES7_BSCAN.bscan_inst/TCK
                         net (fo=1, routed)           1.160     1.160    dbg_hub/inst/BSCANID.u_xsdbm_id/tck_bs
    BUFGCTRL_X0Y0        BUFG (Prop_bufg_I_O)         0.029     1.189 r  dbg_hub/inst/BSCANID.u_xsdbm_id/SWITCH_N_EXT_BSCAN.u_bufg_icon_tck/O
                         net (fo=482, routed)         0.856     2.045    dbg_hub/inst/BSCANID.u_xsdbm_id/CORE_XSDB.UUT_MASTER/U_ICON_INTERFACE/U_CMD6_RD/U_RD_FIFO/SUBCORE_FIFO.xsdbm_v3_0_3_rdfifo_inst/inst_fifo_gen/gconvfifo.rf/grf.rf/gntv_or_sync_fifo.gcx.clkx/gnxpm_cdc.gsync_stage[1].rd_stg_inst/rd_clk
    SLICE_X86Y43         FDCE                                         r  dbg_hub/inst/BSCANID.u_xsdbm_id/CORE_XSDB.UUT_MASTER/U_ICON_INTERFACE/U_CMD6_RD/U_RD_FIFO/SUBCORE_FIFO.xsdbm_v3_0_3_rdfifo_inst/inst_fifo_gen/gconvfifo.rf/grf.rf/gntv_or_sync_fifo.gcx.clkx/gnxpm_cdc.gsync_stage[1].rd_stg_inst/Q_reg_reg[2]/C
                         clock pessimism             -0.387     1.657    
    SLICE_X86Y43         FDCE (Remov_fdce_C_CLR)     -0.067     1.590    dbg_hub/inst/BSCANID.u_xsdbm_id/CORE_XSDB.UUT_MASTER/U_ICON_INTERFACE/U_CMD6_RD/U_RD_FIFO/SUBCORE_FIFO.xsdbm_v3_0_3_rdfifo_inst/inst_fifo_gen/gconvfifo.rf/grf.rf/gntv_or_sync_fifo.gcx.clkx/gnxpm_cdc.gsync_stage[1].rd_stg_inst/Q_reg_reg[2]
  -------------------------------------------------------------------
                         required time                         -1.590    
                         arrival time                           1.909    
  -------------------------------------------------------------------
                         slack                                  0.319    





